88381546413195830490356121814345177109849335243162749316048866938595612502926212981848292492799412243073940471444121917248865926738905612439870244913151 64218810558740563140523487819107757888440276254108068749178412659892006092087496766342015422980772682251456393647035 127875423452346844401341375376253832011071171968812185423725501270134497592697136295180911649365527073307729325931112 40007883273682321382678831779922319250661 390
0x00ccba82865880a432bda71ef7b561edf8ee55cab685319923d0ab7a41a691c1a1b95cb3c71f0d96216fb8104a1f43d6e4bc5ef5bf34d5a2a6cd6839e713525d
0x01a15df7c9d433aaf639d81e3f644459c40f9c76de2c3ea87d8c071777a8a4e999282fd16a9310b170de64c7955aaeaf318b3f9574516803cffc8a853097d480
88381546413195830490356121814345177109849335243162749316048866938595612502926212981848292492799412243073940471444121917248865926738905612439870244913151 584404634457976547447094208218927796504241885253769755099094459197916829793685909199165286644881268683277309011427775 543141284133072202825523247692933401401032211566899930871661747192655954616590378410251147723638244684182076650390960 97325858456246965185347901812095495301825 390
0x00bda91350a069ebb26f3d8e6005919a4d9edc614a3cf1a7b73bf61450088c70682ec692928bea29101cd0d27e8c657782522283d48197148fe6161b77716248
0x0057fdd211f78a21b60b2b2223b8830ac8e28d383217c0d97227368fb0f85bd586cd4139144b8aac913cd25bed745775c8ebe39c3786598bbf9b02a8f8321a26
88381546413195830490356121814345177109849335243162749316048866938595612502926212981848292492799412243073940471444121917248865926738905612439870244913151 390043863738437245633907750100314474295240166393194779093864941560227801732577879204297558677317298944569110540339467 335157863553795351214287752611993579459622149907171674218073393040203172720768831788128072197765264041318852090039820 90202752152568847754440054701576578207363 390
0x008ab147a10738809f998b58f78380229694affd9ae6b050217cd94433db94b6153acd9c827b77846e2b9978503c6f32ddaafddf4caaf9de628805863f56998a
0x0184f7143206d4a48720bc195a6ac3edb9bd8d0f97f476a8f0f38c347bdba496d2732f5ba94b67741690b804bc0ffedfd58e0f73f1ab850e82ef9c24ca2ca49d
88381546413195830490356121814345177109849335243162749316048866938595612502926212981848292492799412243073940471444121917248865926738905612439870244913151 944515464673065587434017726117246971323557581500816651556606144983809504823709665871084997367736155903365703642872729 434661499169660541740911736359662105203832177919539807063513891209709115163590606552257437205513691611192221262650088 -121316448900090865596678171850116657307719 390
0x00567606e604ef01748be0b24833218c8998f07d3021fc33d2d79bd0f9ada8256424d48a91b1a6dac6c22777d966e7312f76ac5bbc243ab72f3fd3f788d592be
0x00bf4aa06fceb36891eafe47d77f2b6d1baf808cea8c8195ea1de5db1a30276567c427adabfbcdcd57e41052831e374672a6aa4690ee5a0d3de7c798ab4b5e8e
88381546413195830490356121814345177109849335243162749316048866938595612502926212981848292492799412243073940471444121917248865926738905612439870244913151 1025485367733341383297586630501910682592013263601983655278844237915484657329508050394153205374202694491553064224619185 260704984201335577136136669690990873748504900713190949017871390015012351121100404632526043292433352964015733784515008 -128809130512205276762855016802442614211249 390
0x00e7f3ca5e06730aad1cfacfa2ec117a8d5627b17226341ae094059f90ccf82c8745c76d5cd9145ba482cd6c4d15757ebe1daf43a92d164da20cd1dd3cbb7770
0x0033860e7e836832e3da5ac4a81d420b218c1189e67bcbd1ce1cf3be7c6e09e4b70c73d95efe20dbbf87f5c2eaf9394e6197ae67688314e0f476d86859d2e87a
88381546413195830490356121814345177109849335243162749316048866938595612502926212981848292492799412243073940471444121917248865926738905612439870244913151 879714387081718471221099898939498095548322128591002291664014797744969701190194872209699989675761138586116419222326155 423083567664260239038352623256105440610952321509980506621219678068561924379929949429690363405585444371467269693362708 119660524389734622887436382979541777769091 390
0x0189126a862580b1d9de8c5c940d3b1eba485650c8f42bc6b02c435aa2a75f02b6d86a356ebd01927d2c3265dd32d12c74c4a6ca0fea6e35979ecccf72e5dc7b
0x017bf4354f1d14d8226ce421f3c5887e8a1e0219f2de5a7c7d6211abeb53fbe92f2088444a1c358697ac412e16060b01f3ccc5254c50cd5ef1a758bb68959dc6
88381546413195830490356121814345177109849335243162749316048866938595612502926212981848292492799412243073940471444121917248865926738905612439870244913151 258826283783863608189846378626607949990111576595997201187075061211564736575889596117915725065160403420558769538742813 503364639788561574633947402570014141627085840376434067186327078454476987297699790896000304591520892616977191908642412 61319574113445132544496177963197539990757 390
0x010a2a47b3f4f9cdb0d657d783c27cc137bc7293394c0110ddcc3a90328311e7509b245ec09456db1d3f19814f40280f2b93562696d8fddf60568f530b8a9940
0x007c1968fd58295b81f17f057f5d506101df07ca4de75360f0113da560dc359effb089440f47a76dab81e71569ec772b848bb56e0a8e0b83bd8264d1426e596b
88381546413195830490356121814345177109849335243162749316048866938595612502926212981848292492799412243073940471444121917248865926738905612439870244913151 660497874207262554927653598234098255390276906713307634388242409811264904953617234038273349331225523447014610692816455 485541028516366560286031308598601799993135211735078732191558125801156798311179527799960598011297957327214979691326248 -106028477828691231296697351644408528727079 390
0x0179742ee24618dff2c5f9c8affd44aeace4693dca3fd4bca431ad8fa57b2e860ed02eddc76e7e03b5cb5db3a9ab6bf493aed12be95f8adf32ecd6c902c6e3ce
0x0192cb59c235c44ce341fd4af42ec51ab17d496544978251f40f02a392c8894fe7eb4608d011488bd9436a34cf6a878c480f0bf5c6ab880398f2a58a86cd4a9f
88381546413195830490356121814345177109849335243162749316048866938595612502926212981848292492799412243073940471444121917248865926738905612439870244913151 586550160275490875086481148066314737801740215369301640385777104451784208613117078418680976773668503214864843084838199 925160052187999370422075906159619466303700656736268709798169025016092167018188328484598119801295788779192505773617740 -56201023843511052266704124017830071189425 390
0x00d5eb8e1903e470a5a55462934ce20922c99b5e28b0d90c5f790a11f06b717b2f14dded8f7053d66b08e70f56f1b756a4e350ed6fcb4a40d226fa9d2aa36ac5
0x001dbf05c66b27e831cdb1935921ef9bfb1e0a97625a7820f4bc93cff85f7ae817494cc8ae081b8922aca8856a70ce098441dd36c374870fe34b295d9a7c75e4
88381546413195830490356121814345177109849335243162749316048866938595612502926212981848292492799412243073940471444121917248865926738905612439870244913151 385608399018822456616356512857385423357677734226408526058922968141305362780779596526621266304063938664515736649135927 579920217624071509935838842231166123542624579544837302877039832393957618305696654878927640534831402428582828512668888 74261074839237118653276270961879481161495 390
0x00dace52b983bce7cd4af8d6d5d29e771acf492ee5a30c4192fbdc1384db2e7fc0cbe8f9b60e4397bd4ba08e56045bec0a978e8aeb3e862deee388d7e566190e
0x012cfcb283d52be5625a49439c3c88181b1ea2da9fd62ab34bbae120a09ce0bab543f28bd02b79e0d0967c55a66cf431c55ba7f37ddd849a0e3d2f089d43a571
88381546413195830490356121814345177109849335243162749316048866938595612502926212981848292492799412243073940471444121917248865926738905612439870244913151 1234835757254755295000637466465302109586577449703989246964617562487594938340783787916640066601536910222277622325607389 534937635331816756696318999503799136143420244953453358083129176974939191082387649076574617649866375889217231569996708 -121417663872032595596513584519546432200549 390
0x014d7754a8518cd1153cf765abfe65fab805398fd0a7acb7b99ec904ed46c802761c0d345a4c382e49a5e9790c6046a910d7c44cabe08568497bf6e5f2895796
0x01a56f56374b97513b2c80c6272683f857482a3a793049f20600220281b7c1b12c03d60f0ab933fbf5eb2530b31b9be010b1ecac91558469f373c69cde522209
88381546413195830490356121814345177109849335243162749316048866938595612502926212981848292492799412243073940471444121917248865926738905612439870244913151 996838934228514082677848171226413778797862978032691272499471137158398200015482317689918491774052345323852840011989495 997257945270852337009188073194020099996713037331485697089545431538810599042133489149007312777409655562824309074327372 77112445673552243250222513037963231716111 390
0x00feb2ef42ec5211f944c782c41238ca3d6469edeebb6946d6b5e05d45ab52c2967b2ad464181984359f781f3e0c16f6b6498653ec3c58931cfac16ff939b23a
0x001dcd1c2ab730687c33b3349095a979f5d264508a8cd97a319a62574f5871a19b6c012efd618e8b8a8a134d34deab808e9aead3f37fc0ee27b5c210dd900120
88381546413195830490356121814345177109849335243162749316048866938595612502926212981848292492799412243073940471444121917248865926738905612439870244913151 311384706068262594188962033449101822220064534069995443216420215886219329512784314909165037177038699222068000440660623 665063485550310363498073454705669171279753684735767273220384928049347710307331768968083189967065642986734862183932692 -52753282072061400346449225734426119443047 390
0x00a81570fb1c260246e1328c5c60f0be49d64de1b8e4bdba238bc3e1cca00a89b4ef66a276c4d1e2d2b1a6f35650b09fc9ea929fbafb04f3110785b03c4be4df
0x00c6662898cce0cfa4ba71fdb69d432390f677671db874c9ac264fb4fdebab147d0cbee674f067a34636c9ce773cb453242d0e94c8e3e90e4c8b7135a8bd606d
88381546413195830490356121814345177109849335243162749316048866938595612502926212981848292492799412243073940471444121917248865926738905612439870244913151 203650805694224997074573652727102559638684530137955604390533215074281874718967241816105116340430389313915763635485105 562904953317676815803665213349252526561796347172962407251539432793203736849164138391244172027334082519238028498052796 41907135931535029850015824340473720970727 390
0x01541732cade4a9d95acb682b7c9e26a3481b29b9f7d7f882950627aad8335fd5805b647813b389c94e53187a41a4e8aa173e1739f05753f6e61eb68527839ab
0x007cba82b9eece9deffda77e94d146ea74e77e25e87f30f3be4902792f14bdc2add654838fc469ad5e59de607c38b4affa80f5d72d9ac9e6571493d97251c421
88381546413195830490356121814345177109849335243162749316048866938595612502926212981848292492799412243073940471444121917248865926738905612439870244913151 297104425935842065172548522339138984493625714355951063592332896745183281526907359815479243733141236531138830874968939 596115235202397231873313448907766384910852197138285382198375911402957980077118774831218177335815830679510118625040184 58801766457023305816349136130371162988597 390
0x013c9c338bfe7858c154a0c8895fbfa33691f4d88c05cd7398ae0b1de088c2838cb99d995670d3b3d8cfab750c6965fc27f06d8743064b3b488bca059fea167f
0x0195887ba7372777a591db4db62a41b076567245c34bea382d6ad173db486016ef193e420e733bcb0829263c32edf1787b0ad3d97b1c57f062f3e3a54bc715e3
88381546413195830490356121814345177109849335243162749316048866938595612502926212981848292492799412243073940471444121917248865926738905612439870244913151 1175460362095901227263904624774438747560871191146157490015754316374207780242915114027155623902217414077304201611206919 1157885949082015344099187450933282813095027715444828408670616213284124935036575171944369633440959823695682176303205088 -52303859374127427412388109721400076030201 390
0x011d295208977675379f1e304bb29c537cbd32dfb13ee733096328f12d67f33cceba874cc3a4f478d4a8b4a0e08e299f196a295a6133a0c204c2f532481046ac
0x00953260cf7116789199e7711615d33486e3ffb1f12d9d8891f3d3a2aa6fca6ddfecf993cf77737f579f413b750049300e12289faa1d8b2b960167a3c3b66ad3
88381546413195830490356121814345177109849335243162749316048866938595612502926212981848292492799412243073940471444121917248865926738905612439870244913151 1145961394488119807157064215575257405588617502318539484854918572659137105492249221229395777716532908553147892971897617 1223304839058938373912404652917547011154167633072494894591046955036942577163907592078408409153576773429779211661470012 30104994928035957098818141183352710204025 390
0x0016b2b7538f28049eaa90ddd9a2eb9200369aa5987306ba71faf65a6cd24db56f2a073dc5f7e7e1174d86e85bebf9d16167d609940b5394fcb7178fdccf7417
0x01880b4ce3949707e32a1c04f9d9c7b8bbca43d3ec1459f1cfdcccbd0732dfd032ebdd9c90aac7baac4343ca1ab0d7ba0a47a9de4207e85c7fc1da092c032453
88381546413195830490356121814345177109849335243162749316048866938595612502926212981848292492799412243073940471444121917248865926738905612439870244913151 1248188942253782761782944537054382356563072617521214579180119748192147759107529200553804816999830426914615290842771993 836284298645878419930116060153715129821282069438050522443666483355786044192559177851441334729329369485259355141116968 100363159290389658488179903190289646141497 390
0x000e6313c49fa2a62480f493425cc88e3fccae25863d3155976176ad1bfcbc1a0b8d959ae35229695a9bf65b6271ebe401ddfb1ccf255b9eedece697dc2f8bf6
0x0136f267855704a2a995743d243a688a36d090d72a4bd82cbf04a5c1c830d8e05bf0a3fa35c626d71fdcb717960594687285045f4ebec495993a31debd3ed8df
88381546413195830490356121814345177109849335243162749316048866938595612502926212981848292492799412243073940471444121917248865926738905612439870244913151 178479699074117083279712967917632320823666506393019278387949798259051641254100747635570816018608232477052315719053185 380577192701985250027299019721981654154128472789833201771310612033427610169341355356409750498764946134248997542124488 55616699261950050251327729182609019741089 390
0x0124316984a75e9048ff0e8c2178e37ac7923b29fd4cd6072fca65c309090d8cb37b75965b074ad363bbd6e3cc41bee3be317ffc75f70a68d27b20b0196076ea
0x0123530cde23d3592a9caede2fff513fef1b53c38419652c234673f67f49d00526462e3f2dbcb8534820291a25d615e37696e4acd7b3f546e21a78ea2550d0ff
88381546413195830490356121814345177109849335243162749316048866938595612502926212981848292492799412243073940471444121917248865926738905612439870244913151 137475964313327355321899230400922512440900748381206861181373725148996554203761932343886410620381681009795022498542493 518780007655609768701066027008570816473746619145929497875313856178508906038155198136040437787172893542299643652689388 25759273391389854701499937380517448950683 390
0x005e1256b05aa482b4e039e081b8349b0e5ad28ba0ec4712eff6cb145fe7a9971d4e603f9d4a3832b77d37a1f1220db6d3d1a72bd5bc4572cd5441e51e1a363d
0x00f4b3c65be765de1b58f453c8c5f66f298fc43aa595a67be7767c4b365d34d83e059c897376372a31ce3f1827b82eae25eb3a7289ce3a9cdf609c8c2baf1b9d
88381546413195830490356121814345177109849335243162749316048866938595612502926212981848292492799412243073940471444121917248865926738905612439870244913151 577545125234906178098552559838957555175318214510727328607274812722815910104190083240757910378535175281794300430990199 973648139082834811225254104084321941027104180816587437445364707708507899456181893553939065714314873168218950591090928 -44480330520089464832036879119168068357879 390
0x01190f0ec5abe8b11a453f7e4393833d55cf67f6b1cb3e960555afcbe4de6307b63b0af23b5199f61e2515625302cabf85f6072e76a72deabff574180bcaed01
0x019989db3c4ade7fce573d6f38d08305bbd8dde584efaac3857012c6f4e0430995e36a378a893a08fbebcc77ad3ba29dd07186c7dda17a211336c6f1110ea46f
88381546413195830490356121814345177109849335243162749316048866938595612502926212981848292492799412243073940471444121917248865926738905612439870244913151 1140216976186434099142813505996657997408980673729849731197223933357810775496070899369240885028306430709526314328960799 69513905934910238690346457407455862125044185927535119503601820860540717370977041281312227330303339017863797916595188 133297819186227799610672070402965725408009 390
0x01529aee6a4e8c1b30b25aab1d8b6548db309b431a8f66c65fe6018ea2850733ceec1bbfa30619b4b363c31918c3c309428f857ffcf214674e8a27280099f3e5
0x0139c68101338fe094ffb089e9bcfc7b681216a6eaf56fdb2413130d9c52276c358af4fec1b28ab1078c12147a7d993a28cb0bb888bbede7eff8b442d5d69d42
88381546413195830490356121814345177109849335243162749316048866938595612502926212981848292492799412243073940471444121917248865926738905612439870244913151 146334393771222229924992155048778832706337786022083384842228786837818478695395421638496832942756194418555107671042479 582877402993798089828212469386268595447890580872953270070985169279979625610449076009429973332416253605769010999090292 -9427872589043706501737737875130327403271 390
0x0031c361da4b3fdd3c45dd6f0708b82223c4141f39a681d42a4642e226c65341747ff38e84a1a17954717cf4282d0d1fbbcf138d00bdc677298ac6a539df5c7b
0x000a3b0336b73bcd9ce2d273076e4b0cb143c7cb92476ab773df860d3d4ffbb2fac0bbe87a8d54c38808836d162b7e2127d899fa9c1cbf546d6ac3dfdf71d103
88381546413195830490356121814345177109849335243162749316048866938595612502926212981848292492799412243073940471444121917248865926738905612439870244913151 871460605201478274172229028849604469691755032511424617290882884067301923390005273324522961460868437350430766503352975 1142241741640823821931002324006530711216153045802801761514964335369823930158569737191095872365828818697056768327056200 38854501584081720393983837835035260450705 390
0x014354cc832154340ae44d0684bb2cb014fbb96b3b10c82e58056a136494b8dc7643cfeb3ed171d0c06994cd54253dfdba0315d4a38f454ba56fafc1f73130a9
0x016006eb8a68f71949543cf0ba856dfdf64020ec1ceca3169dc64b9e6098a100da82a0466fbf5967ea7564d30d81510afc7500eaf8e267ddb8175efb2b8e347e
88381546413195830490356121814345177109849335243162749316048866938595612502926212981848292492799412243073940471444121917248865926738905612439870244913151 704485218684471319427600740111632046447836342209094230841247953997120581932829252663105206100660264706210368950297619 495078030862353451310662885711170908175159526519911802462533753549502467260247762197160306876701584057993632999608028 -108221681951944045724680531691071815591669 390
0x014a8e4777aeb3ed16a7509e7932b3f128c85297a3ac513c67596e7d980f3740afef0822d08c7c43696b6cc6e8187a1ca7c089859acf653f18760359ce0cad61
0x00b2deb8962ab3c8dfe4ff8cfe03d2202be5fc23565051bf0b27063cc1546f01e8c7ee0cd2e3f09658250c08e230b7144cd911d009821b42233f46962f36f5e0
88381546413195830490356121814345177109849335243162749316048866938595612502926212981848292492799412243073940471444121917248865926738905612439870244913151 168904812043186844286976212973824194858181946092723079834308021357555577694708043439703625410528037652982564498211313 605761207457594116167195333432330636767957681225465068950767176858059373596871547260586370061077938406987227013526148 18563497493392312583139390050922539779417 390
0x008a78616ade7db12f1c97bf9415c4fd71a6c89d013914906f8fec198e7887e3b481f74f6763b176286fc55df66b30a9c8f8362eaa1e3121a4ed64a31b29003c
0x00dc81b8a34d88248e01d6bbe7327aa7b4f203e143d40558fdfc6b61258af52a8ae53aff946e921665e10e9d517c6cb1bd2780ad150ec87c64f8039efac64ecc
88381546413195830490356121814345177109849335243162749316048866938595612502926212981848292492799412243073940471444121917248865926738905612439870244913151 461880067399817672624830257942575437626048436576522662736721722344376383877820918751169938632844349739090746650850407 971951112630694444673708994421530371950946169562161247506439771387203189347031941169983262810011168390036456773312112 -8715800389326542511492945846549087139865 390
0x00397e786fdaf0f3f0ca13a5fe5a3b5af0b109881d624daf3be2348e24bb0573d89ca52d9f1f4d39670aaab27d2c290ab2fd457e3a8c02175f425bb221b45489
0x009fdde1a4ae345b3ceff34ac1e17c7c663e08318c543bbc8d5ad1d44b89e6620417f490323e8a349861126b76e45b4539f205aa347be5a90841447233f2d552
88381546413195830490356121814345177109849335243162749316048866938595612502926212981848292492799412243073940471444121917248865926738905612439870244913151 1179883550197526466636435885448365844363272446208869722952004603014979997099253790450381896880035565641476781193141645 143630690615092657042852029223373054551835121917360080951999301852507942072105924781101134507046194926546583386733404 -132966380023942296134620554611902841023083 390
0x002e4080d45d545a29206a32897973d5285e6ef55c1e5d6b2bc715dce91a3db120127d53ae84edd83da286e33f0ae152b92188b19513115ec6b9ee910343515e
0x000914cfc1395f50084ddf7dbec280c453371d1cdc8c26f623c2065001d4418a874f2c2df119fca87d3157aa55e8f7e2be1cbb057a71480b34b4460b0b7bba80
88381546413195830490356121814345177109849335243162749316048866938595612502926212981848292492799412243073940471444121917248865926738905612439870244913151 67525619116261915513590459564498643394128898845931925701836605354929646374333207941321717782708464769572141608065059 31326636928082270432290640548152154613549636872678801518132055912933542531062479533749024280400604179158075684986828 43173673353635982692931193511715714451749 390
0x0185a0493a25ee77a8d778649e31e40b92eca400b58286800f5eef216b9743656abda9406675eb0be512413a36d72828941c4618dd69a31dc848b160969cf3a3
0x00ff55ced5cdc0224f2a62ac27d0b55eafd16f1ea2aa8889cdd53e40ae57bb359eda5bf7a4141da66127855500eb4fac5ccb1d1096b043b42991ae2a18317b75
88381546413195830490356121814345177109849335243162749316048866938595612502926212981848292492799412243073940471444121917248865926738905612439870244913151 447338383203789007537537880998826908473064512136681016240001247321678737107987658314648744627650372038186577350121789 230733703021594496604005210581359292248608522730169541427151665207452245941951012768579905862806311496716964229373976 -99483898342507746973262135223286325512483 390
0x00b019daa02555603a0dc36bafed562c309187880e966b69957eaf4f3ef5d57af1c36eb958e6f070a68e49d267fd5fbf989dbff4ff6dc3688218b5beab7aed88
0x00ca4a015d98e23fbf076a70b9ba31bad05d930cdadd7c02fecf5d388baf214355fdb65c92d85ddbf0fbfd9f811e87ffdc80207fc90b0ec5bf0b881fa2ba7805
88381546413195830490356121814345177109849335243162749316048866938595612502926212981848292492799412243073940471444121917248865926738905612439870244913151 488393917624691565785028542743752878525877085220179632680476007159768074253375670526566658600869072923932413776119457 550778332578571648745986721871232300387493952644655561575908349926061473616439423379585612893906030946202825363546912 -88339087829850993025192303242362211669855 390
0x00f420255833b8c3c0ad597cc30f94bf8cf3d479a620ad18b34a76bd3c6b81341042ab6dc26e2da0d564aa09acee0eb8aa50a8c1ce84c6d0c66ac958b01b30f4
0x00292826316d25b381502feb2e97c9dd19a5d9d8ba3bb1ec1e0317b35d8aa2fb2fd203fc3627d87ba4d62fa8cffe40e05a3955613da0a45a9357307fc265912b
88381546413195830490356121814345177109849335243162749316048866938595612502926212981848292492799412243073940471444121917248865926738905612439870244913151 1210865129066071750930230357906171958111218749048681983249732251834119347614197614390576887448166794996878041845132947 531609676337391739059465973877661703188803688776687199324151413541402479122048123018159493220256826543819328935949312 121498104354568978171697778323982715514515 390
0x007b889bf082fc0a10a32798e15400555a2d0664ee979da5b29c3a7c077b6ecec11eecaafdd2007e18cdd81416f41aed21527e2424d6aa95b9ac5929e5d77ea4
0x015c3c1a42cb22f237d95ca19e8aaa350ff62ed75e48a67c10db5b88004b3806e2e6c3f9562e28e460e7a4828fcf5ffa35a08d2a52e31ae6ab43551720142deb
88381546413195830490356121814345177109849335243162749316048866938595612502926212981848292492799412243073940471444121917248865926738905612439870244913151 1124285705990282664701298840494531768024450982618185704792452973192089149327546751851779079811848906996136835502971687 1221859627377621576005896739996945136869917381710734597399571607660958619870059359943450066767489546278429872648332520 -29742525833111378649230731964336126603513 390
0x00e096ce1624ab5c62cffa6bf7b23fbdfd33b9f310d8b0f4593bc48dad3cf47dd0905fb7009ff3ed0a360405bc471578db73d680673db65c1aabc49e5a8814cf
0x0130456d1e0ec49456fd8fc04e808425e4be4f8038823682ac36af143505df8bc9ca17c752b54d3eb7b5eac7c6d2d554c765ff097bf4f362d7fcb3e62834bd44
88381546413195830490356121814345177109849335243162749316048866938595612502926212981848292492799412243073940471444121917248865926738905612439870244913151 1100724186462977929691063050977229595388085071849684065964156243967038015573111455633275291369386543270376198248288131 992160600569361623734492790785744595864383298878608700423260905288010096178650167904905376799326509076714409427677628 -80991598823909970498869525547686062164357 390
0x01114760037267f8775394fe3ecc808e92d746ae3c04c4c585b0a6bc2854d99a4562f0891ab92b5a9ddccdfb97196bd614c66c1882205b892dfb65c44f68cadf
0x00f45db4254f4909b402eaa8d9b260e8684511bfa47287fc4aed5755f05db54607ca61616e2c54f73b53820b9211a42d9af99eb243b41a8a7f0e15acaa7edf96
88381546413195830490356121814345177109849335243162749316048866938595612502926212981848292492799412243073940471444121917248865926738905612439870244913151 797144944953400482184414851171209326071137959460711083440844261309017586160337775423862732505557070098033408517428739 605556894406397572504830943020208010720039417672164882813426341074972349249461201874743713370611287676393080225041384 -106796964634700741738339237661642317565853 390
0x0157a7c854e657f54bb8d26768a7f92d79bfd00249d63e6d2b82754c8feaff03e8778d0243d2a650c6d9311921b09388b75571a6c08aa5b45eb0c83754e8c02b
0x00310e03fa347f12266685b996e76fb77cdf0506b091bcebe6acc0dc0464c1ebaf847615cd2e0bd846d1724e86e6be65827cbbed9a606bdb5c646dc486a9d002
88381546413195830490356121814345177109849335243162749316048866938595612502926212981848292492799412243073940471444121917248865926738905612439870244913151 652283764517584247491266854886078594401438543295506151822049219349743787804615295431357406136052990363101826215706625 943184978174636822623349155777851807157213033915301529337711619101004941886815248916436843045185044947718999824583180 -61087369903259214598652876196215371066665 390
0x007586628cca6e8f024e63e7c8a093ed30a25fd2dfee7b4116a9586b086db35cf9430a43b21a17ae99919e6c9719014dc9b64cd1b61ad07dafe5420daba2306d
0x0164945f65ecde99e83148b882d44fc716aef2016f11cef14b47537faa5c00dce7640fbe6ec5fa5b57b9a0394ea9e227c0dbf26a58c06722240299ac025c2c7f
88381546413195830490356121814345177109849335243162749316048866938595612502926212981848292492799412243073940471444121917248865926738905612439870244913151 1099030914450919775839153098194198529737751334395777879487509643109370642571486504066493273637568209113980036327661589 1194482791297589780204185043128941690763191771555595245688994448797184812279329043306310611068370617605079567148535308 -39342437195482199607525565380055205286499 390
0x018dd97d7862f3c7dd1580e26cf9c79f8203320511603b624d53719fd218dd4bee6d10d17eca0f314b5103263ae0377f9f1f3ebbc451604972061bf05aff9654
0x00a858b3ce982774e9047383317e86cdc63ba5a98e08db224a63f3b48782e11d272e5597473e01047188971e37a4ad5c65e54d8286686bf7454423a0c31af886
88381546413195830490356121814345177109849335243162749316048866938595612502926212981848292492799412243073940471444121917248865926738905612439870244913151 1165365218194494930964737329512037466032654004971461438642543866168569594801613738118274485728019044512299414911084315 157049957022478967455870060894115813645800974189824501904880019261826397849935512379050442952075880125144818159667864 -132685397714253682426610001490251078124933 390
0x012c21a3dac63ac467496cb242792a66f84b54bbc6c50c6461b552fba0e61ee74b1518c35fc77261b496ec4a2bd6c743fc9ba751fc11099da5cf67ae0247b07b
0x016f740974808541fc25216396b5c8cb018409d023c28c1f4362d569229bf0b6bb57053cfa43dd2e1b02dae8f016e29b6d1f262be4614548810630a1de232993
88381546413195830490356121814345177109849335243162749316048866938595612502926212981848292492799412243073940471444121917248865926738905612439870244913151 316619173079244273022431282502971708472919184341303105329746615122767013551731700125122721130728719964561707429232765 711888248880958118779081619064527161827826476162217858751528680789385089581186094902681203149815747938948452029229156 46535509507421166436124950864415897179643 390
0x00beb65f4ba438adf69370a6cd16df5ec4f0049015428dfb0bf34e45cb54e56a9a6dba8a52c68fc3078e8795c99eaaf1db9617d04c52f005e90904074019b422
0x009ceb7257f658ef0d5b53b432d410fc1eb59c0de788e32f947140b2991a1b9c78eba0be4ab4d17e3a4e0ebcfa0cb5123e17a4733f518c838beb35c927171842
88381546413195830490356121814345177109849335243162749316048866938595612502926212981848292492799412243073940471444121917248865926738905612439870244913151 1118753085848355879062127500858201358599282652236129188631077023761849574045876252330218817141085532006685065349224025 665978534185663690164077335680489662195872422127901084723106980093301280856195855096692546935658925535091475887939968 112875349927758181617781520776491531957849 390
0x00e1e4affbad9c89d121f35e34234223fb6e50b59377d872073ab76e6a5bee25377dc34e37a9684b1390423dac1c9dc8e31abbffcff3bb2f485e8fcc70691de7
0x0130d58d0decc39596d291bbd51a29de6645922e2a9ee04194705bc570af38121ba9ad6e507a357da8e1768fb17f592dca19aef5bce64cbcd60ce37ee58e5621
88381546413195830490356121814345177109849335243162749316048866938595612502926212981848292492799412243073940471444121917248865926738905612439870244913151 493098602159821858223447327225437388375132992276235747078482156180123531076957971808474636470105885777195829913008899 443298813699347235234388420685194054124514571481486589129646026604244119920359229046374925767144815082740934600422672 95365960215227626260971027808464806256771 390
0x0154a17cffceb7088b00009b973903e1cf157c3c2bb6427e5fad399252ee69a284e8beb52c116af2d5e4d64cb01c7659e87f4d15f8e5bca5a399c013222fcdb5
0x01a7db6b913efe94624bd18a406160a1372b42e16be1db420606b6f35cb249166f040da3af655ce543afbb7f1950b3b35ce39d2e92ebc4e2117d707066b91533
88381546413195830490356121814345177109849335243162749316048866938595612502926212981848292492799412243073940471444121917248865926738905612439870244913151 946835829366890760757749172228379798679207218424011213046136985939458003698615743958130086389305658821910772257158379 948771442607543104537867288639658264953714591337615084460786812074135657188573756814913880094081705563853550858824652 -81773391272247085980834907576870447910499 390
0x00a1020938fbb839de0e43a9a429d39e25491606f3b1b9270e2d448660231698caa7a4419f664aec52059d8cec824d5dbe55327b0430ea26867814e320b880dd
0x0027ceae2972117dd88f51960eb7f3701b90d543c494338810faf9ef12824bc60821263892f479466ef6d5ac1c43833200cd597739b784a75766cef2fcae9cf9
88381546413195830490356121814345177109849335243162749316048866938595612502926212981848292492799412243073940471444121917248865926738905612439870244913151 1178165954589120611140541079889447752343136309790479460927795789255617314669382784533614885960790582761231385751805599 1016055163959879776331843331520870391423687112853344521210513274914689667260901236624835670368458962824021440465587000 78927080379271394557164914230131438427775 390
0x00452cf18da30d47bcd764e5d4d495c4c86e24b786a95941d34d18e5dbd18e8ae30a81dec1b3c24d7d5734307274a612e6fd8b613d1dd13af1e19c5ff8b24225
0x0149262d9d940da0cc650dc00b1e7fef569912e26bc9e5643cb08f35b1cccce7e2fbe70000c3c65fb37b59ba37d6aca7e550f464cc4081be2df5f935ece039cf
88381546413195830490356121814345177109849335243162749316048866938595612502926212981848292492799412243073940471444121917248865926738905612439870244913151 1013713918911857782989583184620345211588760052634116006085709992565171619750541824109007662636463574442441199304701465 62154482056253138512210655165828662222171541330253853925015275677612200723176408578874159821765278382711104715736532 -131350041077895230169141862992814849752319 390
0x0196217b139cb5a51d5d14b3c9c1af97953b33ecd996e5451d73930066acc7fe0f7fc6dd91446816845c7cca85079b6eb2a917712acafc31d84ac0648032b6c2
0x00b29be83d5930d443219cc560891cd776fe1bb071615c6026f8591d0e7119ce451663bb089663e4bb6448d457509b9a46cf2bc2ab0a1c5e79aef46c452ac1a7
88381546413195830490356121814345177109849335243162749316048866938595612502926212981848292492799412243073940471444121917248865926738905612439870244913151 13339539770320137205695461130331668979629684909381728578923655211867450394525895362536461123255664728954604768471409 135205295063642716557707940287961084385193603472489415935726799715445083114248404696380534929359698530999454192037872 -13105666394656369287330836204205542396401 390
0x001d80f3ec400811e2eacdfe49848489d70b731e446a4a3f071a705e921976039516cccfa48bffc42897a4e13cda9a6fd6a25b78f5f734b511619e5bd7b2690d
0x018377b99fc1d150d39c680f321c41600a1c44a0f10fed406d4b7489982252e9a79a0af1b243a65ee99ff82e56da2e029e8cb86fcf135fa221aaf00c961f2389
88381546413195830490356121814345177109849335243162749316048866938595612502926212981848292492799412243073940471444121917248865926738905612439870244913151 454389313452954612519111189356569848837413280046269880296731806233401638892836536919112157603160682036795380077499867 957084542802631542248627732132030047169489207648969006809376870945546213214076393021655911365293176323497497914463912 -16259644985365655410825663241123697364795 390
0x00795f2f943bc25d601b36bcab4df31baac24963f095b96ff7b26566bf559a04738492beeb0b625f3beedb5f7ad5ae78011ce6cd686fde118371008e56689542
0x01880f1798ed23e04135371a9bb23df2d62aaee8c8594b898c349f3321ca0396138c11f9ffa1d83d2d62b57127e901e5c160dfcb33dcc44807b88e209951ebdd
88381546413195830490356121814345177109849335243162749316048866938595612502926212981848292492799412243073940471444121917248865926738905612439870244913151 745659116887933631846435236246182499545584286936792062570945998676273914602387375692677158442838634000774160618665211 1147870127227115215762174164443278655509993593577434565453969757165112359064748252848722239285807356885148846031637988 8730393785083899082046167902091752048307 390
0x01530916decbcb62eab3631b4912e1eada242a0076f8acdbff534d8a1ce724d8935af2edd38a12dcf8ee3e7cd7eb48840f258fac12f621cbe8f1761c6ff0b10c
0x00f0601c0625d45a5becef86efa7aaa6b2e0fc77fd6dc19415a4c6547775e1dc56b83e88f40371b77b65ac992c01b6295b9bfc678162e52f40263a6bf34cd4a2
88381546413195830490356121814345177109849335243162749316048866938595612502926212981848292492799412243073940471444121917248865926738905612439870244913151 802140449506305072038345916354436900179928907668759136769706623994052410765838127718852619117967322881112471156860879 65173375288747062760154113124442779751821448360602284521644125701472976606628319769517452603544315843789961207689672 -124734586735106908493687273625056101857711 390
0x00edfbc10026fa0837c382e950ecf46a59c70a47e75e922faa495d27d650460d5c4b96ea3e4f18fe28c0454ff62bfe05e4b842c2b6a9e1a553289fb96eb31178
0x01388578de03c97e0a7adf1ff152cddb1fbcd58db0823f4216ee0215f2131b2d7c487f4141e18997b4b36630c11ebba402cc893d2fe6ee2ccf07fa2c7199bca8
88381546413195830490356121814345177109849335243162749316048866938595612502926212981848292492799412243073940471444121917248865926738905612439870244913151 547963418547651010523311955997326305952715942425892471377815679273995542911410133853379369787808278821345452819439615 289912349497938849231734502054360169939895688069338630946486322258878301356340402340151858569789131987658250907930228 -106237062419113848268133272460299122571049 390
0x004bc10fd8dbec04244e8c97acd928007250311014a1cd7f06ebb558f4fdd5c97b7fd0f7ef92dfd11ccb41cccdba038a9a1bb60bd5d5b8d8658dbe9a249e171f
0x00700f69accd5434cb2f11e952db6cf2f6bfb0c1065ccc58c2f77b81137b8cedc5c0900bb23bca27e8891b83dd876acf78603a42cd196bdc3104a7198331ec36
88381546413195830490356121814345177109849335243162749316048866938595612502926212981848292492799412243073940471444121917248865926738905612439870244913151 1216705104156975381241644887375935283466470499750172526748114041476164784922946656690383748900249960557782108347190689 988060909166449977542198774392314716319866016743858271128267221526794322993950749614387029191744711228694952343585908 -83184078160327063678594080354091882781751 390
0x0156ea837752193f2720a40c902f53ee9b9961d1640d36daee6d062507e416f03b260ad9dbf1a326b355f6d4e501f8336c1892ed4291e9e28adb07aacd1afef4
0x000bb06157d6c3b27777585ee52b445280209b723c193a728aeb3b84d691754f0eab29cc9e5c7fa21c25a256d14c709e6bafbdd70653e66fd1b0e6c2911dad91
88381546413195830490356121814345177109849335243162749316048866938595612502926212981848292492799412243073940471444121917248865926738905612439870244913151 413543758080273255487428495897142299840043293733501469006793186822657157364877724562329601051531518268004722505517129 848244704867531790135750611738990253011024146672873058690080973736621445367038256391450772817037037010273485573898736 41512594143989084708851962209779758154953 390
0x006666eec3458a3062e70a37a2811c56899d058fa28083984c5beed432a4a00da119f392ed5427e0bbf50ed304ba6e0d90d95b61ab6cf1b47fed96a0fc07c995
0x016bfe8cb999a1d249b4305e86a0d37dd53fb38eeb833acf33b53c5f0aca4eae1d85fddf23816bb1249edd1c14526066e3b30fb16e28d1f5706ef4085c1bf95d
88381546413195830490356121814345177109849335243162749316048866938595612502926212981848292492799412243073940471444121917248865926738905612439870244913151 337507360054274345342350988978966525778648905609960563820838480954193208843439820856128906568780557738513522333151761 378033939042062584466190233821726569807413494470354574526908915014523309719776119546975818157329401880108017525069308 -82000241376817061328810885348278716042873 390
0x00c4159e9c36a02fbdf2d7967c5a3e9755b185bcbd55d4e1b44173ca9a6d8ee65fa97c4375bcdfb0a32a9ed27c20b500c9d03ec94013b641c68982cec0b7fcc8
0x008d8359debe90825a2c17c095190f0d3ea022efc2dd4968820e6e7d5049b1276588a3c390966da21aabbafdbab910bcaacd6a8613730005cdede0892204b011
88381546413195830490356121814345177109849335243162749316048866938595612502926212981848292492799412243073940471444121917248865926738905612439870244913151 406861655015357291684435368910536922835717789498683281055203964781270538663661955596172623120231414872913304630925711 390154055182930096123040468066449119618390054429304549758213937903303493113307832364563619551231702845164960855452852 89517678938250132082700357964033483953433 390
0x00f250e5eae9b110a5dfdaa5dabd598220545212a2c3b4845fc14428b183a7f7f25ef426c204401717692a9e9bbeee3fcae5509281f3268f14e7e0022c742b46
0x0092044981c5b66a84ec5c7e797ec918e715ef9428c62d4de09da373747f3f40973a7feaab6febbb476e50fed7cebf6bc35c14d055a048c49bc3e50e9689cb86
88381546413195830490356121814345177109849335243162749316048866938595612502926212981848292492799412243073940471444121917248865926738905612439870244913151 221441876016696031362043275230513507892029485779632572706422152392120263847180746398022463982557444021792383823735345 627734737536691046819397379931543106833763640144751559459831242487730979372276447590015360180490228127224191187832548 36123365455934819542183538567920021970151 390
0x0160773a0f9021713bd919e7e550a79c721db82fec92c6c95b57dacc34bbf7a0df612ec31ef2fb10effd4f765da4331f32e37b3afc8e2151018522706a8facf8
0x00b1192d3590b60b1790e40277cda84190a7162832ed13fdcf057f17f3e112386270d3fc05af457902e11e33b094c1a040de796b920af9f3847831826b665b81
88381546413195830490356121814345177109849335243162749316048866938595612502926212981848292492799412243073940471444121917248865926738905612439870244913151 911607683248076428419911335502464160130805639385227290633611672672770858425641598420758200107170598664869570452781249 112547911451990887310794155285621393438084518532694419498322493530726492524906802778875097888529641128131431951625500 -128312895472468107296622411487277067678505 390
0x007aceff444c5553edbdb94febea468dc063e3edbee15246491b5633e3cf505b8d7aa31aeec90bcc6ed6b0a2293cc600a52dcec875685e7be1c8781b478d3982
0x0065603ee3cb2f2b38ace8d911964a9414c27dc0663c42e123bdd964463966ea491e46442c01a0b5705dc53c889d2130e7a16cbb017c67e08554a8821f63ed89
88381546413195830490356121814345177109849335243162749316048866938595612502926212981848292492799412243073940471444121917248865926738905612439870244913151 908143375288419003201095595549051054006513044346241508386417464910095211907184428940486705391865429981143040534181979 772911047584596863438734566579501747277253062942949370675002824317189562597626799249299723153750123185874422278769384 -99099810770751163910860052220174205159493 390
0x016fc183a7719a3e0e72a765dc62d3bb66dc3bfbccd03db06f17be1c2281236ad13dc67ce0fba4ed3242c14940ed177342cf63eb798b6918bd31735babab62a4
0x0112bc2a0b96728fecf5c8e5d90c93725dbbe64e133feb636e010cfb4034893aa072d3c6bcda480a9fcbc5b35e6f221e36cebfd1f204b5c2efe6f401a59674ed
88381546413195830490356121814345177109849335243162749316048866938595612502926212981848292492799412243073940471444121917248865926738905612439870244913151 484392540473272379724670578643126460454282533071034409206103965422112498377619802592091835652276818811153858861126077 61638558660889629907678086337169410417013019307195119683714242346992331998273446539907682818020621784422901063230188 -105465797199564353959051207554615260082565 390
0x006cc2f2e4995d76e8944896f4978174a399dcce67c97542cb2a65aa6ca2b06d3fed597d49ea3733af9acd08fd3b18952841b6edc7a161e456e83ddf888649bd
0x005d70195218e6f69132e2030c40137a6962495af36977b2f31323df8a4a6235501d8c3ff5e2818620d333a3b05ec10d83b07e4611e74cdde1465f905ddaa9bf
88381546413195830490356121814345177109849335243162749316048866938595612502926212981848292492799412243073940471444121917248865926738905612439870244913151 1109133303683083086830357379609997179205130723522279121834171643538742234246566058557839593892274467261531250927239899 1250590130588565370239393312671759872250967318954400852339722627476722712206187396322109715753197190620547809411137980 -5609026324152497748568079512196038452205 390
0x00722dd2b1e9fa364a3eaa429c72dc716489f0e98ed7715ba1e1347f4a84b4d30af2e60176716cdba2f248d0a989b86d350cbb632c73d008db0f29dd6b0e4a70
0x000ce1c0493633ea49bb324360c507c7245ee7587a94fae9f9339d63735cc894083e4d0e4789ef36d188398c82fb9cb03e2550f9d217c4f7a5f3dc6a6684dcd0
88381546413195830490356121814345177109849335243162749316048866938595612502926212981848292492799412243073940471444121917248865926738905612439870244913151 355325051468493897818103281082527003609206046879082305785234997792477902496897434027924447848979486455631804167692841 807747123337600772435878759450231986876413344136723181311223570358478143934231367115233585861570663796044675228900148 36434168772810229697774167506300914690543 390
0x015c36da42af2000c08c344183f4821728d3211ca60a6d943ab57e4b5562a37577fb53876d12599d3cc650685c4ed2210a542c47c11bb81967b3edb5a40fd3e1
0x0081c96b09a448b2f65b5f3283818e40cd243464e97a9aa583412e776d573372c8ff396aca4dc5ebd96cb118af78ea956381f25eec123483bd833e1dd83089ac
88381546413195830490356121814345177109849335243162749316048866938595612502926212981848292492799412243073940471444121917248865926738905612439870244913151 421877640406766449634782714613149476909343110040267782378076908350513163068899892828456342998828300447645289375673399 788681654313510160201332591130808259296817657655998575458168961478279700296666534155416631627336746305864535995936772 -54639545204947220374141089168097375170929 390
0x01a16bacdc0cc42efec9898bb8ea722bf2f31cdc4789611355169a479d46ec9081915631bc0edd1c34a755443982d9f467637770024a95f7062a83d237c0691d
0x0186754b25fa8c30992b1c7dae3b3b1a636b986e7d69b8c9584a0a4e75a6131757a140d75f715589967ee67d322c9b60187086d46d4eb7ddad9aaadf3fd6d269
88381546413195830490356121814345177109849335243162749316048866938595612502926212981848292492799412243073940471444121917248865926738905612439870244913151 421949904836255504621054575844194803328686196480585322681963794429966720302430888034571546951644559265584380775016761 938332687193970306927592964331828687382002538205490667073260843068816854809714887369741950894637368535919877487600648 -7912315125563364454336197970797443283033 390
0x01a61100808b65da47c633ec01615029e4985efc7fc803d61ad37abff2e1c715d8cf60b9f972f76b8fd34b8a3c422c108cc1c741ae060748759e093905ea73e1
0x0156a21a8e447963483a62d54fc715eddb1d2acee4b1804f6b70bf6064f034dd5142012d4cbb58de6c25b828adcf4c700ba3be246af767aa90b834f292b3c668
88381546413195830490356121814345177109849335243162749316048866938595612502926212981848292492799412243073940471444121917248865926738905612439870244913151 293557171438494818907998320078711328843934081120985794968237005571452956578525003131996434883658647640210131716157499 393213806151566330187738883268375906766408321999739670663893784865810787914481854963346558141676876495192299751840272 75175724259720626399523428082607691650629 390
0x01ab8d3f07c2d83e4234eda0f4f685021761f66496f3938969ac6d3cabd65fbb2f7e08a6dd2f865de11ec01aec614541f769d2d3fd25fbe69017ef5e394e6a6c
0x017646a51f9c19d731ab1f3a7d223f5c374b036eebb06ef383d0ac4d50de4628455ec708e9ea47302e5e2ae49e7d44e6f4c44e2e8d8353d5401162b10db30e52
88381546413195830490356121814345177109849335243162749316048866938595612502926212981848292492799412243073940471444121917248865926738905612439870244913151 1171222976755665027667527072218802988400261370160631625313274996303626221844164894662150687480103614401499776224268675 188744994034662062575508022990123584754788021098194307745073307028311761909076341933999756719072488607541934460768640 -132263668098033169274647336917870855549315 390
0x014adf6b68ec58d2f6c4d5ed300c6fb6bfa3794c0d6b9dda6218627ac3cc3f599560c4508172c0f8d93b2f40d753f6f0ddd5a539a0c3202cc6fb5564cec9543f
0x00e670e3bc0cd2e2df8bf0419db943d2eda09b7665053fa91075a1cad135e6e9d1f9dd369c7fc3d2c3c89772476a0dc3eb085f0cca2830716371a9ecccac3012
88381546413195830490356121814345177109849335243162749316048866938595612502926212981848292492799412243073940471444121917248865926738905612439870244913151 698654515185053653691621819297383373972517698300282194955932381048537855215839222370675214607393826998358204168946975 153685557397010396188508695239521098522861519468001769962215765216442127276007407974097107312985593022829887353710600 118929071128172268699822555732383449586945 390
0x00c9bd17fedb25cc21276693c5826df212eb38a218f4b73af592813f2c4330821c1e7a0169de11606a3e08e58f0fcf6ba48f6680bbaca016c4b5a9793b1b3e56
0x004fc339b1a4071c935e2dc3d763cf394af06f0cd12cbd85975fed7f502fd1eccf5029533cb07e67e1501b513ab09ea0a06c9d18e96e6728b40437813418747c
88381546413195830490356121814345177109849335243162749316048866938595612502926212981848292492799412243073940471444121917248865926738905612439870244913151 330041652360938997877193611213804096947131426594008628528551906705401840089898090324389418362170437762831371434125925 835231743678365256632453156175517575410679188217857264175311464505097033349714254434711558272411475609358634113939748 -17064298940858912638391920641887382780589 390
0x00f937a286cb35b9d966c31e42dc57bb6045f3fe448c57387ab490640d2501089b3af7147516440614025413dc869e8d1f84e44e0d0132305a7661dc6197d2d9
0x00a1ae7cae5999edc6e936a7643ebef494c50f8158d24cebd3108eeb2d2d9abd2b3777e6bc9a00adb79a6f1b85530286465eff434171d8301b98d9131a13dceb
88381546413195830490356121814345177109849335243162749316048866938595612502926212981848292492799412243073940471444121917248865926738905612439870244913151 894337965467526849472235024345129432450797693110854807886802079385523652246241314340004894565488722432066076936081187 1200184799236095308714698946761208565098338561016529384933875168697803885776140939876598322376058159974603961679345320 -13024787287642442703384982823414177957763 390
0x00bf0767a7042f8cf2f934e9d2c4455ac38d60a8d4574c209b254ae04e8a20ac79ea3c2044207099d049b256875cbd765515d90e68f7f8feb9d6476de2e6d8e5
0x00355e80ca02fd34abde45ab4876e9905872b10e78eb1936daac6ae86e03c6b368b39c24e9058f720fc8d4ab8152da647d8d55c5cdb0391e605d2faa53996760
88381546413195830490356121814345177109849335243162749316048866938595612502926212981848292492799412243073940471444121917248865926738905612439870244913151 358496145352063471997018343331968417273639342603815048992770563206266698816153412503196857631522573640152929712581105 134837174513776011984484147746056520960997376098060685766404719834700062425679592891412396584689367781949362712434164 92568153086962134495671502109381314551193 390
0x0140d7b2e81a8eb84b24b7b2351b7eb00aecd12b1a34e245ca2e9152b56ed3dc88c3587db74f80cf051c4da3eff7b51b8f02a21de5a9e88cbed7b6182e5b369f
0x00885691a73c07a85bbb75909f804a1eefac0b4d8d1efe4373bf3b8d645271f715f4a2d10704865c749c1e39b2204899d41d363118d8eb6011511722849b077b
88381546413195830490356121814345177109849335243162749316048866938595612502926212981848292492799412243073940471444121917248865926738905612439870244913151 203636603824895633488290654130822558243543744247298982841735003699867381933749784341274281574977325129847270858295219 176056069673375933971535675863274750817773754994951908285755324574072851013373131822609726584574753005008493906246672 -70642229188007985311358544872669579879731 390
0x003d9ae2c9396f9d1e8218812a9b141b3336aa81173123c6626be1a4bf72add096387be99a594606e2d6288f3559258067ad2e30bed16fa367b66095cd815298
0x001b0e4f08e18df8e976f27caf2173f10dd10f25f90d3f379fc5ec908c862466d85fcba5df7f68444de9d8abaa607745235bea2ac6ce315e4f5a7bcc3a985a23
88381546413195830490356121814345177109849335243162749316048866938595612502926212981848292492799412243073940471444121917248865926738905612439870244913151 204622864394266869385087915798073486399755414662268822946339393263776163085991869876470854398737638299208478603916675 511747032471537473523197648679126805275878913936545198854794160914499508140019104909710031208497498419786000846541540 49005039683397686126479306305120259320315 390
0x005f0be9206278998cdace0927dc1764f6f7a5f9edadd3b06c977d222bb8d99bd7f84a528bd7d6d93836e0e44fbdceb64c7e8f7d6f0c6ac4fa4ad0234cba88db
0x0156f1804101105c868ca6cbb632959be76ad81a5dc0909e4085d5b96887993c2c6e94bc58f0d3b38e38e4654973a408da404b1f2830ccbb299f6b544f7169bb
88381546413195830490356121814345177109849335243162749316048866938595612502926212981848292492799412243073940471444121917248865926738905612439870244913151 845377964285730871452404896381889385723868454702714946088261083812765581118955464078405021557530705525143451103841755 1159287586004696600921892888534488716574850167152093966612244343979661532888616692184697858728280832450013256889259096 28779331484723977190691428905170769633477 390
0x00fa0d29e067b12bbe79b8270f6857c5329826a459fe4f0c0f0a23b3b412705fb27a3505320a5ff967ed35865b12fb3f74c1be383dbe4fc3ae464d67df78e43d
0x0073c261b51d24d36b0732bec1613b2a6ef163d669de8586a80bd66cead669dd5d446b88d8e8be840ab3bb04c0c16be0092c496d2bbb3ed8264e887798499b77
88381546413195830490356121814345177109849335243162749316048866938595612502926212981848292492799412243073940471444121917248865926738905612439870244913151 355276868189120764034222123440828211051865009615931997527259755996709304366451476222486348410130843096755890917922645 811054728835293223844810003974044583252420606466825336832970019726816744525197111703750760681320969770939415946395304 -35579192933108246913307156796019768326133 390
0x007ab6768bc3148693e44d2f6ebf7cbd9d4623ed7121ae737692f6a576fa6cf3ad58cc848384da9939f71c1d0af07ecfd16222637b00fbfd5d1705d11e73a3fc
0x01a1938efbd8ca65ef7d8a28bf8c80c8b9ab22db90064cafb3c18c360d0a8f8b2f6143b62246e05d889293d2fc6116c96f6497d8a0ba270cbd3501be905fe14e
88381546413195830490356121814345177109849335243162749316048866938595612502926212981848292492799412243073940471444121917248865926738905612439870244913151 917704963221082721997951893795076340656000800170356651530468252248147519566857170512987564775534783499151511814101149 336929411725953160771382350925163223048700756563102209955511095572047530565980581765809694456976608366925849783635496 123979202231484346541840206646348681307197 390
0x00afa8b44085cb9ec4f8d32f50af706f99f2826db20428019add9d610be98ae65ac976fdec53d822b96c72dedfdb81e8c33b6a97643d8dc76dbb327f0f3b6929
0x002eb4a0eeae7955897c7f20d6f53a9445c01dfa882438a916172b7a19ceacfc3b41037379663c241b3a2345e71016554f4576b89718b68efbac1f42ae9d3942
88381546413195830490356121814345177109849335243162749316048866938595612502926212981848292492799412243073940471444121917248865926738905612439870244913151 759200401254046118998142046347759684988532170510577768379064055971802657381083488590163211136208229869960161872356437 1029721009493652409428799242329768080464775708457421272991573203767958448161651758449041457796474406381540614589466520 -56062808608907609350102683116462941281013 390
0x017164943a28efa7b98f9c061b9e61e3c6dcc8129e757b8a98f45c80996a8f872e9d17c36624baec28ab3271695ba30769c7a56a6fbd534f2b04c970e0cb40a9
0x00b0c5541f00c6b408090808552c0bd35f35c2d03556b66964f2e368c4a478425635c521e246d5541c6f5a5b076021b09d1f5703d81dfa938ff336d5ecc96586
88381546413195830490356121814345177109849335243162749316048866938595612502926212981848292492799412243073940471444121917248865926738905612439870244913151 875121872013131616463295858698750900919173151339513108865631350985466357169416049814373233465546153492283647644127399 213672110148332181415170358089447799273748396290415281978767610229922909835452030368573099553965479437104971471409896 125648406510921967233888555963482863674503 390
0x0159cc72089ce2235b44d04512571531b9a67ab6d2e101766d5111a556bde89a13f982f3d0c40a8d3f134d2d1aa05409969f87923a9eebf2cf88f769b9b3cfdb
0x011f153c1df515cbe3e8effc97a66452e3f99a05d176430b6d05c0e2c1592e62003090edb26e5f34c775c16b72968b56c1d7a50de441ede70ebcf1d32a416e53
88381546413195830490356121814345177109849335243162749316048866938595612502926212981848292492799412243073940471444121917248865926738905612439870244913151 855509217052554425205624775958094926035149065794548164085065145560519403939387035334589479861024661913385036648478705 468569295335097729876716021216621226519044471184801500431367240361962770557959886044206711972031311964153677192618892 116809028715958521217387947777770367770009 390
0x00d302beaa2661abd4376a6eebfcc817246d7b5cac653383fe655e2e5e6fd11b30eccdbbe07adb7f15c637f5d3e4a5dee7d7b54127bc273ffd570cf9a58f6497
0x00d8b4ed4523c6b698c55c49eb242b3ecb64f98686e936a96bc08e73f580f6d51cf6f7a72b285ba2a2fbf1f108337eeede155d6fdee3819b19d5ce066edc6f87
88381546413195830490356121814345177109849335243162749316048866938595612502926212981848292492799412243073940471444121917248865926738905612439870244913151 358976574432955031302654461203799245886120313324562923320006708774071482750895753889797620902641712203792448402188139 778048896647691437818023165905106319813626207078854564087679619732263938682954267903793158461408060829478772689399596 -43988488613654783234390741121475673438307 390
0x01866886336df467fa872038027c8e59ee44ce38d1505b55daf6eb2237882b5c454e08e1f8ae4c5ba95431eadefd1e0331157d3f75578c008e8fa99ffe2823f7
0x00b67ce720a65546dca085e830350574884439e29890565406e4916a395a1942439eb1e46850afff13f156842d22b7da5fa74db4403821e8649e63e4bf7c774a
88381546413195830490356121814345177109849335243162749316048866938595612502926212981848292492799412243073940471444121917248865926738905612439870244913151 501444007342006161961626116645485055297934308366759120911406414258014767443888896009729675565186930452875684406382959 77349695893731208393614410708478268213845496119841714711913009779060484447805985144335798118887162177566902651874728 106745711961397683895671967571015201262001 390
0x0113ce9bc5bfb5ea704ebc174d45fc85d05f9108037d04688a8da641e6992f6fa82c4b11cc9297602228d7c04250d2441ae4d93ed76c9332f0ad93a4fbd56317
0x00d948c2691da18bec1c44e13b830c2f5036fbe34d9b439fcf45637de7960eac4aa4d94b776dfb5839e633c29a07fdb83b12bd8fa18040914408cc05972b43d9
88381546413195830490356121814345177109849335243162749316048866938595612502926212981848292492799412243073940471444121917248865926738905612439870244913151 681578029340225963561785248458540282070513425833527319344715256856430381066892978675414120836570316769347199803458695 629952470703616000198581478251352475723650302156172212478927414819199918122527355928288365639986123216756014463788192 98492308482590569847859718258501799755129 390
0x0129d0358cbf16690a9225d5e3939118b55dc313476209b01ef4c1b5585b6c464a4a28f0d174defbcc4757d6bd9921ba0116230d9b5eff03c271b21bfb2c856f
0x01041881dd9557e5c0e07f54eb3343dc5f993f077b90bacc25e534b7ee931e6a8ff5beddf68ef4e842e72405d73645391df871f7d4d70b7236219028f23525df
88381546413195830490356121814345177109849335243162749316048866938595612502926212981848292492799412243073940471444121917248865926738905612439870244913151 909212196398604901828293747275641332242075364023742653527309175702494139110606321779722805872451042691098251512270445 709586056413473539903331958748533717070346704121592881355799729393993985228503821289902548248574337005850028571134876 -104362317651313062671219661368139868438923 390
0x014ced9c1544560ba2a46c575b6ea8937020e408ccd37269b4fa0da6effa2f0bc75cbeeea61241627ce42fef19c15e31eb4b9d61930a9b22437bb74cc47e8a1c
0x0118d2be2a5648ddfa1e6ea881b497ef431c062c4112771f5cc8559041ad039f7cdf1a6b2198e3d6a3918cc99b5b476a75b4e77dfd71174f8964e901048b8bb4
88381546413195830490356121814345177109849335243162749316048866938595612502926212981848292492799412243073940471444121917248865926738905612439870244913151 1003174581537917720068735704542144125224469039000417138528577130144186852278935033397626789171713249029493586235809525 743202717454429343342646771791490935554132399033766787420350234563936557408250785931342836113271568304683428005143932 104817610029245787948663521155924020889149 390
0x005716de23b06c7737e7aa1faa7bec8de62162ec1931bc225c820b2379a2ee56c2bebca212f4a07aed5f5c8570b9e26aa138bf5a6e0080be37238bd96d3cf177
0x00f27b5da4b5625f26df0ddafdef294b044475da5b2c35659804b8c27cc997fafd98c33badccb95380fd3ee318ad99872c97f472e1a5ff0231a9ffeb775eef95
88381546413195830490356121814345177109849335243162749316048866938595612502926212981848292492799412243073940471444121917248865926738905612439870244913151 1103598123123561151360425998969886274957365746923442358146373661188880024763172876888668447358363501825319212384203589 1244503635599569879166863607257146006730939170236089462921189717911795135890023170457812942748140514104517568454941732 -13562326125619107511900175295137462131571 390
0x0023f941336f5fa99a29448427883f7c02e8d3f274d6844e602151eb7b8ac8d16c1ab8c0a08692d2e2c5f23669ba453fa56f98c5d059fc84e839985a49e4acfa
0x00a5330f9a88249096a6211320a7ad43348664a768bf8ed3c8d3f8066cb3fd03a95bb4d0f08c72cb29e14421349d0422aa813f38f04a9e3d355c1e188aaba051
88381546413195830490356121814345177109849335243162749316048866938595612502926212981848292492799412243073940471444121917248865926738905612439870244913151 608722817965871819688671446202493497707319554263190204814923364055379503476749862348569265717475524398158491646921647 758553460998138401848479065956580317537891210080797813180960594494105497876529331811577146827507228864609109454972100 -81641099544691786605715364443792715882937 390
0x00e78c1090660e173ec78eae57de00b60912fb7038569c3745be13307d1d4c055e74cb847ec3545db542b029d98c820748fc3ee7de33cb0cd9aa74ccabea6933
0x00658ef3233584df72aad36f75237d80a9fc422375842b1eb0171fcdbf544a9923fe76c8e1dfdbc159cb234a80a37d3587c8bae0870638e5ed5767ba26f37517
88381546413195830490356121814345177109849335243162749316048866938595612502926212981848292492799412243073940471444121917248865926738905612439870244913151 255993837766031375318552057579226826342836366654642306704218361518718004103819465987958593777360861466737332510331783 653465888008270236266466637674173734358399749553128284034574183512709508334047717542100655827591170999363205441656548 -41606370669546510448083368326641798554657 390
0x00d434ff77744b5b00122ba5eb28b8529a7a8d98566891d390845f172fdfe8ed35305b5c7f64f0b57a2bb1424c4a76872df506a09bc506edddfa38f1d31644b3
0x00ac209ffdd487f2ecf66632128c7f98d41997aad0c5a8062bc765ef71c624192c880667f541f476e0a275b2c78a2a61f9bd451b775da9cf71ead7d11c48bbc3
88381546413195830490356121814345177109849335243162749316048866938595612502926212981848292492799412243073940471444121917248865926738905612439870244913151 717761032126561121685796968503875485984427593067161197800708041860324510480021125990101400640300939343806036802377659 812043504078197212458113747044837670782503818447077093895509716836900302080022893181963096963186714800420799857450592 84789831572523215735241479569473545530811 390
0x002946d5fbd348e8c6017b92db25da2562ee53841e430db3b63717d9ff4c020a2be0b69a33e51a591904a2389c9cdc08a530280b86def3e4094c4d3ea878eaa9
0x017fd345278f4f547bcddb0c05c83bfd8c0b90ac6ea785ff970edea5687962bf0f78f97b0d80dee1fdbdae0d06b49cb8f8b5c06736d1e5e9c29c9ab9ce112abf
88381546413195830490356121814345177109849335243162749316048866938595612502926212981848292492799412243073940471444121917248865926738905612439870244913151 335728800323309300594296491678768698180798064587542533237862536271020228515788566468728396952877992397350112809117437 283752132175672880287896110454254288875139648872033750837927126084885650554655920425933666367065263637976098629526288 85981436308926151233216366499161167683965 390
0x01523cccf80625b1c71f6749d14dfad3c0863bf0d964d70af52c56266531294549516e456b13425832b1eb5ba7326ff7d4e77eb40786d4226c976bc1e1523e3a
0x00785c6c157bdf28c8cef122e2e9507f972a7555ae894e7ed89239c50d0dd2a08970f458e11da6bf32754d2f63b13fe93717515c6c47f50c5f05b48614b578bf
88381546413195830490356121814345177109849335243162749316048866938595612502926212981848292492799412243073940471444121917248865926738905612439870244913151 287140491303156455027015628972700795790368182696657464743825783148525841691480293392142341171604715507202876243962525 430600889194281747318534092689297909003814498454030899826446635300011870900591599867190871950483363734718072489222700 -71846902353813323903560198731555926045285 390
0x0004d192e67e6cb6d4a05fba3b30d30bc8b0d16f87df690e5d549a851a012876a4d307498a3ac8927bc14347e88dcfecfcb4e28ed060f4cb0831f4f02821a0d6
0x0177f6477eb383e0546b5374eb0fd722948f00d6316f71179b920b56bd936cfa0cbc89c9f92475054f455e7e02d594fbf8a9e43fc9c7f25aa5e2556f47b4d4d9
88381546413195830490356121814345177109849335243162749316048866938595612502926212981848292492799412243073940471444121917248865926738905612439870244913151 853672551930724604840859009570508671582164031653422485352859828888624450496886002846478529406024580252572327215081889 714819699953841221417627186505030866124039404269662053211155988848612743976354282318956504103247102816197536763728348 -101637994205599673724304591976896477116919 390
0x015f97d5e6031dbb49dad398f0a42046973076168d240a607ae69dc3c8a35c699d72b6e1171b402b923b6250fbff3e720a408621e486f8ebc36ba42924d91b4a
0x01648bcacee2cfff8bc29fbfda5b1051897fcdc29cff8166d8d0bfb34753e18fc84674d60886ceb714e31a0e1091637ff74892cf63b0c1e6ade9d8e3813d9805
88381546413195830490356121814345177109849335243162749316048866938595612502926212981848292492799412243073940471444121917248865926738905612439870244913151 181164174348943975758803847810687423178641007642169473812677855975702181813457908772349390087841961641408956360987905 49987764865622280387100986892343231925527588182877711994249202966938586105049408172041294361170712494522839940537332 69060896865594702049912805664150055416361 390
0x00cebfff4a1f578ac9d0085327f22d423224aa5cec605ad1c56b24e76855cb48dd4385991ace305f1e84421c8af4e9512255d3efaaeb2ed8273b4ff0a9b52afb
0x00e4a74afabd6465d877c1b785d6bcc6e0c011c860b26a669320136d3b9e60401eadc9c88ec04765daa01a16288c2ef82eb41196fcc31d7807d8eaeae94da192
88381546413195830490356121814345177109849335243162749316048866938595612502926212981848292492799412243073940471444121917248865926738905612439870244913151 506362071729688356708867391864235137963887292016982137222035736229084903910421843753617381866209564576348522510346465 263649168881146968958933587568155436598808989757644172422986775044938078587554137151400516596402746482513992037735752 -103730896715241676911651074713961238332159 390
0x012ddb2e78ecf1bc33c4338a9aac4a12a910020bac49ee5ca18b5c8b8a68b98b0953dd6b2d88e5d4de8379aac82b31521962cfcbcfbb6551ba5e3ecb09c51f56
0x00a3c0aff86c14de3a11bdd80ea503bbc16107b059d56bec43770cb25835c59117ac27735428cd6fd771fe0ae0cb0a8fc67812566e096fa646db3fd44ae6919d
88381546413195830490356121814345177109849335243162749316048866938595612502926212981848292492799412243073940471444121917248865926738905612439870244913151 244955353379796827699972338052165578270526605666992052350620907376535071826795189228055425339887923131667454188185287 35281199266421642164283186446946642977968168177620608789664087954362348597891687377178686193065431546699780752007788 -79348247890455241916944025983029377303585 390
0x0119ae338419063a01d312948da794af68f904699d27177961b34a14efa7a7f05b9e9b7f81a10ba60e666142602759cb130316a37a172b76035ac53c67368e11
0x01029915227dbedfee9bad009dd68459257ffe5d030d7e7b13472b6c24dc4b1594889622383f8577ad9485fe55bb477f877b9c95ef603d919b0c3b41c0e99ee2
88381546413195830490356121814345177109849335243162749316048866938595612502926212981848292492799412243073940471444121917248865926738905612439870244913151 1025764334170056500409038696764492743731541352037324653649706377490111164886624298973686764502371682489146420361872325 3197480842639624359746832936707815935786626940698981594556040679898262442235799910698099853705220903387981252082780 -131765626934754471658892263654765243390195 390
0x0180363d532a23d168e5e42dca40448521b9808bed893667eb9a01ce6e085cc3c665bb2380c77af2bbf0222d9f7dbaa9372e77833faeb21e8ebf5b5f1621c7a7
0x0022a869cb194c3aea28b8b89c2575dfe0f5ab13f737b758e1a3f0164d7e10fdb09351f58858c7eede1a072eed56faf40032ab0d9b3f4ba8cc18f5c70dc0514a
88381546413195830490356121814345177109849335243162749316048866938595612502926212981848292492799412243073940471444121917248865926738905612439870244913151 1043568688890599023601220467408793170888412169534601314437792697577602798610404516479783994081652837713179307156847619 694939043649722495345409061702573651319040781656898852865406531006712108245726055799378871259294353118978804811189192 -109495044042440610816734375436720823438691 390
0x004eaf3446375c8ce93f70942eac7a3e6edb6a11a35eb357317d5301a5b0e1fcf6291a8ca650ac69e6907e777d8359bce0a46e020db1facd92d4e23008f958ee
0x0017eb65adde5c0b762b07af94557594418022c3e2c41bbc9bb8253b8a5f18b31f1576acb7c7d310713667b918d6da610bbc96b47f7e698e4030990b4f8a344f
88381546413195830490356121814345177109849335243162749316048866938595612502926212981848292492799412243073940471444121917248865926738905612439870244913151 234644510275715174742377581526356832359959145422044632416851322940582189101069432721285657154036087104550306795907467 217602082481028699683372998129000248034364120844065184576485309624128223150729306003798937916543523992202162559548800 -74405880261972113891917746725968475834763 390
0x00d826eb95cf95963b1dca40d2d095f2c5c10859b58a4a9e9efaf288bff9c18549dade5f9c9e7f1bb084e86ad41d75415751fbb5a9bc4bfeb2d7672306bb556c
0x0045fe8db3b72612aea4afa15eecdf5e5d2bd0ce799bb288474cde6287edd9393f5c331686c8dd6bf440e170874e86153e5783355f6ef3b33d984835795e30d1
88381546413195830490356121814345177109849335243162749316048866938595612502926212981848292492799412243073940471444121917248865926738905612439870244913151 523963688526851353432520511678631987540019318093076541494075503802036332785915010679401979356626531846099378533182709 1021021481034735230019985322643222327432246976845452346701790199758748147917545521585682408964610814639792760494388672 6951831950882273628745010912235301661451 390
0x0005deb1db1dec513022cf38718597b71177caa00ebbb83fbaad41bd2a9947bc77239b78731905853a5b683bd1b2c7afead78d69ee881152d2911a13a3f5bfb7
0x00cccad3dcbc475c7fb7fc091cf8d956e1622931b33061d539f6dfda39809de7aae8645bcef176e199e310bb740fcd9b54bc42c92fd874847d1e1820a8b2dd89
88381546413195830490356121814345177109849335243162749316048866938595612502926212981848292492799412243073940471444121917248865926738905612439870244913151 611759458875434949746870841073040242430060470702199487769457993486289975977372002607993365066313916358300414736349119 314714280980983968335480137806416447321949004967427106668354522464079965243327406068432070058543457694551438187666988 109998959750132343748908179163984241148649 390
0x00cc3d9513be624ae6f8a8b5c081400963659729755af5128d4afd3dece3c5653594db4dc7e685be18d54e1aee8756e84ce7aaadf4bcb4ed618993f6f78f150f
0x0055306a181e7c3b3dd57fdefa8550b9d7274a6c3bbd623a19b50cf57f31f3d600d73b46d66d91ed1347122a8cdaec4c789ce2737ba4e8801a4999847f8443c7
88381546413195830490356121814345177109849335243162749316048866938595612502926212981848292492799412243073940471444121917248865926738905612439870244913151 283267935730113112183657292911602177423599296529062304754565950423954174467220164608863564516701321416578351684604713 659147365054860341496301144723148852480566238279194943449552488296835400036799083618172035516961781979197673345608088 -47523571471626653022737230565392192437943 390
0x00d607971045883563557f7e1230c57c342e6316f42c654017aa941b11cf3264adec8b7ff18748102476636b7b22d4e93d86b18a4d01a4a7b9dcf1994c31f361
0x00a31e33efcd8ef8beeeae5a3585d36f857c1d7f67ecdf47e08a5b01c8f9cd1882780c45fe50bdad35d54193561fe139430edbbce0e806ae9056fd8cc32105de
88381546413195830490356121814345177109849335243162749316048866938595612502926212981848292492799412243073940471444121917248865926738905612439870244913151 454302221245040898695734991990264110783156520827452833361899944044985411205728267375098108685960962103447664799441795 966939614198247558958492723776607408035096512908139101046461232660042355333511563311963784914807553626368593126418432 -6945958590995115101756262662745213705341 390
0x00ae6f19933133fc96af514cc86dadef495f3049296222ec9e64dd30339acc4d4703bb4e65ac742f866a1e438af0bfcf719621f3e91e5b88638d86e32aa56cc8
0x0185a9a149da66810473d5b77ec026c67e7586c5494a0fe9b28061c62dc95a0d0406f005cd89f025f8bf9604b341f51c42d24bb404ae1bd4ba9ffee49a89ab79
88381546413195830490356121814345177109849335243162749316048866938595612502926212981848292492799412243073940471444121917248865926738905612439870244913151 713902474926962508164870994949436762840403319513078519278169687784212413428131294277628847288675222227388484596698107 469311504298757963361865541633864001538562266274398347098632359740152650284007415700103801137455807513462682084798588 110048405463845244748746483768183834111795 390
0x01565e04a5b4874704d00be2a382e5617b0b3d2060f14420a82c1794ba1bf7cc3d12b276f30fa90bf31794ed8d7e2811ff14752b85d7a38136cd36b8d4dd3239
0x00603d856a1abb973957d055a6d7a173ed9b2960cb8de7e52e23f2a9b75b10331b6deb11585238e8812ea232e3eef7ed72f790f2dec4bf76efc21952aa8f4b36
88381546413195830490356121814345177109849335243162749316048866938595612502926212981848292492799412243073940471444121917248865926738905612439870244913151 141308576848046993923198267095429591867983663372009007022431495549461318357457983385365554986197107783871806846954959 350842447945547334616541856125176038799764401812306689278285823183964883858151379461665588803317524281706650894385492 -49124443296745704902974203436148629664089 390
0x005784bd47e44eeabb8bf223890a3d04ec61717904702713b5f8a47972667bd8d39fd2e4700c34530740a75a8c962cc35d4438ca9e9e20afbf9e14c25673fe52
0x004475ab99102483d4f878d24dc3811909e622fcd207bfa927fdc3d9e13719f3c5af9d40d93f68994acd30513fdbb5bc31cece8dd3523b9691c8ebc4daaadba0
88381546413195830490356121814345177109849335243162749316048866938595612502926212981848292492799412243073940471444121917248865926738905612439870244913151 1030391184445796420677243974050632815169245682370840142146714205669553524437261479289913407654129052574898816459310105 1180206757425278033836904827578393741254810337363780350253332956509725281696928574173040160970466590846118062026320968 -40332714832327212558333188654875912957639 390
0x00e06f05ad4c42769135cbfca2b1976dc0e57b3902d4f9d1eb78eed368c59318b50051be8dbda7716d8cca6ca58860e0331bf36cfd6533321ef361dca5d53903
0x001c95580f7e84874a68505d338025d0656aa2141af3961bcb3f632a92ab9a745684270485d78a4f717b977d0dceea3ddf1ce65e09151a198b46ce7da14cfb45
88381546413195830490356121814345177109849335243162749316048866938595612502926212981848292492799412243073940471444121917248865926738905612439870244913151 1041110899122658221621073661322958085134268467401472456681844184089234789469699574527266345094666436057404761250390225 420912270454193893311362136059037909593141273637834402088136676343828290999462616445596832872636542322485303052055900 -124244537794451586807166553467979581814855 390
0x006ce5920fc04f7adc5662856458c3e1c565d8b650f24d2bb048512161a3340c2dab9d731c8e138eb65a8b90255745f4712218acf59a5cf865a3fadfdf27f607
0x0055b6943570d6d1e8333893a7f0f2f09c27e7a28df3052e0e3ca2e4665093085f3bf925a099d80b08b6acc0007c0315d9bfb07f5d244527952433d53c7cdd22
88381546413195830490356121814345177109849335243162749316048866938595612502926212981848292492799412243073940471444121917248865926738905612439870244913151 710258230462105112262659244585782700913939162949537966618442438775043228412390014848947584311331907824003064151031415 874660781044957235304149788537074693077804157528211083147825109824902685018795771553205271664687676088864946522149932 -76820957140607905626766774130844727767281 390
0x005d95c50830746ce544cc9ae7257c4ac3580d2e27898a8728be1b38eba0cb25e8e89f31518dc2586582e93efdedfa7cbacbf86347fd075ed2b4916a52340474
0x0161260e0e7567063c9040868d0a74d7866564609e06e982ece10a9c28a21d4f142da4a4feb562e8cebb77c6b58bb5364dc0dc44534b041b2a0577223e365779
88381546413195830490356121814345177109849335243162749316048866938595612502926212981848292492799412243073940471444121917248865926738905612439870244913151 645383925553919540531356013281507306417104166255913497960497208860150577606965529655135424236082441327952045610379025 1097990054720287205416742775911408205986584850190312253081335742300048258415740760622169759881919185621472028200148468 -7802369063105281316316973125954411025849 390
0x01a89b2f29274974d12c65b34e72c8a5793a91cc5fedcd72053b6cb1717cf49012e1bee811fc7d1741d3efdfc519854c3e83a9d38fe8b4adf8a0ba2d3ad9c2c0
0x01247d5114bb822ed302449c403cb528027bbf9345d8c0de1df9f9ccfed8d7271f979f6c49eab31356ad1bd41b4e74cfc984d38f340e3f7446eaeeeb0529a70c
88381546413195830490356121814345177109849335243162749316048866938595612502926212981848292492799412243073940471444121917248865926738905612439870244913151 351941727709401889915994967932054543768566665662469937514784132932759579816564627934487413751302996169306636651242985 510127446571196404184736672529571852199070306223866600092605027050700557143930176524123924354152687254688623203448176 75470887243552289291314372192955574205033 390
0x0147d5fdaeb65aae68c381b488a65df25ab82579127b7a5186b18395b7c69d3b878ed7eb8cf5afd7a5bf0f91a2d802c942853ace5eb0c2f78bba7281af6b0919
0x019b4053d95786b3b706d3a1e9b13490d56385c70f971917586f49a688ee9d2b41226956be0e7b4b44ca46c2ae2a81a7e4871b3a062fe500e090e86e08a76321
88381546413195830490356121814345177109849335243162749316048866938595612502926212981848292492799412243073940471444121917248865926738905612439870244913151 619766053302958932012697778510273477302556797626289520386528748523129526298689319651667207318785493660810300019913421 1081057260541636406260099090064857705732520282320312742910972034016894610860268282315016119622607942067521520653289268 -10683115900293076284597666839008380642667 390
0x003343fdb7602608cccf850bf0676cb1119ed484a1a56dc11deb4ad54bd86a6e523270d86e4c28b0d3d67079afe38ad0d566e6dbdc0a9b48d50456db7a9e80ab
0x004c5039348ad8bd172c54c391a84c5d7340482ab421b223723ce6efb5a933907ad760731c037f64a17baf42e518cbeb1d0fd3e9c4ecfb2f89bf3730513b994d
88381546413195830490356121814345177109849335243162749316048866938595612502926212981848292492799412243073940471444121917248865926738905612439870244913151 874761096688006585487281833570904188495688622039974842467783784681541168459475638253296137224096743768757806073189775 1031933242731891004891047789970315246307392282657882262893465026271297773692946174266042552691509189331864295241158036 -65208955163660553615132485625732580050073 390
0x007a19f5adaee32022f8be9221f4dcfd364e90467a0e371ce2a983564821a5399d19ae3b6be0e3cb91a2e62423af720aebcef2f91d7cfdde5ac33cf45df03222
0x0187bbf4e2ee924d2542f42888e36f5ce2d7693c2445556b9c3ca7c4cb0c4b63c1395186489f431c66845d2bf2685331f811b009595f2a70126feeb48c4a60ef
88381546413195830490356121814345177109849335243162749316048866938595612502926212981848292492799412243073940471444121917248865926738905612439870244913151 759767991676121060486080368152641242504106808236222678142989951535384963477743335119025807532800989148398773368227389 727427989302902391116969486685287237712851480257456937189656990109229025236214671472269015994956622327069446428479472 -95705209625268433646471273932560760402109 390
0x00c111877ce094dd40ae16f90c4821466226174e0defd8b60f127993eac203d0b13dc2ea3ac1e39e1dada97a49ac92b0883ff18307fb0fdb178ce9073571e076
0x004b86617b7a9166a1b7b664f2c65c5936a1035944ebd5cee888e2b7a253b05cda553a1447653bf41b8fe46a042330ef985b0f0ec5ec10c08d445798c1b0ac13
88381546413195830490356121814345177109849335243162749316048866938595612502926212981848292492799412243073940471444121917248865926738905612439870244913151 1092521744208575445521955533392039171837980391378405243397072277918904681229983722897914695100740283787775920117339739 216062308940461797091348998985689551308577763000622584292187066226819522926881615998231169405190110553175092948421568 130915359700187172478040669699792651358629 390
0x0064ba4696286ed2f773a04e5a18d8d83f3b6cd4de0ab2a17d4fdb0944341144c999449b98e0eca001d45c7b500fd1a63b16665aa91943c50229f435ba705999
0x00d9c0f471c38ce6770a5b73041516bf3958c594cc75fb09a7b2156673d5b42bcbe2389fccc67e5262e8d6e6121d7081463ead89818ce7b4b8b147c0bede308d
88381546413195830490356121814345177109849335243162749316048866938595612502926212981848292492799412243073940471444121917248865926738905612439870244913151 189726430527735611196786232896210150474925732862756186951662159632466051912659517558260193707712712165280553579889253 460973843132327611502306671418681727987465090302012517757455209177779606987573464352087120771515305226239377262437928 -51007223373327753069503930571514167845627 390
0x008acabe881a414476d736c380b35cd0ee36d2587f2afa2b1d4dfaac82e6a6759aeff180d7d58b8c6738257000af75fe32a279da3657dd1edbe59c613faefffb
0x0129adafc57c8759d770d83c79d1de6722724eb564e16d19f7338ec37dbd0b96860ea8702b2f0fb5ca7b740383095ff6835971118952952d56da2a783b4e8c06
88381546413195830490356121814345177109849335243162749316048866938595612502926212981848292492799412243073940471444121917248865926738905612439870244913151 522927653518118437733739434861181647009613071255784906992615791012269277597269441970009001271186956749167264103286219 68643280596613120163822297046272235525783933464504320002436526257468017732606215197320329294162573676585854014816892 108503473712072674225225316285600552790909 390
0x0089557638530929a64d30f3739da7b5fd1eca25dfe47ef7e33d28a8151e3f1fc918336170a33cabe9acd595da30917b4724c502c931038030a96ea50de4f77b
0x0129bdb749f43895476df607536da6bba422051ef51fbbe7a72d8335e722af6b1a067f6606013978c8a938ccc8ba07147bdb043de82e7b508f8abb45c9077f7a
88381546413195830490356121814345177109849335243162749316048866938595612502926212981848292492799412243073940471444121917248865926738905612439870244913151 673845050956253834506408451201833821913484941740317733661896809242976239557320453779906482865889545609147658461239585 230014123898126004161394745221219287786012340893777293044081641377850925250845792404185485075255197880880416549133184 116147116283576390975778322649660355643103 390
0x00a12afea9a8c6b97172ebc59c5da1765218cdc3d9a80d5004c90041076e004c05d1ce49b76e6b6db5ead5dfd3ff1b079063187893f594264eaad30236e1ff34
0x007909f98936679c38e1d47a7678051ff312e64fa192da2b18e70ea9f379f4cf9dba666d2f40be4ffc34c9d1ca8918f49fd97efb46e0c58c67bfb05f70aa50ff
88381546413195830490356121814345177109849335243162749316048866938595612502926212981848292492799412243073940471444121917248865926738905612439870244913151 858370951082813168007268650911438728075542060230499626603883781119167911955318585344813634611408161542404902735017599 419793156635638844768046934860977068237502571901081763687088314218057281503771586087958063993785030564241441810351340 -118999065324500223368461735893217482869545 390
0x005b14138407eb10b704aae88ddb914496e9228bf0a3e93c902ef79d00ef0286fccb796cf6d99b63236ebb3d4a5c174cba45b38c6baf11790f83afb1ddd915e8
0x012d33c62b8093153a40e061ce315502c0983233a5502d8d383eb77ac1412164eff31b4cdf249a164c45cbd089bb965a04dec950be50945dabf907584e005ee5
88381546413195830490356121814345177109849335243162749316048866938595612502926212981848292492799412243073940471444121917248865926738905612439870244913151 1252266591537128727789539619748963711195292738111719460407490814444844769355337258306648594976685920355856164943968201 69088344129211764844794072523542302537063086581685019355227037071886074045616044502450210172284132070614372438940612 -133913523687262838749953412562360181646223 390
0x017567679ecfb97cafa11bc5b30c49870a1fce1fe19ea883c235992983cd3cf3e9c33eef34bd5810b1e07dec9518774fe7abd15031eea0c4ca58559e580b41fa
0x0109412e425dbfba7856be6fc4c63af7297e3857e77fab6228e82c3d07d4567b1c19140726c334eba24c372a93328918867f47eb8ac5296e8d71e6ec9d2c6118
88381546413195830490356121814345177109849335243162749316048866938595612502926212981848292492799412243073940471444121917248865926738905612439870244913151 267187088628916699529729507460621858935324897029821686618663050772888730892489830645687937556907238145121315969108255 715990568919190175071589831005227778343979619098066651607870908316344903639234140397534430676701092263301626334524688 -31865201641601284689418364040091053115551 390
0x014088b5068523659afc436422aea9bd238a27df3bda6dbcf4608aa55d961d8204ff96b46572eef083c649f22eaa88386dd76a9c751a7670cb1ceace7c3c016e
0x00fb6875a6fb61d425a919bbc672bddec2484cb9676f79379b4b65d7589e8d74181b5c83a6f950f0c53d2824a13a23a6e8878dbc8e8e893bae1171bd4bd1368f
88381546413195830490356121814345177109849335243162749316048866938595612502926212981848292492799412243073940471444121917248865926738905612439870244913151 589684256540502140969011994965791837117304170530814638348191226780643284138141429632132439872777907705870818543142519 1025588860613314034651454579045711955974105490017575653622653273561204597323679268107704205948955394544119089607201596 31458110336633564362104511575448728527823 390
0x00dfb5ddb61a8ccfdc948f677e1ca0781bc0e04bb36ef533ade30981ac251fdd4a680dd117ca95b9e3d2d0d407a31213a6a4cc3766d90a397c76af1ba6a090eb
0x017eb2f668ee141bb065b2c5ff14d8729651ced88d4c7699e3dadff98457cf20229da8244b117e4e15207fc4afb0c7944a7fbb05f0fb73d90dbd1b81c8495b56
88381546413195830490356121814345177109849335243162749316048866938595612502926212981848292492799412243073940471444121917248865926738905612439870244913151 320312917342299562959006263422374380612019053716302215428230542522373497551632272799509001600203618844449196341694663 832459659052140571625217454453827042581899876023327704218374369155737665896848022764874866048872451402146332582008988 11726168625774902110082844791403172730143 390
0x01101102613c27b34e2cbf5a008c8249fab3c31cef37e36825913ed352990d21391422d9e568ec56ab6f40e22e9c86224a3d06cc6133d9387a0ed911e4f3a842
0x00e7f9c9ec2a25bf2dec267856badf777f44fb7e36f1fb9ce2a3c1c0696b18b97bacbcc4db7e8a6b4f5125eb357aa3ac2d27ef9d4eae9c91522f563225eadf58
88381546413195830490356121814345177109849335243162749316048866938595612502926212981848292492799412243073940471444121917248865926738905612439870244913151 761044395271043113177157037770804487479023268126339763502569113506151751075536117577926375952463310505017669327548169 1028838374851779010562391623463044273056987178999706402686120153125642947148241843511321598661220595322459550302748472 56431299556457578444898674653696565878231 390
0x00d3afde6547ec716ce4d6181b4ce940ed614a032c9b57473c9f55543cd8665515cb9ada377f075c899a4a04527ad2eb19ed446dea0c44f01d5654d2aa3d1da4
0x018b1538ee0aaff369d77c8e7c747e0f53d8dbcbe86bc5812f4cb8559ecacd1a414bc991d5bf8edd82903b99d6d1cb38a826fc187e610cea04539dc70d2ef5df
88381546413195830490356121814345177109849335243162749316048866938595612502926212981848292492799412243073940471444121917248865926738905612439870244913151 378712575879886477109627837802094951074373845323066520693260871606983163367530347214735289089644743655500923787802579 578590078073464536285492539488524615460781599795172916603977749637914023232100179317809156960728027611386663684851232 73450827019535243362889628471184305099309 390
0x0198e08f846c4a997be59b29d2b8c05236d8d48ee89bfbce8ab7deb48385b82fd1546e1d1339ae5d9c5eefec4fe843a888e23b37fdebc746a7d3039dd1cf88e4
0x00118b35797068d955c1c2d55be7cfab57554e4bd14c1494b62aefb9b047f7b301d5f9678548dd871daa86e531329fde17c817ca513e56ffe32542e27f861fdc
88381546413195830490356121814345177109849335243162749316048866938595612502926212981848292492799412243073940471444121917248865926738905612439870244913151 352342302478021451401370536709639569143856337235411901423280035033021371545108338450931260551063158886001743008250405 192225500590117163281730178063107355976368594946198818711207465478764820911577565872337411726445271000392881625443628 90721575005368405185189130546639328989869 390
0x00ba41cfbcda3b53054d25f3198892787b7aaa31fe18909a36f9fa08a0ffd068e9d74707d47fad70b569054b432f0265ae9e3aa88c33553aa33a6b4ebb500f6b
0x00c3d365794eb387f955604b1c082a6292b78b71d22ba489018707f865a0b0e593535f082aa18b73ef18d1e2f346457646673b8b32037f701508b8f4c8f3b250
88381546413195830490356121814345177109849335243162749316048866938595612502926212981848292492799412243073940471444121917248865926738905612439870244913151 471668694434911346327149900900787414053403872731291101744820503745210878378548578347737567410019282003278827406649329 686270931713954463169890962808201710111633438758623509333165874491406929102606519364872799736553271284571202443370224 -74912071359170123678961072610079808446577 390
0x003bea70575aaff0da9b1d8638d18bcab3630bd69e7f3ee9dd18220a21306163117802c664667159783b28961a04cf622cbf33cf7508958e988da01a613c1f9c
0x000a5c39024d49eb39230620080b4ae6ffa882bfcadf2cd09c01e8d8c4ef5c56c6ced323bde47b90009358722eba532e379d3969fa4a8a50a876d21c4860c17b
88381546413195830490356121814345177109849335243162749316048866938595612502926212981848292492799412243073940471444121917248865926738905612439870244913151 340170903676026659623787266054705812871940461063455103296479944567398034234886835260466502308818144192534684888652723 200756344004223467968967704827880303975186256885980584195775906799570462982265489298548081896906513526639143848422672 -89109839054146919880079555969686369970483 390
0x014a49306c0739f0268ad4a8c2ff32a3706bbf0d9fbb4ee216d325f5f5b2e6d3106767ec0a06cecf9394778f1e2ee3f237c7752b8375e1ddb9bb1fd950945578
0x00ac0d98e71481ce9dceed348a8762ec2d13cc9c4d9c895a3e71230765b75cf759502efb04657e3b1237773d17dec316c172b1e74fba4b17d09084ad303768c1
88381546413195830490356121814345177109849335243162749316048866938595612502926212981848292492799412243073940471444121917248865926738905612439870244913151 889447847099675133692508211176552272284412283114758937825867689259624794829279299062602094539110453707874519208681625 62094521349056496407013225750107182779760077859711062947646412653780602251165011543280799630025457552486155638292580 -127996881141272221506728691302106415015615 390
0x00f6d150530efcf907304246172d405dc376c0e4d7636b3e305f77a95afd5e90ffd8dfa06655cc9d67e00d78e5828d523c38a638c56fe872ed83215a3383d43e
0x00ead0d69b80dd7a9c3552946985ffebfcbfaf4a32a00053e8b571e0958e6e87f8f832b07698050476078e70dea8a5be763ddc6289383048531a2f3d28541a39
88381546413195830490356121814345177109849335243162749316048866938595612502926212981848292492799412243073940471444121917248865926738905612439870244913151 925575202215872545844394412727993109471018859397127013289150011134477077939507007249451176986646908701106006762565215 392868132158872899716797754705745029025981047857876694249953594430135002154318751951930337010518990882984883386213864 -122349301737645489839500876353025910820033 390
0x01869dac5ffd8a3b8d13bb1c22d3e769f6f0f2022692446c04a76470b94f2266068d65d61340d2959eb704c12231790959601601215e392aa30fe113a3509b46
0x00151f76dcf86fa842184519b03432e17f35d3c1809e6a876276590833c3aa3bd8e6949d4d2af0d76de0a04fd33d76b38c0e699698fd161f667f777aad57d502
88381546413195830490356121814345177109849335243162749316048866938595612502926212981848292492799412243073940471444121917248865926738905612439870244913151 95972922499750387753027341663668235089061693578338718108565329263847543381774687053518379131387125601025822452322095 469746594432954586842110509666579779830970881764536954813523515204861191564955188954492282847397605153554597537721292 11722428390976215490303868643431147950471 390
0x00979c944341d7ea3a4e9d3e0e01ea9a943a258fd76475787f3329230904d0c1f4bbc1e0fd41f345c4d392a39627af649614b3aacd876bbb0a7e7c149373e223
0x0160d5992d3e4fb1c1f3f714efe27a088c57a67913d08d10a32b8404399be9226a0fbd15ddbcf05a306d5c41e6cd46dc391ef8f0ab6e00c3e4a01b21dbfcac2b
88381546413195830490356121814345177109849335243162749316048866938595612502926212981848292492799412243073940471444121917248865926738905612439870244913151 99347514929241936275136752992193723814047393880486747606895205769952220295924751255957470126566425814832651700707877 133946128595827930730093431441587130388027252565111171873367006833104736310895515479439747425302565145442464933834788 50198977081091745728076952057715652265875 390
0x0155370a4fe49d8e4f6f9f4afb9d960734ab41248e5948379882ed6a4e1f2bffc3527280713844aa7b1302a56c679c21cbf390678c11d66edf76c551deb2fd5b
0x00350dda2cbe1c7f218c5dac9e1f67f16669c1ee08b84fecbabf0abfec9140372f61f0453699eab7571e188baa514a6c2dbe1b5554df96c187b38d49fb3246d1
88381546413195830490356121814345177109849335243162749316048866938595612502926212981848292492799412243073940471444121917248865926738905612439870244913151 106455679135498443000675137525713619132896270781965886907682625705246775968855766709354421933578583253841672598760725 482361641365773650804856676510066902061374089256946088478059307954029321261735448132241902617122705839138940456093112 16631434800071304366697867446026174274741 390
0x01621cce3e5ae696dcfe1d8113269c112314d4f4b246f29387a7ed68fd5916f263972f92c1a9944fffc1d70f3dd983b5390e6a5539594ef9fbb8f481dc1a6efe
0x004da4a14c650e04f54fea5e098d07ca50528ce94cef85f61957908e12f5ae02e37c61408470c456e4bf86fb8ca0f2e7427a8bd57b8c2718830d1368d12f65d6
88381546413195830490356121814345177109849335243162749316048866938595612502926212981848292492799412243073940471444121917248865926738905612439870244913151 984937071848534143502098409316488118697471904317590147304476371192980547911384753096600677054703258077567633251883127 1228265951034614662900942513426853874673233510437803023197559083665560832251916893337507752949841881413393164509906888 -7525631964179530371933087422553318376105 390
0x01521a8d92c2ff5070e920b19a90a6f47bac03aac16ed5e282faec3a8b65ee19599cdc5ab174bb3ba7695799d0e5ae18160c951b9908fae2dec81f12908c0fdb
0x009a94b7138c258eab2b4241f97941fff711d0b92aeb1df30a25c728fa73384bb9b2fb9ba72063a36c025113c3b09bd5803153e4d88bae7dc38d7e99ba3b11e8
88381546413195830490356121814345177109849335243162749316048866938595612502926212981848292492799412243073940471444121917248865926738905612439870244913151 619164648724113205886086679288395264351171561376572480871821131659763356783957744822058318642372283024166019483464079 1083962983324916145197181040957697419249449446126007375715662902187504937390692497058475639997656618381849471317716784 5849833585304371855821578861402375632143 390
0x0074d5af063e81ba2fd26909cb7121f9ce22106b3b7f16581b805229efdf6932ccf79674e060f3f86f447a0c43e86230f4bee5d80a51c335958fa578f213e28e
0x011b2cf0fe01432d50d9e9573a147e705a38384706745bba5ae8d9f04a771410e56f6c76345a5fd18648b9b19c131ebeda565eac8e0d6393876a8c8a5dbaab32
88381546413195830490356121814345177109849335243162749316048866938595612502926212981848292492799412243073940471444121917248865926738905612439870244913151 167633165828138307370753595760670539985850005036633676220320905051971158644216194624011096635930911828659284283178917 554176549867956744255001882221481303202238209431525281065455061843690896973363545745120083496945662168925389225914088 -31466972551426963521315150900921765912645 390
0x00684777e7770d395baaac8de3dbc7a64a47943da4cd6a4a4fab099f3793182a914a2bacf307b46f7143742a1d7ebf99fb4b0b15bcd61e01023429b5784a7d0f
0x00d0815ba0d5d4d1a77cf9695ca503a81ddc05b26a59affa284a6c27842804539038ed0df667d2295bbff95ad0db239d67f25bf496f5b33e7170818d4c3dfa5a
88381546413195830490356121814345177109849335243162749316048866938595612502926212981848292492799412243073940471444121917248865926738905612439870244913151 441465897735509958409438839408209371389623577345853615252312912624362906783291931350495161373795120372183606698858545 777043156351046818838264542694294121051595902686273578060035741049059366592863234567219696901880224489770017461302352 59659152997466009015612084303857665486001 390
0x006bf290714bfa599d59cff2c865a48b8a9e81f34e1c272643c437623f125a9021619e34e1dc2ca542396b75b54f1774ceccc12beac5aa0e2e165e9b9514de75
0x0001619820060e64338f5528b2b5fc9577ac05e44791d3a173f344a91cd2b9a4e83072f7fafb68752053ab44053624eb87c2c13c8fc3694809f59a52dae35ea7
88381546413195830490356121814345177109849335243162749316048866938595612502926212981848292492799412243073940471444121917248865926738905612439870244913151 334220122457994817579488479094538801524465200736786550980736388471527787942997514459807864478336486103527467250953261 402590048821380125156131927391792326502046300486786458070016870549154095954351801082917799322713085504973397027763772 80239273562204293392982395486130283107253 390
0x01647127d25dfb597f6ec4a11c861f90bef8c698e89adf38ee79f0dbc88791c380f4e8e6e6cae92b9b1992ef9b27c2a9ff8a7ea11d32c0c36fb62abb220f6668
0x00facc3a1c671671886ddd542ab92b66489c1cc29c6e14d3062aefbb1c91c9d59f784a9ecb15e2b73e6490b7ca0933ea48a11e64d3a9c0f2026cb206ee907e54
88381546413195830490356121814345177109849335243162749316048866938595612502926212981848292492799412243073940471444121917248865926738905612439870244913151 698737983992522632325075626223677279759348891392205682942207955824526221931337642574560946086365889796147284856934835 267339737042463762272023904625997537519936533612088638688333126235901311615338872109378493086469235769726889342240092 -116635194749951739685861588180003592024149 390
0x0086f5de0df9945f8f7ddecd2e8b7ab4609cb7c4f0117724de5a2a2526d1a1273be74e018409cb0702ee27fe083b90721ae289280a7032bba8a6e2a0e4a8d2f8
0x0013c0b0348d07f46b744d21db802cf6162de15116996816dfd5fc8ee4c11dbdac0d172a6f73687acc00772a2ddd5327458ccce0a6953be5fecb2a9e2dcc6660
88381546413195830490356121814345177109849335243162749316048866938595612502926212981848292492799412243073940471444121917248865926738905612439870244913151 1208396477366405737931937938458021231868105759058381185187489173208367853225861185875089351642456484457808315880825957 550913968019766933961716841313620914323148341272087180673839640409631906879240677855053867017137284968541262137483020 -120509263294200532764093687897152621238637 390
0x00d2a97bd1d71c90bffcf3bc0af82d22bfc0da11e3aca3e6e44a0d6ac40d36970f377aa0846cd88a5a875f3847ccab5d07bee66b5d62b472544b094c86ba1c3f
0x007743cd59aa3e90b3e9e82ab7e7dc29bd4528298268efcd80b954337cc2986fab60017c431f5a52d4fb63b2095c53aadb3f251ac34768a432f0077c7dfcf265
88381546413195830490356121814345177109849335243162749316048866938595612502926212981848292492799412243073940471444121917248865926738905612439870244913151 1017409150027756370736326030860705350815231181531281999257016346830220816661920210045077641123057863374064783619360017 1216564289868454221644285556560918516465593599769463461081651969778433377960459850109418920507489894715304004051111820 -23898833358968931701435542911969954146887 390
0x01a26b94f4cf085ea7199643a69306c1c57bc8808cc565244811a0ee7f6fb32987c49a64c48031172cbe42548ef998e6fff5c2489be5c675f3ec9c42ffec22af
0x010da128f29f9a1d3029479fd25909f86e58db852c59bc42212ad27a92167739d29f961a3f04055f112a91dbba70d6f707bc25544ee4116cf41b3abab022a2f5
88381546413195830490356121814345177109849335243162749316048866938595612502926212981848292492799412243073940471444121917248865926738905612439870244913151 237422340857245747716811093543769543136848437343518660354995967838684201571315548685714580382034818936824745680358125 735538736899999694287412402980796110090093259934895785090656120507775414542306128281528020318884629158635635107909268 -3876391579454871919471713987071180347701 390
0x01934fd93bbc067b069f6ddbd9ab0598600b49f6aa1fa1e436be55172b8215a670e6a5344d79b9e208d9a923cd9f725cd7ad62cfe1983de973a88f35672437de
0x00bd0645c3091cfae7409fad7214f0a42254f68d077f38eddb3c721c43de03290f68d1275228f185e1cc59ff27cd33ee6637602fac32bd80738991af581b33a8
88381546413195830490356121814345177109849335243162749316048866938595612502926212981848292492799412243073940471444121917248865926738905612439870244913151 113453115600544252690559508574381105448906337861225580933841613904808206391864128225190310800166230491640924636112309 327662694473069709415813782608532262402045621093672788672201911155219367076305336466548345795967790768148774350885192 43320614142575706442392937686985218767189 390
0x000c40bf4d62945d5350dd97e029eabaef30afbc97fb294a938344d949a16732fb527956c01aaa8ef778b6e6df9e4dc31a7504c9918752847a724e8befa86714
0x019e0c50b2b36776bcc8be6fbabde039134de9c018a9f8d254b6f69752ea39f58bf888db259afa33b912d5e48c9dec2f8bdeec9dce85e3ac195be8418d2b31c2
88381546413195830490356121814345177109849335243162749316048866938595612502926212981848292492799412243073940471444121917248865926738905612439870244913151 840784596786140472974549654670692493224706440688668221764468219460006251599261090480379212352161784887082818107543235 418450843648387945166482009586229726228310804124264484484393264592085073501382311140087883555262352283917317777936776 118363132770187675077789348351064943938083 390
0x014d29058d24b6773e4087c515076a9479b65bb5abb2019b49782c84d28ca2fb11d2631355a9fda4b3ca21dc95210ec308518a11281f8c8603adba9aa2f32cd5
0x0190b36126063ac8a43cdbac1c1019f9ddaa4ac0d682b74bc30a25601cd469a54947e52339337fff4b1b188b7833b3f5346279d83f0655421d160e9ff1478345
88381546413195830490356121814345177109849335243162749316048866938595612502926212981848292492799412243073940471444121917248865926738905612439870244913151 670511499844572381603499503366647545121162135084482655526761810363953604653395014182823526135364286869799122244901625 1033352789507400526463543835413503601252785706853017618904479848871218556113534413225310094963117612219629188808989040 44299531241571086378147775282091240253305 390
0x005326d32310063b3176b3cc89087b337812bbfe5717d43212a4d016e4da9665888671e9f39e1a47ad630e0346d7ab4aa866866800bee97c744a022c7e4aa9c2
0x0111fced3f2f07925db21f736ba73e02d94a873f76aa573d241e4aa6dab504e7d2eb317e4a4a84bfa7eee931658edc53cc1bc8048bea2e6e4156dd4fe3afc1c3
88381546413195830490356121814345177109849335243162749316048866938595612502926212981848292492799412243073940471444121917248865926738905612439870244913151 76993078316835676081441231399588418470608504990243063976234284173750555416830552107766551728667978929475513359839475 308403427813861245363178130579647465079070362080215704901962800794972890165787260957583317804236206752945218786521808 32458547432446921777464465267342374557069 390
0x019ae20300308d205352073657b7bea31113f56e6ecf1191e3b3b0a8d5e3116ae63fe359375ff6e3aabe6dab1fa28666a4a23450bab37462b53af1f40692414e
0x00f860fbdfd4fa7029c5cf60443e762cb4e2b5a272f3d6e5729e9796dde63cd8274e82134649a019631d5d1ea47c91c7016da6752cc5760f67d7b4265525f06a
88381546413195830490356121814345177109849335243162749316048866938595612502926212981848292492799412243073940471444121917248865926738905612439870244913151 21035834332818347750309955429663771424375164473934569160417709249788601457538452351021870665775373365259656064938775 211592523326677267921926031113809314214060265492860079007919409386904691776546630010568526013147644040399807699898732 9414051525962578632732978211461278200751 390
0x017044c08cdbd100cb2c7d4af4f6a4fcacb1df3cfe2c463a1f5ee828be7e36e8cfd0485440984793b85d342aa4fd0cced42799cba2173446d01afb089fe3655c
0x00029d90507bb254a006c0d8324db9a2ee9fa8563f0e4150e8bc1898819ea66b68e6fcb9eb09ac019c8ce88a5f00192ec759bce165e1505e50c6d2533da7c165
88381546413195830490356121814345177109849335243162749316048866938595612502926212981848292492799412243073940471444121917248865926738905612439870244913151 1091311516066170460130511865634024293848828923753125708628496719542535479537642261721387109371690412843637276076532649 892539610414474089197978213588473238343711470183923419707007419604734425333920498731570798758214371069385816463866180 -92999480706932349434642239801221617106095 390
0x008119a8f0296c866c4bdb4f571d4c51965e737ba3b9acc51adb6ed8306d7969691e8d8810c2d36a841389ad0d7f861c0edb5923082f774a3e63ef066d45ba6a
0x0000f49265524164c6b8357af12dad7412a02531656bfd885f10cc37abdc8041502038f7e8bea39cc23dbefbf6092381845ccce3f016678da139fda0066c5811
88381546413195830490356121814345177109849335243162749316048866938595612502926212981848292492799412243073940471444121917248865926738905612439870244913151 104487048902259900446227242185479019660248231214389443217925068836371041166115668474931267922742509043539687866936987 4542498160465103589419060621543927740350052822434348652755630572701763202382696311734378140420566735226954721666940 -53455537369945640910562314091989516287187 390
0x012e0b48cbafecd0248919b56b336c30ebae722bc7338f26b4a1f2c0a8d3cdcf55d5815da05cdcc3cadcdb8389a9d3bda9917b59b3db3cbfda53cd8f1bc53872
0x00edabb7b216238c78aeb1700083821bf655dc0f0c6c5f7438db217d4bd7782510c449dde2f1b92b4d25418c7a05c535ad0e7327653507e2c6bbd50dc915d6dd
88381546413195830490356121814345177109849335243162749316048866938595612502926212981848292492799412243073940471444121917248865926738905612439870244913151 571737872999926302028255882535145517763657030034536662926685425604473387155388033807596884327217275994538526394152267 921131365738154893153189116734543017507196056855641814797536798235594605105925533650708731000241165698600331190495920 -54901811195590405056878341387145505053387 390
0x0061733286173bc720a47999c8de3c4e721f04c7e323116917883dd23b3b2d8dbf825e9e93d2ffb009383720c8dd3973b93d84faddf1dcf4c4630b99b93214a4
0x0155f33a98876151cf7940b4ff3bd69c54d64a8fb06201472ac6848383f85ee4d1ba4ab0bc951012fcfe53267f5b349ba62ad70b2716efcf536ef5cc1d66f95c
88381546413195830490356121814345177109849335243162749316048866938595612502926212981848292492799412243073940471444121917248865926738905612439870244913151 697489508779047971977518953236994486997460285619662338948431717022103131042647651592139557928707921403127847129077555 928357842399600365587944683395722190332148086671125735106147547248687090009173751383988972253708881385247462003055404 -68154811178489432117256960081951941346027 390
0x006b61258ce22873c53c46a32f5ca3f5a4d8deedd8a91f86d7285dfc8843956b725ebd4f7364be45e889862af1313eed38f6c863a089ed3354f238dbdd5d21ea
0x00c60caf6cb1fcfc55ca5fbc49fd69bb1103f7e95dfd962128272fe8f0b55d1e1f4a4d2b001bb6b94303f0f89c081ffce91124daca2e98941647c5a4047a9982
88381546413195830490356121814345177109849335243162749316048866938595612502926212981848292492799412243073940471444121917248865926738905612439870244913151 1158589089056435752731776687378960328306851386221055879648511938573667028689321348596482648753812519933745796246502449 993048208156988946445828519148123997645557247030040806702002996345653096062968488157422267477644155276910648735461600 81923802767000478662335939995027255755215 390
0x00d60bf991fc2049cd7e925322be2f00756511a57aec32bf0f8b554c476c1fb5b4d4ef1b29d373a2199b62facd0017ceb997873b7947de8fb97cc6460ea25292
0x009122cc308a794afd4c0a5db5237a4b49976ed5c451176f63f81eec1e462281219fa96113f564ccda728cfd57a2e5d0c5905656a48577b154b737f82a95e12c
88381546413195830490356121814345177109849335243162749316048866938595612502926212981848292492799412243073940471444121917248865926738905612439870244913151 744308046711974381933506844901657890837342137405191047451866466013264169956109867218850810198738738019213610309489395 979291767978225239625888656233111445330971913390397403632510870283674306776270795783384663473748712635665666946293588 -64169942798788234508782850647848009244331 390
0x00a0cc8870e3486decb38498329bba12f7f920e1b95a96f87c435c769aa70798a56a030462a68a255fa8c498b80f6ca5ed413739b606634397c67791699c8ff1
0x00b3074251924509c8eba0cf65dc75bb16e8738dcc341dcde9213842f0c7d738572f03e000d0a30eb704404595e94ca563f04bf81f905136aaeef29d2ad733a5
88381546413195830490356121814345177109849335243162749316048866938595612502926212981848292492799412243073940471444121917248865926738905612439870244913151 696306922435611235088443179096476122739981906545566834737916470011120755598349164594120142535900359880820090415323653 997399868109833284864776766714319065068355487710609822261630275869215419468730655320526707302027175066607400372944132 55907242870202919273272937901856662336717 390
0x0085a579a63c7c40fb205ed74e95cd4a1be9c41477a3b0cfebff984485be08a023012dcc3e805bbde38109efeea56d8ee07b2d51ef05f4159a585abd4054a431
0x0028bae1de684f65d27d5528bdfe250e3d583da7a69e0dc4d907388a6bdd2b3686f63036488c18a426b45b4730397a0d63fe7a02bc1762a42d4bf318a3c1e4b2
88381546413195830490356121814345177109849335243162749316048866938595612502926212981848292492799412243073940471444121917248865926738905612439870244913151 1152021349625222275273271734776841279036569368132016424593195968616974350999315326075061338756018271396086838032398449 1186374593758438374520272807805659240978062893947072293805871868717751850203409102326191348531130418357017158670517460 -43915111516118853981136535183207902921625 390
0x00d5ab75f8a9bf3477ada9cf559fa6b869262b225f87627b2338744bbc3b269c9715a4ff0f7ef3037ba57deff537b932a2309d0ac6a55fa36e510cea11c1bb02
0x012ffdd18a940d1846b7dd5fc65db3e5242db6559d157458ff08247c24487afc86803bf147dcfecb70ed7bedcafb3fffb7d21392b982f04350ee809a5261967c
88381546413195830490356121814345177109849335243162749316048866938595612502926212981848292492799412243073940471444121917248865926738905612439870244913151 781613750281961344778683218404304711882345414147835274360201962529242040727733893719428887511831582704181417243576471 628189650974095325349897380700742825029820302032455593900308753115205663644288737624061994027527990082980007010187452 104517685778077165853582611627170086635247 390
0x0155d4b0f5612e68d6a22999ad5c7e522e2de242ea6ebd1f446cee195d5758390bb31bd7ab62cbf83f5a99cc5fea80be5cf0cae12868e24ffa919a099521f553
0x0042c4d72cd2ff9a4323b8bdf1943e2c64e28d8bf68fe4f0e377a9a404cf2251a1d0cc38354488b6a0f7cf7cbc95d681c618c952a3db8b535914d5aa2433f716
88381546413195830490356121814345177109849335243162749316048866938595612502926212981848292492799412243073940471444121917248865926738905612439870244913151 671940950673691408123567218984213812634102024183261720058927600318458850748899474158532803107038935613357459053897763 1113320046086541204081231104481335080650515930436523589835867595758171090996955662351514634612724641994292765619981012 -6262664714773506244681768427610515931557 390
0x00ee1635d2664421d6ba1c97d4537ea93826bffcda01b92f812ef5664c37ec29010ce09fabf64531faaa073f006e8275808ca6e544650776a7190692a2ef4b12
0x005bd4b8bf08fe720a17871add9b3beb5d039987a7a177acb02e8162ed0b245ac59494168f0632d9f8054eed4defd1fee0b088d5fd0e071e3bb3fdad4e4ea5de
88381546413195830490356121814345177109849335243162749316048866938595612502926212981848292492799412243073940471444121917248865926738905612439870244913151 970992103199826124219241696031851891092540063519447414142520747140782727405266232622191125043636076441051155507940315 1061098945282888946596807120976804975989180590235996417470833735304449184516990216272944267993090550786051314919264028 65555495129093655994233987083991509469549 390
0x00cb8c51418aa3dd862849d7d613c8804a05324d96f557cabea98cde2334ddae32d3481816d3b8540c6c009adb096fc1c987ebff1ed906725ff29f31b73bd10f
0x01462604aeeba270ad90c0c72ad95d02b92e9202003b16127e79fd7105f9fd35e7068068b062c9535ede252d45ec783fa363083c44a4b3081f231d35d4296a4a
88381546413195830490356121814345177109849335243162749316048866938595612502926212981848292492799412243073940471444121917248865926738905612439870244913151 523705239153968901480222374920355768690808327566856158446584819346000969254148717314125982128399943817051260913490289 534969391700403274794117780492022738635270847203600319271702336069137134745559215159608808596987579965178144748097752 -92742385589721940009604209842779990824081 390
0x004e494d6999fd124c32f49066b824040b92bff3a7d55c16c1433f526599cc3d9d0b6ff5fb3d7fd716c1d600d3ab436cd1dfdaac387684a697842370703696dc
0x0089942c7fb1d6dcb936db4749185cd8a4d657a97702fae8644c1a541dbf9b22fdf05de2040e5fc2c5547dd771461f1a20e8a939faa41e541ae97420e2fee9be
88381546413195830490356121814345177109849335243162749316048866938595612502926212981848292492799412243073940471444121917248865926738905612439870244913151 976710709065383125446461630659631930635561750367666282305915919324453823218083856770893829428012713607263625304853017 995790925196690224950453482049951859933387069044497116260334538221953639077013782802652940266183508267351615722953888 -76515147418767451108803084077163323018265 390
0x015b6bf3ec7a84b80f060d8cd03a7078305d5b5895ff320e187e7f1c91034a3b7fed9b060140a0a1c609b08e450bcc88376817c7c82b14218f5a619341bb1221
0x00d094e3e774ee3ad27ef1d294f32646dd1fa36a1bd3206716105637664306f0f6ef73d7dc272be85025e3e7bf14136b043eec3519d687f2f77e79d4acf7ed37
88381546413195830490356121814345177109849335243162749316048866938595612502926212981848292492799412243073940471444121917248865926738905612439870244913151 219890314281865045484890402618930130130813608771797035687628783695212921973312347836453024743075659902016893182144495 309712750188817947226182455955864304459861815337750357818322661968303205272491225037006113419402498696673230322285512 68129133233229188980732926555641125573169 390
0x0170b7c90f23f2c742639219f36a523e6d749af131d4abb5a3662f302ac71aad51fbab4da759e6ab850002b493e3120bae7d89b8290e7df3756625ccacc65cd6
0x0006130cc6884b35c0874c3cdb9d3f5bc9bac20fb519310d854cf10737c275e63a4628d73211252e8e031f6824f479c821afd2af9d7b2fb75b8d1b68b7df1146
88381546413195830490356121814345177109849335243162749316048866938595612502926212981848292492799412243073940471444121917248865926738905612439870244913151 787296080248881787769544374916878848165705078343714343251013055920294091465462952787616868786181462343035765784541749 586570348144966086911275148198040985924138549665295026556766620936522964046928980430121001618936586674131405368577180 -107504617566633684642406491626319823727875 390
0x0037068808522fe83e70b08075ed376d237a89d3088839d9d349da3ff167ccde7272ced97cf94707f6661613e994397f42ea3b6199d440c6661295edaadcb9e9
0x002d9326adb53d21cba637310969ff23dd27bdede6f33563719c38d90810bd8e71034b0442d887ec9744975e98818e0e2dcd03ecabf4627abed5d03b4171386e
88381546413195830490356121814345177109849335243162749316048866938595612502926212981848292492799412243073940471444121917248865926738905612439870244913151 1077743687000449525665627725568986750052602347893225938529896949037753579559429766784237564790136296628570370814903625 1242908692462208469071487560930594345714322738962343421125275258114442309401116452589319890468834193819466717423509140 -11368852924105815553823535770739023295055 390
0x00a9799ea848a2051f5ae690b617018c2ea9060d560e9862607904520828ed7d94ad4f3d2d369acfc0bb70b8f28f76ec68744fe2cae1648b438a37938cb35467
0x0174837ae3ad8dc644eb1f2aea3658b1e21d1ac43be464967c4aa4b1112fa957f370a068c884909fa68811461a698a9c14c28f2d65706b85c42e75f71dc779fa
88381546413195830490356121814345177109849335243162749316048866938595612502926212981848292492799412243073940471444121917248865926738905612439870244913151 244604158124389834192148606139819424140547540527521913035143916425085044029992188456700486841541891562700981237987649 587364337317637104838862913087338103372320810257135537509517664096316770525850498896917631753350232002208544772397232 48976106511640478277700296779976847182399 390
0x00d7693193a9b37eacf93e50ffd6718c03719b2bf2c57194cc86f9b4bfb0655c63a2330b59bbab883f3c3e444d711a6efad9b114da705950ea7e886f52c6fe74
0x001fe050b8a3f98a4dcd6a098974530ca62f43a927c07667c2026c9177bf63be121114012bef457081a4fd678bfa7c22305aabbebc00034a436dbdbfd9ad19d4
88381546413195830490356121814345177109849335243162749316048866938595612502926212981848292492799412243073940471444121917248865926738905612439870244913151 218235423077153458257105092396123558798732418991398204965051108211161347719416090157100802558625184145655562871263019 638870687400757106472282639230347805044950846745776448739029791352565208618638379817850399714176347630457927392980104 32707352722685595432543257251927417542027 390
0x019185dffe14e63c406c377c92224da0017f79e706bdc28207c00c57426a2ec789536ee0d5b50755c8426137f3c0a3d49c680e97721d5b540aaa104f0c9ace08
0x0198c0fa19d340fcf805b4ed9c4f0c6f8b2ba0ad8fdbc6ffaf858c8b10fe5aa5adb0928f254ed67a4bf0651897bce7a272ef6f49851f7da4d3d4f38dd7545185
88381546413195830490356121814345177109849335243162749316048866938595612502926212981848292492799412243073940471444121917248865926738905612439870244913151 423292545627303370043924909918288879745345710559413742546188912721270122438070122921043121202360741720243954635313749 369039189934120410260779838853689808327605193144482303042156664779967339021417273580300303111555255584904705280487076 -92245697639853016279436746383451188719843 390
0x00d5fe46cf0ce65e20cc10ba6a6a5ed3dc76ac09ddfa81eff1ad3acb1324860ee12505960862a5180f30cfd20bbaa01074d9532d7c7e0bf8e91b542c39eaea29
0x0115c36c9dc1e15524ede5e49bbb7e3bbbba15e02843b468437e25936bea8b0c551abc015c6650b50a9cb73c73aa2980bbd5fe10fe6bdde51732480a193e9eed
88381546413195830490356121814345177109849335243162749316048866938595612502926212981848292492799412243073940471444121917248865926738905612439870244913151 585115838144662223085343952322367696879425457426727591226957249069100547642981137596278583616615904724354802397557137 1054108908935387792753452815582588092447825793227150043515532516025222117988738200049167008659372544893302571003319460 -15776178151103403070303442720840917687687 390
0x00a166a704d5d21d3d8ec92fcd6407fe7921d85f7cb2d39a8abd90f1a7b714ac8d0f478aa712f19e6b801f5254a87f2dfc696af9b1c671ed45fcf2b2c602bdbd
0x006c96f1b28a1943d1654c28ce8189df39bc711fe47915ef7342324a55e1ca02d5b58c946560db2ccd5708a11ee5f0b28d69550b9722071375e14d6e68f01b49
88381546413195830490356121814345177109849335243162749316048866938595612502926212981848292492799412243073940471444121917248865926738905612439870244913151 902498575136477330747315866104398032897167118723415156764650246264023614807246487313660048021249361446417672081876799 845863595744691567392481468645092343740569353174497812522148255784796661478512050959956711619979113771146095566254360 91864985347847266438392766403328224610335 390
0x00af86c227c9835cc00cf8ae480f54ae4edb42847130f1827df9b1e618b7b33a8e345fe91356867a2c7a98ee3a6a11825effcb00c7bb1b78055fb3a72cbd2eee
0x00563efa4016267a0bc3f5d22224752d4852128dc603bb92656bd82e178466c9ab735db5dabeb4cb562d246b42f33086a8cdaf7cc3725204686ed17109290dd5
88381546413195830490356121814345177109849335243162749316048866938595612502926212981848292492799412243073940471444121917248865926738905612439870244913151 648411902950621463368816308818352902585445938774644772691675243788576418075002211160997420382783273689438683108818473 540692176539680357598464704508107018685219024562432924574639911353230720724165660873974131199860802613495676362109712 -102155793359728598361543156001421721642327 390
0x00c57edf31c0908bb921b2b1017910f2e89c5328b0833f41ac1d955b101b2eb90ad1ab0fcb8a28375898e6b3f9549c5ee70cc72cde99d166e06fdea8f45d552d
0x00558ccaf04e1340c8fb1ef88a605e2e6a4480e9fbe8e692e3b5649d77c81ab7806a30c0f456f1247e070072015948d2b0bcec81323487c9e9dbe89bc304b325
88381546413195830490356121814345177109849335243162749316048866938595612502926212981848292492799412243073940471444121917248865926738905612439870244913151 1127186948912506333043494746815108081407872189971230033224563758116184584614832190089421745904215936962081306769126407 65145090253271500180159581184083488037126887565714994614743514297092013386411187700561159853650330846326926417451380 133182093759438285713361471089974008023137 390
0x00bfa5ed88e5709c2674833c050ad8d3406cf2111b10d87c6e8ed179d818a79cabb4f451e903bfe53f607c8940d069f7925870fef26f2e429335de6fcf70f6e1
0x00e6f25c76c8223bcf96483b34eb6097a9fab5ca632400071ad18e6d8dad6e7fd7c95ae8d869bf62986046b2d2f317f16f87a933149d64a0e65ca3865da3711d
88381546413195830490356121814345177109849335243162749316048866938595612502926212981848292492799412243073940471444121917248865926738905612439870244913151 225808171681442560297112826316203941009002387837950077824386450381266431770459678347632893186176805232564762712112765 711053673629626104814930128324335777659245130595821210882584478439040382427267641963004274738450855427214470333438452 -12053285959792183392503037004984018719291 390
0x0099f26c5962268c74235fc9aa9ecf0eaf6850c302d387685aceb4e621250482faaf680c4b1ac710452428f55d0311e467dbddc2059fc636cfa42e292bda585c
0x0065d76d84302a78c851414c06bbc2c102f17fff0c61ac904cbb697f402c762af2a3c5c79333995ab67a2ee2c678b959516d712558551f2a83b3979a32d3d052
88381546413195830490356121814345177109849335243162749316048866938595612502926212981848292492799412243073940471444121917248865926738905612439870244913151 249007600315723133376620660428344177798876595993937648379239509893383070629069093240856821080719499662122014822485475 490660646385775792752887001100644075178790704281563320633461198584396408549106195057277489339681993014036891351701324 -60656735470111992522168842261905436224357 390
0x01a76706794650a751aa6619331e08f37c3921fe96ba3b6f2aac57bd617f9cbe6d2fda96f029f76c50f1ac4627b6f84c96ddc4c48d794d18e8dc7b0f9b6a2663
0x00813802abb5bd07cfba0cde9f49750cdb3a17525e64d3f1db49d7bc1bb83984bba8a366a287596eeb2fd76be5ded5c8b8e579e18382023204010e3e089c4cb0
88381546413195830490356121814345177109849335243162749316048866938595612502926212981848292492799412243073940471444121917248865926738905612439870244913151 202279688683159770604220108460453720832101898446949026365651501175869164061223703908275491378310989150693137419695189 673967911478010294179341870563476612815255066786135475569921859289170187621764071767102998311510943777490102767365312 13003539894193792609179457247225837362261 390
0x016ee578f711ad450224bfc37f13be44dc8035d1ebb8a2c67e47dd7bbc9d36f212a53c802bc2c57d7f57adbd0aa2ed761ffee1bbd850ad7199ac9fad6614679e
0x0185eed690cd173011eb2209070d88ac114f42fda43032e25fb1bfbd80bef9b1aa39245a118285ebd56892c79bc2b8a96702f38b9ac4572d7f3f0361f575d6c4
88381546413195830490356121814345177109849335243162749316048866938595612502926212981848292492799412243073940471444121917248865926738905612439870244913151 670230210837584734253962284345263046688047836584108579560006885287870641722518021673224674292181701248708565688248079 342919515241521975171374254725428477308994945696318445351772820120091061603775794571680903377955337355471738453170704 -112738975540165555985429238818210119000433 390
0x00fb1fa771ee83e3b637ec1adb5982141dc54a40111fe7dedc6a060d38398340e3b07aa7816ce2fca2db12f80cc83733a84ee253b182890b5eae523779473ec9
0x00ee3d2d3cbe8b2c5f67e182ee77a3ca7c77b8239709bd7e867433ccf4a0985e8a984660984c1ca8517e6cdb5c3fe84a4ea554c85dad4a1dbde6585d96b00764
88381546413195830490356121814345177109849335243162749316048866938595612502926212981848292492799412243073940471444121917248865926738905612439870244913151 920375022512878162554932034050431934589157633994935341593907912909642475526369314963279525512128401030574552346124959 738979099304484768144812957928613327211983812753826504128992642890757927306105900063226085126698641107987882666189908 -102455665768341889094207886074861398014711 390
0x00c71c5bd6b6f137ea9aac7b1a6022dd9629d77f933299dc4959b698e32203296faba198b8b33bc8645e8be9210c6f28aa0fd9135abb2dfa1a5e0d56362ea316
0x00093cca33534cd634d296303024a8f1c31c22cd6ad066883513259ec514a70755b7b3d636ff98e5d10a14b94c90c954254878f200ff99b0cec5dd88189d60a2
88381546413195830490356121814345177109849335243162749316048866938595612502926212981848292492799412243073940471444121917248865926738905612439870244913151 50603602453498178515757697657622064784094316729761437537610015999186751859180659570943576387663205431654076553537099 352557185094261975246556526886904119553334083991154249264504703612326386510952931842964785646336436567883525739136452 2915485238816640399177110369320357905411 390
0x012e168e27b450336324245e52e20d4fa824ca733abd10ab87f63b59b6309f8d2b29341068bc36a5a2ca5d4a731c2cdf6a2d3861da320ba6ac51f13a8c8fdd17
0x00a1d7d38cfde47c7cc40609215df5fc57576c0e97683b741af85a7589de0c760577783602c20ac7ca662ce702a31aeb63cbc82aa4fd01cc7765a0f6f1c0a408
88381546413195830490356121814345177109849335243162749316048866938595612502926212981848292492799412243073940471444121917248865926738905612439870244913151 264246367186828533270321840158479336620100116757396142414730500948944078175318611168644716595757325551169962571582589 669638361844466456009921401986782636436084411066030091014470858114249878504149330161213740169334830484275672834882148 40937378426236317866444026902643723764219 390
0x00f83f1cba645a60f855aaa21064b8dd5fc420fbd8279078af86c848fae80a3515a2907be42a155625643833a7e6aba338632d023bca6f88e4d9b34bf650f6a5
0x0034d4b7544c2c0cf9c34bea13b2b3f02c529c4dee9dabbe616f65df4e3a5a6e2c45d7b05e19eca8ccf0bf6b34290468613c9a21ed51d92327e93e2f18134742
88381546413195830490356121814345177109849335243162749316048866938595612502926212981848292492799412243073940471444121917248865926738905612439870244913151 432791723918047496459102903157382933405569367740900186029395143191027316678352926606244904837623840000394548781030983 827443081394173207484359817272774432775724308704286101513320076805728585061085138307503781426009265729505059227783708 49825290114460947437730351276533775803233 390
0x0124fd274a36e55fafde1a73c263d08460ac7a7e70c17780f325582abaa9f609ef749622294539e7e0031aff490f5e8e836c9bc6689744d1e89524db6cfbb111
0x018328334695c819d6970c56aaf547a44c25d476e4b2652403b09fb10485e1cdb99a64a85a967a278cbd660f4e585b4f0c27130e94d0ebd9afd6754f2716b69a
88381546413195830490356121814345177109849335243162749316048866938595612502926212981848292492799412243073940471444121917248865926738905612439870244913151 707944900745704304996283430761038879861512977050602234702466095352302589745021408997990071267207432179488504016084409 34798777603640236384107912873022996496646977041923497728054372684206110896457296668858622593579338768127657126116388 120477729004945507699834583652429732780129 390
0x00bbd3b05118ab2a60ab5e885e2d32253ee9983fbec7cddbe6e08094c002e45b00df0dd5fb1dbddf89494e3eabb525668c1a85a471b024d14f4bfe25e1ef0d9c
0x01015ce284853be13ff6c3b75badd7b81de1a468731b28f374ded663e2b9a98374ea055b14241740c9500f87cd75d278e3d956de257252950e753621e8b416a9
88381546413195830490356121814345177109849335243162749316048866938595612502926212981848292492799412243073940471444121917248865926738905612439870244913151 212170883895807246017681899342628696733945704499501432180111321290917159768121926022167148801732049239848605522466665 217811950944273843623243818573067345901575433135591020720273558005217782321763796142109585182819410105816320247242432 70764348348389846063799336897732276100969 390
0x00fe9f58db1e362a8da763d3513d1e7bde6df40cb45fcd7787ee899057a02ac914cca907034f1b8176a11629dcafd1d391862698a71df50ffd9865ab4a595d78
0x00778daffe80474b83046e50a9d1d4be47b5e196ca37f2ad4807c5835cbdc46d4c790af0cca99667f6ccfc197ed0438ee8369b44e1df70a3a226b8eac5b0adb5
88381546413195830490356121814345177109849335243162749316048866938595612502926212981848292492799412243073940471444121917248865926738905612439870244913151 1142264098541363539967590063887788370916089284562230052871890916972528032263567661603178895457710460399847646503626499 408416501656199518938347742037519791098043331957840957285206203247665029665273697811747497080606454711908985090047780 -126258491783506354308984943702989314622075 390
0x00454b33186ae4d92d503d42ef01b4f17a71323a933b13c95bab0068a48bce9e34fdc198cd8bad5675124be878e4235387ebdd3988df34b6dfbaa99367e774a8
0x00e6be777822ab588f2720bba42033c162208002a07478d83288b81c2008a4ae0296455fc48158ede15f96f5279daadc7c262ac51422e8c6960f8988a17bf377
88381546413195830490356121814345177109849335243162749316048866938595612502926212981848292492799412243073940471444121917248865926738905612439870244913151 517439582307117322945431672922956286245939106345256953728607890318120959635388468226010411259944678296117626272977125 999802979854234774544047952653044556639640542801356207651048717858240134001324550136998772093458354915774390653259792 20596367840861726520837257606266945509531 390
0x00966f9f941223a35e788efaae4aacbf44755699335b61fe543439a182f8017da55c47c2588e7d182eb6c06024996cdc276b773a552d789f30084cdf99d479c8
0x00981ef06c470380ce431f608d599663498618143f7a4d8f0b925b797557ab9d7839cfecf022230d99bea2c187809e4f5778d03fe863189ee31920d91aa2e619
88381546413195830490356121814345177109849335243162749316048866938595612502926212981848292492799412243073940471444121917248865926738905612439870244913151 892401972934090666486013927432306183866073423572353304657826412747722343937566073769766879537844952474284660792582975 912434784028404577345426100058055989554662321117759216611075637533821032478726182229270406379404165454094776979699972 -83855526540701044840944754923803877943721 390
0x00d8839a0e352a88b88067f02fb6e8f3a30485443e6049c17b5cf05e7d3df4dd00bc16ccc5232d8ddc8c6481bed46d1f4ae1a84455492c8536993a52d1db0113
0x00bfa93e6b2a6ad9a8ebbc1cf193cd4af9a2aed7d29bbe7e1bb8ac02b8a216d8c30d2ada92890e7fd0790e051dbae5e5d5c425419130a5b2fb3ad75d91119c52
88381546413195830490356121814345177109849335243162749316048866938595612502926212981848292492799412243073940471444121917248865926738905612439870244913151 843916005473834321154149869353185407475046160299800487851186630417970218850888912916585000293569132898126745364144787 304953981133076663236065773557763910030835212039932840941889247606606840438524719480011902002143758499174018617672788 -122345665186418373163766124821075903555915 390
0x016c2c838c5c71c88d0cdb54f23ff4a0fa1c33609b899518a6989e9632929bc7f9684583b0f10efcb0ca28c6a48c19ef388087cfee72b36f5776703d6e46ab11
0x0129cd3b72e4509392a3c8f575210bb09940f7743d87bd81b19e9459b09a8f24f8bba462b41cc8c9ac815bc5e4137cc64a93c7de244ac75707d172df29c2fbd1
88381546413195830490356121814345177109849335243162749316048866938595612502926212981848292492799412243073940471444121917248865926738905612439870244913151 434299674753637515534568284364810174596842437645449831971260209685726484269819764099247362049598966111179933260202779 950055528277661933632721882275297879507850829692441119528971261843764278091773884994524230479747267375389789243635112 6697179649873386779442542962957275012219 390
0x004c223142dd4bd12d076e167aa65882bf3dba12119e3d2ad596e13db45ff7e97ae85077f12d483161ab211cd1d89f9d7c2a6830dbec242c6e03260c7460fe40
0x00c9b8937e83715e4d9a34290d1553f23c61a8411dadf6a033640420e3cb8a8c63a9a5ae37c3e04eb3aefe09d86518f073811541094dfc5628cc81d85d264a1a
88381546413195830490356121814345177109849335243162749316048866938595612502926212981848292492799412243073940471444121917248865926738905612439870244913151 834039591828036582846622172490034081049823953801936717319696026562885289041186282591056375617643466147537648074601275 1108867667505698475683515542778554549178766900928368170336830430387447767742617275141276494512485051856110845986889868 44879041265719480012054647083071548394701 390
0x0120ee082d96e62a91fa33ebe9dde0079b5b1ccde653a3cf3ddd12a0af57fca18c7b0be7e86b7e832f3e09c50c624930a92787d747e5e2f4c1630de3b84e4af7
0x0070f2aaf1f91564d5b553e58ddad6b7ce9de44bfc80df7c1e5cfcd39ad124c6880e3f52538d6abaebf82f386fb40bb80b173233c6b6fa41b50d82f4418a07b4
88381546413195830490356121814345177109849335243162749316048866938595612502926212981848292492799412243073940471444121917248865926738905612439870244913151 536956897073531218122838176676734505892500991274621745125976055371761350954123007953477259085382892077034530195819025 366492960107705790408286647897807832774756669694941219060156830089098417238005331363918441754030257714232620223421960 102657787795586765989406430055195723839025 390
0x00ef04ef81bf898243a9e3c83094ca3ad8972b627c126a8b6c97b46391cde04a82db1cf302c44050e9bfab18acb211995da2a5f35dc0a70f2654520424c1c2ad
0x0158c966d4ce9500c2ba3906d37e485434878e4b8a3a21ec065cc12f9f411a6e1c08b095dfe4e450c246184b88dd82569f73dac2591f8200b9ebe827d970e1a7
88381546413195830490356121814345177109849335243162749316048866938595612502926212981848292492799412243073940471444121917248865926738905612439870244913151 806741129782502624303470019863772075087319226670489482357914254973215285298505544823450637514591446151643427603945575 954515523429215660944194394118783093669226314659889407754897026491092196216594694465569334865410924264198392330812876 -73113493090875904461316875148624518523393 390
0x01aeb0a7b28527104ae4c57682992de4fc215315784f2da3d89c6a5a62233484e0f88c12d3acc6fa50808f7287ce877e768b3a95be53824e742839fa0c5d7c7c
0x004b86e0f8437e54ca36f0fbaeb24df8488740624f59545c34ab356b1dd953bcb6432c79c567d8d3713488e31c80b1df7a308d7481206f8004b83adda9fe26ab
88381546413195830490356121814345177109849335243162749316048866938595612502926212981848292492799412243073940471444121917248865926738905612439870244913151 994037597928836722344242512224963746645828610237772065642896021985508968414552534126627600053208709918379158017047019 118179425523275146789333136943345135806001965102802519412386638258227249127271634505129301553088611786693771404871596 130476409980589664453424425715730286028573 390
0x000ef459aa6dcbafe89f02cdb3848fa3f5d6129f1ffad7253dbcb276ef7548307487d27bed81826fe6da5a89b8fd99df24d5a37f2b82e5143d72d1700c62cdbb
0x003a35549329c77550abecfb9b6807c0d44f5482e64e6dbc49086559d24c65bec41a97db4b1d8652a124378698ac50d0884626b35fa1ff51aa6ee92da7db7072
88381546413195830490356121814345177109849335243162749316048866938595612502926212981848292492799412243073940471444121917248865926738905612439870244913151 1161593339430588337416630674017055534318568342430970519014178031292552255542538295532206342296709292872028085552498099 1209519602068573700384127783850933459688867353160984354376108689802512021334192744776428143788247780856719633100650500 36381988822467659991002650567995818348075 390
0x0074092aab355503034a439264e9b246c4bbb77e87369989d1b0d5efa28016521772c202f9fd4c3fa38c03cd3b3ebb39b250171763395cdcfe8e32122b48b883
0x0072d3cddeb0750c83f83db372608e2d687a4c7f912f3aff8f49625b7f16e0be6107e6643bd55650a38a1a5a4b6c280ec9aa9c87802891f728f6b852d1f09086
88381546413195830490356121814345177109849335243162749316048866938595612502926212981848292492799412243073940471444121917248865926738905612439870244913151 348591341894732032345429981304503634551763290887950789659344263611479246978723379514750665056212620008715578106179585 469401769644724542425852869481159603546606208857145400444461422532739598093044747561829161283285477888974899548853768 77962668352239441523932670943570580266529 390
0x013b8944deeccba13c07fa095718687235c67b125570b52bf82b27e8059c1fe062be3add297caa59da48b228ed1e68d49413942322b0631c7e103d0b14a8d093
0x0051b4d11db9426143fef0cfb93f85db016b31943b54f5538d51d7364b87d518e21dbaf791b07a5d51337f2e888d0e5b2a4c9ead10d8d512b515766175728286
88381546413195830490356121814345177109849335243162749316048866938595612502926212981848292492799412243073940471444121917248865926738905612439870244913151 808658575450934100327402743377635229998440845438101175365005085122994737903040564202324852780781402133717173258247787 1073567422190950911151304630606450859332898883771866036537644331681315400624268150550084313692195274875896987848918760 51316402340167329117619092716438208373813 390
0x0044e9bc79b39f99aadbd6f8a9a63cdfcbb64591b72e4db06753922bed07065476eeb3985f2582271cc825d3e2ba0e2eaca932288f725a43b6fa3bc687e7fd34
0x009d284898bd762e6490497ab8c0aacd9dba5989114e451a124e49a8efe0985c7dbf471f2a23b0a6a6059bfd77eea353351ee7bdf549af9e8758c45829f1cc20
88381546413195830490356121814345177109849335243162749316048866938595612502926212981848292492799412243073940471444121917248865926738905612439870244913151 746180835823944806816906573949709558786774738050730348949577955034933354661606054169372438637320751512279958631455391 844672655415506348902570773107101658500513968669520299980673331326079660359632949606401656420371547408195644802114112 -83173435891254167763241128773347827782303 390
0x01496bb01d53d05b332fa88910206e029dfcd767f905485f6c6483f059d8bd68decc6622678664be95bdb365a7417edc27a1f399fd1233f9780918df055f83e0
0x008d803201502026c21d4adfc1a5c4cd1f4a38e1b9790f5f082a13e6437428ff2cbe4b06faf346630568bc23e5a7645edd19c812faf662f108de91544642a313
88381546413195830490356121814345177109849335243162749316048866938595612502926212981848292492799412243073940471444121917248865926738905612439870244913151 204502134818013915055419153120763306689789704682538970013020448320124571305508290198313050170264320988507832179074115 577625119054331457187586948557540214001325468395826082288947696959119145902330792443723197116612541060763045190453528 39832258273331862123602216149004404121949 390
0x0182013241c0fda851de7fff0aca12a98e8a1dea7a8ea60f780e3b12e91dc9afb0ad7eda82892c336a85f5390edfec0c74d1ef8afff4bd5300925be3237d692b
0x0009eed7cc5fcfbbba071803981e11c804d36c5343767e5535a34e1218aa96fb42b2eadbe59f1a53359d1920e51ce5c7ac66e0056a7bf865d120260828cfe11d
88381546413195830490356121814345177109849335243162749316048866938595612502926212981848292492799412243073940471444121917248865926738905612439870244913151 238510105759304111366494337792805190964063656319804259920046560763811849683959000615629032442111102055863293839095831 279439528838932350266964818486850494766872294216248452734403280800343822223127609158670570529760557071487773366998732 72650342254021603852660917591885073907153 390
0x0153d2121b55dee3c71e39dbcb27400603315195ff4b90b6a03a6c6ca2b1282c0c0cf6856042dcb61d2778780a8b54767f341ce2f6ebf857bcc92988eb9f0453
0x0177a70f1f63cd039732d3c79574a62529b7cbd7b2550aedea2c01d6336e471d8f3f639c342aa76c92bd04b7396649de57deed666232c4418de9f2f8dab029b1
88381546413195830490356121814345177109849335243162749316048866938595612502926212981848292492799412243073940471444121917248865926738905612439870244913151 625905295042889153199866650873217170312474436145284444441289697687069817501732551165881810983891616404789120815361875 431309367954766179358935174032041241114320050574874613629147176412976902788616882164746733664742520372706687745025540 -106400744119330500713622541364990221563595 390
0x008c05b75826df7f808a61204c701cd342dcd62a0f4820e6df5eb5dc49a6e7130a56e68635e1690125b256569f7176ab848483a58dd83a344a7764cd22427082
0x001e6dbe392d9f218a161d2dec1de07481ba371f69226e92eb9cd3a9b517fd341a1ad29b3f7af59fde1982beb62c6edbbc8480814ef9e08b228649a4a2a11577
88381546413195830490356121814345177109849335243162749316048866938595612502926212981848292492799412243073940471444121917248865926738905612439870244913151 166567064341499520299972530689639748839889372033232686200567250488853105718822944461851970894137603655706174461454839 112359146149315455310987355561316074559911161971616623252206873032825381815439065140660080237009463485443137492536088 -65542204633305995983014415649406813416489 390
0x01abd6303b47522c0bd8a92e1aa3038a92ace7787dc630e52b3fc811af344a6421027273df9ccf94d38f1417a07672184a1859542f645b47ca94a7f367410a55
0x00435e95c0690a8bbbb0c8fcd705702b159aa4c645b563669af2f487b1db650b1a513361952f374fcd0f6391494e4373bd309a17c65b4d40a60b623a30407605
88381546413195830490356121814345177109849335243162749316048866938595612502926212981848292492799412243073940471444121917248865926738905612439870244913151 494244751539767014430895427253361830124381327627821510928822414718452614838370434936789341595146955927080131960793633 608541974521377088418258683770794092092104184894646295557669569310139346667664952411663649349538673276668150900389188 -84545746644115615036396964218603118969097 390
0x016e133e18410fc6d1ffd735f95870f41681440001aa2eada45f33550eda895d838d112baa1274ff7c488f772a1493281c3a8693027dc045b35a1128b5748d20
0x00a629a8e8f50f6006a4618b9c63bb81d393c6961ccc07b0e9ab30b561c62b6d06bcfd88a68edc1d1c4b33ee465cc8fbcf2c9f7b9042b9e14d31ed74da888ed3
88381546413195830490356121814345177109849335243162749316048866938595612502926212981848292492799412243073940471444121917248865926738905612439870244913151 263422233047046284442651444838708581332529970294150595410144993053538516894233981038017035483154185989280296297808565 606078576390481723426031846068552159768650796710702041099751559447798573931350045199335840833108256453444506992104372 -50741595872097720361655095806089434060349 390
0x00adf413ecd0d893a17653e5eb1fe604570b91423743f4e82c4fb8ed21207dfea31c96b5a5df715eaf3b1a9c909dffaa6ac514a7983834abbadd88000e2fe754
0x019f0bab8f72cf870cc156f5dace55e3f48546ed0dd196a51d0e7bfd42df99f4187fbe99083c77c37a1f891aed9f7af211b2765a97c0ab4ab5fd6e03c50f8ee8
88381546413195830490356121814345177109849335243162749316048866938595612502926212981848292492799412243073940471444121917248865926738905612439870244913151 1123922632734820937456906396259156346695164488995751239671386499592625360457958971177410311194656205442501544171726375 465064297925861332260780714507398536718931338854259773645119676398193610814256284182087923145281601305575526792589832 -123807597567362315787958686938644589951751 390
0x00eec432147300104ddf0de4f273d8bf98636a36eca2ee4811db25576ee16e44e5c7f431c7fdfcca3fb3ef0deb8f69919e200f959bffc71039ea07acbfd46198
0x008c5b87836f239e492c3d5daefa59da9f1d3d483f5db5b85ece76f08dd61d6644d8e89ade7125f401c6880b0a75b08a91128430078fa73fbeaa1d89569ea015
88381546413195830490356121814345177109849335243162749316048866938595612502926212981848292492799412243073940471444121917248865926738905612439870244913151 1140890892947970662314711208175768540233615940277968659470458212979015825272122408252500931298885739469457535426737007 625836244133261421599009308637036982919955192205448450852144955250757558415351526369983650239843091414106891936529588 -115729101349693885037205546098383325655495 390
0x016297b4d18be003bd02c5edb5b1638547ffe02ea9f3df447a60f950200f50cf24d47a1912b5a6e94f0ae49efc52e39b4e82567b7bbfcf195e280231b9c5a3ee
0x003ad1bf552d38e116ae6078f6325cdfc5617729b109067d1a773655d712d0efbe7ad7daf887e7b9f96ba53a6185a93e6389abeb020953b90d1d988f716cd1f1
88381546413195830490356121814345177109849335243162749316048866938595612502926212981848292492799412243073940471444121917248865926738905612439870244913151 631517740256166243311880124053520361878150778355082345003615100485379985089255879897142831392471291402372243073687957 1089249891521391869716929862713891432683075377662008952718896714108357720266326444659729950786011938081662184258295612 -9048478654150911363071541907114418085085 390
0x0087c2053e5a715b681dbc10c1df91dbe593beb6428d4479fd6fbcbea34438009b40d5124bfb2362040c273410d48b0e80695074b052944b7bef2943d65c3c22
0x00c5b025d293438b2290e83b1cdd492a28750c985ebb3e63f936b7269cbc4858eacefe1913b55b73c339d238aaa28dd28df0e380fa778afcc98946db84200d6b
88381546413195830490356121814345177109849335243162749316048866938595612502926212981848292492799412243073940471444121917248865926738905612439870244913151 443083593618773358881158705746820922822716390917758702132373538590609003574207722074026348698513735046827000327929061 954257112945272166490465817993782560448274292029298526982164934465918912967743001949352045739960144626834541258776728 10851186111849566746167258728532344276603 390
0x015a04e261e1e7ede520d374225a84139e51950142e9ffa8ebbd86ab2739e430a3481618a46aa826f4796facf376e91196cf3040b08ef71a17ad56fc4c909159
0x00afd5ebc3f1cffeb4cfcadfc675671373d3ed7513ca7896bab8ca57baeeb082d1e8c76859fcd70db93f582520dca87c1717dd1f934b70df061b6c03b3fbf720
88381546413195830490356121814345177109849335243162749316048866938595612502926212981848292492799412243073940471444121917248865926738905612439870244913151 533117083613223605327239851084258326533694877480392746764751981715883490114000028882401338448189010652150487420020007 319393748166073817590277243046778225277021196967346522686774327993394790685577192025749209851976507367473570729431388 -104120446362989661229501150379430451531135 390
0x003b2874fd4349ba962704394b59f276b2b3b09576a6d04cabda78979c676f6331ff915910ac18fd4c0381027327a95a51f6684f5791b31fdfaba8a26fea68f2
0x00097e6b4e3e6cb5b1396a224aca2684e5a0004e59355f7d86cf218d94f1662c16f41e3f307e2402acf14a206e643b75e856a21d4de05f2d487ebe159fceb76b
88381546413195830490356121814345177109849335243162749316048866938595612502926212981848292492799412243073940471444121917248865926738905612439870244913151 793298230791084310238064568362709563513814984726973576331208269182252432686484275351966054926166483073018634301371907 333942188696895346000177870728058623528282430974192967425165018845304624669438908059350645175448846478888673873835488 119383134217448164237018681883809750217725 390
0x0099cdefe3bc80b0f646c4f6d94aed38320f0c70c17b1d8f82832c91e427f35d38980b2c53e11dacad2cb7381935d6afb2be04612242a258d29151a5e683454b
0x012f94cd793c9e40569ffb4d9a7c7c45983142c50b538c3bbcd2f71eabcf3e8cbb1c4f126ea68deb8c5006e2227abca4fb4230666ac0fe6d4d589047774445e5
88381546413195830490356121814345177109849335243162749316048866938595612502926212981848292492799412243073940471444121917248865926738905612439870244913151 1200899337328638605946087768286620064532225724519848805463004250559809427690684824641858851344523390890846996437387475 625091417644360288912479025364517697875351014099156375701088315672104430235638408023103297254990003721436214435296772 116301073228521591299389857776895492322379 390
0x0171cfb141f9ce78d376cecf8427cf6a34f35fef5ae1aeae9fbb2438a5917bcb9b97bae6aaece099d0aa22eb9e3116f279d45ad1dcf69b50b5981e7f4d42c7e1
0x00aae936df923c36766d276087554465f11a4a41a1eef35132bc03d61eaf18b7a96aedc37767d334c3372ae294115274ecc6b6e98bd01edbd1760f2e7310cfc5
88381546413195830490356121814345177109849335243162749316048866938595612502926212981848292492799412243073940471444121917248865926738905612439870244913151 758315298867185521662939296305954528400180288942205680615016591761053410509698429313450929624855746136486711961468643 1060557167091500682066158892004702734567009437692531266692654503026539786675313293770970146408928053911191338043478852 49027416630201565936301539283466946960677 390
0x0195d68094b88de917e281b3eef26150b999de7036a5f347937652ffc6e1a188b5b879e08216362e92ad9067236ffed195428da01901689618d58aad08acdac1
0x01420409d537368fb3117fcf18b098bf78ab7d16de6ca2708f23628346d527d95cd2d75444a592fa6b2ac2b637e12793797c65f80653993c3f2af8a8e3c568d7
88381546413195830490356121814345177109849335243162749316048866938595612502926212981848292492799412243073940471444121917248865926738905612439870244913151 656090391140813691169732170947170394275510856918171775390206948809857539304503863134691644957685279719565908744979275 221873400537039510058597093671079533382395768250990409725043894906194646176325417437882725998356235784869914677911260 -115292499087301356711999644529919796198275 390
0x0190300ff03f26eb825b4aae051f2505ef47ceb5c397009147edb5134cb92593aa84f334d52b222e6630242503d073d60727addfde542e04912455e5f95c424d
0x017afd8e91609096f3fba05f6699c947adadf5c9750ce94a985776ef5e0be729388ec942326798be46d26de5d4eb5865d9eca1a36dd6132fd0f99b89c3225855
88381546413195830490356121814345177109849335243162749316048866938595612502926212981848292492799412243073940471444121917248865926738905612439870244913151 21705950106259827136278972695692149422207292496399314602471747547679615398898616254703031248379213566868862535930829 220119244476838320870052766425779131938648013327268923596334143080777304644840569379153761357826318923888966290649212 8109888938872945591026369533908692989269 390
0x008fca19ff4c6dff29028de4fcb40ba2d08f72611db899405adbf63987378e86d07efae2e4b97303d8d3c1468a5004ff6c52e83493d77e955b48d372184cd653
0x00b9547d24c30c8e2eca21ee09db780a6d1da3f6935c09004da43d17d7d21be7426ff0ac12ed1ccf50dcf78fd4f1594c0442e8d03dda691c2288ab2b5b8be56f
88381546413195830490356121814345177109849335243162749316048866938595612502926212981848292492799412243073940471444121917248865926738905612439870244913151 749496434038416513024867105263367123784723351747440514431646040698614332975604272678967724136478388074808584658400875 1057516150111516876111551528088767454882059474038187858556280958834893448379478864308106187280143394166294304400175860 -48738029395404614790209840191210852425955 390
0x003119c5f6aec1b0de6001832a4fbe0d97b1d3ce6b48e3bffe48dd683e2a41b5c2290a023e9c7eec5fb800e765395f1292a5c81666e05154dd8610e543dbcc17
0x00e6f50eaff31fb1cd1810e182bcbfc9350f03ab0510a8517c1fbdc5484365fec24827a9d1fe324078680acc33ad2910134db37ace0a86dcc94d8444a68e2a8e
88381546413195830490356121814345177109849335243162749316048866938595612502926212981848292492799412243073940471444121917248865926738905612439870244913151 845513506653400221596779313901663403686359517687488341950616093641226222502673682326286144429889740264044352587927489 472034140918497411066405721962117056031247417128970086019355264081303983715158366850796618139054468241584642929865212 -116252547928193507274730809872746192119639 390
0x00b0125e8e0f9e128ffc486c07c5dc3819bed07a3a88cfdb433855c6c6a2ce5384199b8e1a149a4806a4d0fb2d24317bb8f67602ea6d42ca486d613c7232e5d6
0x003bae6612d3ff7e51e8748fcda180df759b216a427efd05045d932d49cbd7393bf12969035080b89acb1666c51f70b53ccb31df4f48b776ae59bb9148ab6a9b
88381546413195830490356121814345177109849335243162749316048866938595612502926212981848292492799412243073940471444121917248865926738905612439870244913151 326380427359073032506698795610728037729158290308988887956410592904816405542111557364886589772117867835599692725882859 260438263196929825866203099086445104404084907142582196550571241190292940044227760725069805780046577992892312583570168 85671816891068592628455531758813244844619 390
0x018d42a6ccf7b0c0ab34b6ade375e9fc86cd146a1a245de4a0063dc6e450dcc019b0ffc766c97b8602b0c4598e988499a433b8e29de987946f5d13b0661975ae
0x016ca7447c0d750f9ae76898cdce2ce4cf8faad4b01f87a4cf613dc534b2f6f2b4811134e0ddccf52b455d06a296bfecbb24a9eba8ba66de621a2643dd882b45
88381546413195830490356121814345177109849335243162749316048866938595612502926212981848292492799412243073940471444121917248865926738905612439870244913151 806610564417422056674650932453580897732671541140312293344866887762996125509552816239329958116405425362211235388923929 1057948823510703545961198804648441437112706020612331716824508826656802813298114329382088680584513685123317292820346064 54672162388252009405574750469101127583897 390
0x00a75a6e3b69dc7af1f4ed41789feac7317ae265e40bf8ddbb4edf7768ae33dcf3d04f839cf04fe5ec640cf2bcf1992665272c01672eef8c65dcce98a317ea53
0x007bc4921243d4c139bcc609984d9d30baa32cd39aa151f6365f00d41b520e47e3ef40a2c829a762aaabb991f88e17ef927cad2db8dbead8e59afd88722bd6d4
88381546413195830490356121814345177109849335243162749316048866938595612502926212981848292492799412243073940471444121917248865926738905612439870244913151 810539163272035760466526685701188870549482162544071705268508408486284080413700236236202109884304047312125688701622149 785283457208392000203469763769399187282470875642404785099547800766022183726799313355898413860843454014811634117054664 93358442879125780147321203424013890056923 390
0x01aece8ad9872a64dd4166d7a6e5126030b3cf74d292d43fca5126eb5617a1f1c6b3eaab8c77cf44a1cde4d5ffd707d76b007fa7849da6305a7ad4678c87f2d7
0x00640490d718f05d2e374f98afbd1aaa11c985fce4ea43dc6693755b117912f1875321d45ef677cb6a030ee1c1f268c8e3182acb6abaf76a158a63ba30115a78
88381546413195830490356121814345177109849335243162749316048866938595612502926212981848292492799412243073940471444121917248865926738905612439870244913151 49052936486785965222509728516442151573472266075857421227900067204578781270089546784783198882283777630480216120727855 188245800758049459681148913588880496126922264693737567567407351546450764504187727516047549617204435253782231938616788 -31167594871966481625310669998139673202951 390
0x00cfbc463c76bfb6a6e4f0cd4967ff7d0c0ae38e6d40ce73054af9d5a800d0c5b64c603ff873272b478c4d8a9e455276313435b3e40741b392940fb4c64705a0
0x00acaf4cff5bb1859660c4ebc15b36f9371e4f00cbf150da68950e8a5bc267786c81b821f49304c319f835339c4bc6a479de5f599d7ca5e6ba0d8a9a80a21ea2
88381546413195830490356121814345177109849335243162749316048866938595612502926212981848292492799412243073940471444121917248865926738905612439870244913151 1182243125588118716761744472728807911241466253690187570287209521620442868448506743396801394194281861263560877498154249 262786618129734986169771707100424131409006768842625269556697588239808349472404327776777710142539687609290300315550252 -130906026299992611232739337653080878618511 390
0x01231e9ab8638da7af40c25b93a8e0d99d62b39c7762de4d3e756c65158ea21a4b68689fd34a32f3715339ed5511ed39c1f9d965361ba0fe00e75ab62e7a9d28
0x00fa8fb5b93338f359112cc98626fc29cd9fda5cbb43ce54afd75cbd0793b19a716297cdabcc42ee050c7bcf347921857876531743f792297e5c0dfcfd11f514
88381546413195830490356121814345177109849335243162749316048866938595612502926212981848292492799412243073940471444121917248865926738905612439870244913151 671713319851948881681395848787842265978780992646651975351142161162725593919398588283274114454998164538809314218281909 667051944017525420370556813727287450182867038875888714576044075745520317637760615676963471782631784615284771167546228 95004645805116343962836989696184475496899 390
0x01518cce96e62973ec259b8f4e53d5b77f3f1f75b32831b9b7779cf30d433f3605aec42ad81abe0926b286099861bbf35aded4e69ca42f7e20bdb8b68c92f7a1
0x014e92353bca37d9495e717d4cd725bc55a8f1b10897f1e6ad1e9096716753b3bb779ec09d25ccc9fe573ff5cd7ea0bc62fd7b7c6e6f6d8bad2ba5b2a7572152
88381546413195830490356121814345177109849335243162749316048866938595612502926212981848292492799412243073940471444121917248865926738905612439870244913151 59882846589419685744867606944210635688059526293687988300110750149092410181828405964321429331280899268684490670054225 181004428141408822927253628114176482317247661265899701378023631224926778902330587725517485958793586477491527899140400 36018417975149869996885170025327161653295 390
0x0177dd6e96c22e14d088b3d34cee0c58d490dae075e8ff7e8f83b622fccd8b845242c748f215d4d65ad7d984f8aee5d16ae763429d9ebfa2effc5873c43be70b
0x01910a81fe3b9b305ee21098388135b04b9a665beb1349df7d808e16b00c5a1653fd958be8defd1a50ce7e84cfef3364cf37219dbca5c938adbde0c4a385b16d
88381546413195830490356121814345177109849335243162749316048866938595612502926212981848292492799412243073940471444121917248865926738905612439870244913151 741762786356428476371903520466656458317581478424622042291584702830873969755263497834770224838879621027553529056647789 789588697779712893386608469496371493823105941229001459337482197303290340703400426215583266455138304934148072895488616 -88795830686138495331487877685464617679347 390
0x011ef73c9092589e13025aa4c1b84b7aa51edc2bd1ae28312dc19f2cef48bdde6e2a463a72f708a585712bdcd793e1eb51ee1d40fbc9367b964e493b5ea791de
0x013bd9b33f8aeffcb8c57a3b856814328e19b40c1077c2d6e61bc84faed6a3827a718485cdb4ce46893dfb954376dc236ebecc1f1c6df94b4585161ab1500454
88381546413195830490356121814345177109849335243162749316048866938595612502926212981848292492799412243073940471444121917248865926738905612439870244913151 966642936098723309940489480661978941561744064276455938323944011495659328322406913833405186477652041272397213152198637 1125171032376946628866963105643880393175137760843415085608319773160640148027882718295750778186073617239309168136784140 51805856022591753614642237520610314495563 390
0x0030967f280333a8ddc9be16ac717b9db0f458d2af14fde1fb785490d68d736a78fa86f36c892e112e604d8970279fd8257f3be975bcff36e1f86294dbd5cf0d
0x01661c6aab05ea49133e40f4ad77aaf0026a5fb31ca7d9369e4aed7eb249edf736aebbd43ee64412eb1038c7435927a17457c55a62211f020d58e7326d6bcd2c
88381546413195830490356121814345177109849335243162749316048866938595612502926212981848292492799412243073940471444121917248865926738905612439870244913151 260088736405830481791198023997968632023454636348442922592743221729903002979672856163753929865914694073991649381294629 733684640787639643288257469186730597204822599135904098527474701669436011029005549457184169859009832312296930239496612 23769318222361148153477095877946873174419 390
0x01a94d707360e0fd75bc19ae3f7b93bef6440707f38c091dd6240b399d2566315817884aa434494a6355f3b677067eeeb5d5229db30e842383b83ca4c34443be
0x0111d140482efe9c8aaef33823d88ccf472445ca6d1b50d3d3d5a72b6ac7d6348d58e7e77fce07bcc3a588c99eb3fdf3bdf832596be2c3ccae222d89019edf88
88381546413195830490356121814345177109849335243162749316048866938595612502926212981848292492799412243073940471444121917248865926738905612439870244913151 1046840864995269124146715741228490544731136910884682964201747152530646750759046735569066222669151579826591398884797239 690880759312839581636163590563491705949619109225586708534364166596165558895255915373732156645733256730816232600047432 -109857941372369230808584069706854906190871 390
0x0101c2a78e880fba824e3096e9e0f5ad1be0dcfeb52065591e3c6811ee50422fb66555ab34d721fd2a01e6a283269c0891a5659af52be6f9cf241b5a8d00b471
0x00ad796ad29c0df7711875da26e8fc513f646b16e153fcf401a3b14b77489c7aa1f72c1c6f4e0593e3e731d6553e74bea08399345ea1e72f597485c785a3a6ab
88381546413195830490356121814345177109849335243162749316048866938595612502926212981848292492799412243073940471444121917248865926738905612439870244913151 599427837639895528573007719909094124038964513053841933138639997011715630397523781829293030651873867347959131940019195 319328298892637775461935729385215370183109279841720478308454173804650492306241690009497661554075433567333229096960648 109012909892947657718046073784379490006949 390
0x00fd8c33c7dcc4f81da8c0d1d0580281b82ad108a6a9cae972539addc1d9ea6949766fa909469081492d9b61ffe312ac862c820ca1175cc7998de348fc3ea4a9
0x0020e0d44f3fd2362253d111c213494aa4d212abd78158180bba8a752da06a8bd1b0fd4a0b1567bca25b5b63604c1cb38c92ecaf4b544c349fa763ea79d7626a
88381546413195830490356121814345177109849335243162749316048866938595612502926212981848292492799412243073940471444121917248865926738905612439870244913151 1218374128839429308743295693083287056467319587639593899052089437047421059948897652983172200280875319827596985033166269 1108085281286166579703427251576072115816770239261752493983199876167659562020796512873960269943221245639013670423698688 -63832653901072706972277327683804107600451 390
0x010091b913074a4230ca154c8b90ca543a8852e3b01306d8b8314bddf4025d6fd83c17b553e50ec4d71da4afbc1b1aa5e7cb193316b528375ef1f04deb1ad62e
0x00d3a050d0f6ee6385ee0ffc711df8fe9dbd841d9bc22d3e0d41efad3fa6e059c5b16ea09e5d2c7de904c05f6a599a7bda418f537ae3a33fc408e29ee5bcf26f
88381546413195830490356121814345177109849335243162749316048866938595612502926212981848292492799412243073940471444121917248865926738905612439870244913151 735062407148261409068567603697977836664246595240789986164725462803211715782912239812978168198781114240497913010901113 216825852029713843432595621543692573158491409636947368457485734940423373215932672373424906207444050004119932464669288 -119698052850862018211819594237090901116057 390
0x011e0ecd2002e3072ec519a4f12479bd6aa430afd6fba65ac28fd4a713a15b30817ddf6c69d6e5fe65c95c5277b428d57cc12e1389de39d70bbbda1ea3e2ce19
0x00662506af357c32717e96ab286e9a7806a4171bf28873b65eb61ba5b955b26fbf8a63ff90ce5c56633fde5f197220dac436a3564bf51ca5804b55b9d099f73e
88381546413195830490356121814345177109849335243162749316048866938595612502926212981848292492799412243073940471444121917248865926738905612439870244913151 357346685385844734537855963322406116853812541138538055751021647060958506144945603645397764070189993305109612902937545 761283123621730339534329504385501337951892515153417922326155082243060516875325782675343520551017555649609466429168032 46836955780907022242996881268155949233609 390
0x0004f89f1681706ef55d0ac82af84e1f10c8802cacb7e7ea940951e945904adbb32a7262032e1910d88d5605117266e058826d319e64a0dd6c160ae975451736
0x001480b92fb762ba08c8cd74ba8f0f42196d078613538303bc3249d81c29be3fd961c4403b6e209a075c1b7c08c2946976bd1676b0ee1274de366fc280e8270b
88381546413195830490356121814345177109849335243162749316048866938595612502926212981848292492799412243073940471444121917248865926738905612439870244913151 133275811987795012587534501272201989760053508121899364553486211145407757905384732850224498145977222685580265278415911 10823921916809401805501926894535109062256037401591161104725398110680817385762716262590636922685147553053630918146352 -60003039135077809618891180678338336867417 390
0x00bee25b5b0cde83afb3dfd6e7490bd51fb83444605aa89704ffe0942c24f880fd8c8377067264f0feca389f46747824044f32593dcf9b9aff18528754b00efa
0x0005b850dcfa32bf226bfca796624f1f4a6e0f711a52e344276956da6c91bd0dacdb9280de54f3b6c497ffdb4980ea0a1fa73a762c821b66960cc41d876356ab
88381546413195830490356121814345177109849335243162749316048866938595612502926212981848292492799412243073940471444121917248865926738905612439870244913151 714322164869376582185816878139800856523713510159827950516764998065996784838305753464388121469853155747288672244862313 1133163007157284879929656340078539267449231059567491704410306513726079054246593660961704441347920386891223874663943072 -8907134951879393679639672113004799381353 390
0x0079ae1a0de6fbcc40d1b20f3ae61203572ba9828a4f0fd91d82f6f81e359efb940753517db438711d06e29d54e60cb337ef334d61cb05b587f4f9994df1c4fa
0x004e27964344e160ae42bbaf80e8bd9d8bc26703c063821d14dc63f6aaec89e589b78a5dce6f8e3e92f3b40d8f0de628b8499938ce196f3611d9316f82b4e83b
88381546413195830490356121814345177109849335243162749316048866938595612502926212981848292492799412243073940471444121917248865926738905612439870244913151 323818940817744696222924752829377822569451108559469211231732964488948126457882910805189872010084023381305562211317275 843421249737196958440398149596821991835168558681948587077642043582171051290102237861697282572506079228194449883175124 -2033051950725900679141060129253345303443 390
0x009a492fd51b9d18bddf6b14b36529fe7d5ac02136493c5e9d76a036db195726c58b80a470fd0772b9951c9aed1ed4f5f204689476c672f1d8e872cc572b38bb
0x01af1e402a34d181f8be083ac9121142c253b7795b664ae9ebc366fb6e88ff2e8e4bbf8db1f97f3e38965db6d846ca5881f17d56edbd7f850c36e3e2e53d49d7
88381546413195830490356121814345177109849335243162749316048866938595612502926212981848292492799412243073940471444121917248865926738905612439870244913151 433508686770460253058953729338875485549584154781612624492646526876398366570340970042522712599776407280226853339032645 913051337305076290995990641306433441524048117932173176509796563668537585208361192324636509594378586947167348612878288 -28462404538634586675480916727613306812731 390
0x00ef3042824931aed87d3fd47df27f07f3983c6a76deca77ac4b206938902c71e854848a0a6ec06dfc546145a6c98dfebfdc00c39a0a8eec981960d1ac521337
0x0004a7bf86239f673c44787166a0ecceb4ffed4919cb22d8ff7569b7203aab129ff048d03e3bf8b13499e690375f72800ed0cb7a1f20dda9c8310abc3cd8d389
88381546413195830490356121814345177109849335243162749316048866938595612502926212981848292492799412243073940471444121917248865926738905612439870244913151 573761976179532278635896073388359482024325320069485091353732744245505360103203094093399578599137770642268646982669749 978220146742369466426166196012321305775788534741663790733855968101321473442678821421107086057252174116748879673173980 -42648194124579057482666608120553103827325 390
0x008ae7a446b786a50aa936f9366d2a04d1774d6a30718a1e937ee27e7b6cf7ef944f5a2cc7d21040c475cc20fb5d702e2616f336f5e1d91470ab832215fcd918
0x00c0810880836639e3842b2bc452c65eb597edcd69783e25cb44357bba995c357120ad5e82b189811d34156fa077151776886ebd7305e396dae4b2f6055befc1
88381546413195830490356121814345177109849335243162749316048866938595612502926212981848292492799412243073940471444121917248865926738905612439870244913151 28853319711359106503694703076652636671352176183913485989960185397017932443961546643632974050343320698814391625617617 135041686770668982051515752981947845451407981603676799064509029433117099455264732765639512163728042544004945940701088 -24647440486768488055351910400469426766545 390
0x00e34accdae816c0cb78529230f9fa01e9fdf98d6e9727c39654738f7d2e9254ec081739d3be108c5de1d191d460b76abb1ee58354a459253e0dcaa3f316193c
0x003266800f3a721f5c23afab1784c42f1ea1ce9396dbc460cde2d9c9692886f102c5dfe7a6f45fbbb9e1929c8da65fe0d20c048e5d14af9f3ab574a4f66e0c44
88381546413195830490356121814345177109849335243162749316048866938595612502926212981848292492799412243073940471444121917248865926738905612439870244913151 112876580043370135759175397654770002438518740303873221542488028578167203167856620518972467252642290347439900295416647 418532986345757209543702117186618830251870056512969619229575932430640358645735071020073672469235224651148427222257888 33083141454253868186466225607232587998905 390
0x00677cbac672bf2bef47d3b27955135bcb911a6989bac21f425306e9199f0707065ee55aab9043d9558450e66b3f03840a6d052c08437a6389f2f29d69d3b333
0x0114ade5835178436409b1b4897ed958e0914bef4c1e5e8585f47dd1f2b09ce85bd4eb9be00954de6121d148aa79261fdeb1a54f9d523efcb00dd27c1f4e420c
88381546413195830490356121814345177109849335243162749316048866938595612502926212981848292492799412243073940471444121917248865926738905612439870244913151 116092717390819051221878234105285964846731957989510729594870437445544175407944786479398392184893319073989657182202049 97244795600798696867125082695522961844023237560205879864486102046516716777911084680140885562616033486661045944396048 -55253075688395497670317111311836641986239 390
0x0197eeff74b157f762cb9312006bbe75e94689d5e600a5d4b522586a3252cff54dbffaeb232e7ebd5af1b4666eab2e41a5efc1eb71f753267dba9721ff93f0fe
0x00dc2cf61857b8f0c726feee930cb32fdf2a42396a6b0bfdd418a0df638378609936d6a8273695e93fbdc2bfaa439d811598a8423e7399180e5056ac3d5b87c7
88381546413195830490356121814345177109849335243162749316048866938595612502926212981848292492799412243073940471444121917248865926738905612439870244913151 169836272358385531222399461172441631998236545105972484123874019757180066686450995295439564660468773518405825801721869 580117888313833038003793796998222699703722102182579807223051863744619062109846018940246225781118083101477594798677664 -26677426220417121992291692525022896467443 390
0x00677674ed40abe775430d89e14d701604c74a7b5a6055dbf0e0d98818e1765ee69a83888a5c16f6e5b68f586fa01641a591a57d1bdaf878529c5f5cf7e60b9e
0x00db02fef3ff4392e3ec9cb08040188e6bee048c1846c5ad0aa36cbf47cc22b44719f4d2be705232b084f73a6ffe5771784c38c70d17c025335affb3e2a48662
88381546413195830490356121814345177109849335243162749316048866938595612502926212981848292492799412243073940471444121917248865926738905612439870244913151 568731496488671913694832813835106125631433616179334301468385732167500231847789196593835849445550348341293297380470553 1042132849920137356001274492923028569920117352468187263153593539029298562911517963043774116695150352343962745257012092 16713965720741103317870631579630790671807 390
0x018d36a0027127d6a555f0880911eef18d2ba743952a24a21bdee6e2f54992d73714beefcedb2c9ffa2cefa60477f1164c6e45b14c86f85eaff7771788f4f1ee
0x00f49c299481c8d971d5565f862595acc00ae4c995244c749fe1499111565e5558af054238f98fafe1c7e05980f882eeb2187d31b1a311136d3e255f68ccbfeb
88381546413195830490356121814345177109849335243162749316048866938595612502926212981848292492799412243073940471444121917248865926738905612439870244913151 747868866802194893066862301311192672274883465933575387770824865020644432083360735246839587677574343954970380573385321 872343634598398364870553530067891547159672952332966729208496117424576871559956345239842292466556562350412005080830228 79999222297418174040647650888366871992273 390
0x003dc24003338946d9ac1de4064c7cf15a8cee383f8493de4eeb8ad24a2f7d8276809aa676cf09cb1cc7814c64892637001d2be2db6272a299fad8d336608f8c
0x0160a10753a285442174c83c404f5d87116014f08058b2dc91e18c1c232d012f4e3c116e393d69c5c902ddf7bef90b9ee9eab6f1b34427b30526ba1f2426a61b
88381546413195830490356121814345177109849335243162749316048866938595612502926212981848292492799412243073940471444121917248865926738905612439870244913151 1107823431457562229142009038098598585241607850353262049956660638907722865307581751622693028567091896225210218125914015 473902018425766824468228217476298629481718165638728959631062910426786575482555194219483166590697606741291307579891448 123213665091206656733308284809876409054591 390
0x012e6fd410b790507a9659819c1c27a4ec5cfda2f1ef5168f6e0bb7f6d7b6805071fe1f6973347ca101d3923de26e028dbd4cabc00e9f2f6660c4751fd4f43f6
0x00dae0bb6cb78a94c7ade3877de2aa520711ee3b01dc0349ae8e563a2a52b6e7bc8f53c2ac498fff6dc35faac1fa02b16c32eb2a971b849ec3ac598ef23d5d79
88381546413195830490356121814345177109849335243162749316048866938595612502926212981848292492799412243073940471444121917248865926738905612439870244913151 1050169743736263437192957088139416815437856968317706055706931058502744837129344553602545274720874787391051580904377689 315842182260752654777035620499329296533504574853682284772793600943175932521081580433289024268575603643465414917277076 -127893299390089314983846159442785509221567 390
0x001975f614f4452b9c357cfdb463068be4584d677432874a952fb987defc5301dc21b9023bc731439e1c604c8da348d975a43606f6dd6af1dc922fbf98347680
0x0073aef005edfeda4822e2ee4b1b4f4fa2c287c0721d48a705d7fe30432199db56092b7a0108f1e7758909e4f3a7da4bc3941acec495ab7c9a44822fc2528f3d
88381546413195830490356121814345177109849335243162749316048866938595612502926212981848292492799412243073940471444121917248865926738905612439870244913151 703130623610005214899186416734479246363798156326674737711161339929562798158145537224599055063516662366478248767618879 250900756122891297897938522726511070386291810650011509697365244580453817896529034512280522993069715868398195431565132 -117285205666035197993032390833605132103959 390
0x00bf581caf257b0ab2b1b0fca2cd1d13977ed82ffd9cb1692919d5e3666203e38129c07418acc71388a72cbac9d1286660247a2847a7e30f24752e73b0f1506e
0x00c35b208dd9259c51570a261723a8d9e6571cc2a969d06445abe41361ea2526385c64a8a99ad4da3496058de461c64179960d330864271c73a509d0ab364c2b
88381546413195830490356121814345177109849335243162749316048866938595612502926212981848292492799412243073940471444121917248865926738905612439870244913151 717030341848209250850076494961200776788795933766467841420475749994871261160362573799620596810733551698411967844507345 1028634884689212733812080736694943579375504319030038849644953630883182545420120006038588471237766849725251955581460588 -51667094689478477678483453224859235711481 390
0x0127576850518b89f086a2b79f63c9372b89976cc11d28f145bacda2e62824b7f4a2d222d856fae477c00625c95bab4859e7531cfe070366fd00b9253da3c308
0x01a66940c6378d45f704cf057d0e9fb8019c3e49af775467323d5b10724caaca14c4fab3bc253ccc269acc0c25a87f6c8602272c905a7d27986eb602099148b4
88381546413195830490356121814345177109849335243162749316048866938595612502926212981848292492799412243073940471444121917248865926738905612439870244913151 559443974558496467515733843314384950204975663125947357797496532847281294844408100040763053444389335937128715063885901 500614567118930009660745957673555608363473488864191867815745286398990739538098672049376657303047074894850586720979112 97905100915908655017416623367558685968877 390
0x0026b2a1da6c9575972e01a48bbb7066dd27e56495e0dba50d142e09305e38e629ec95ac7fa13ad6ef67cc76a1452cd215d4e415f4bfa4156a0cad0bd1f5a413
0x014fa56e22fa187ff9cd23f91c91e0a624ed16fe011c33358ffd19c032ea1dbd3a01e4e534aaef7fa106f1a59b4f36bc20a4fade6cf2c4fdb622f1b1a6aecce6
88381546413195830490356121814345177109849335243162749316048866938595612502926212981848292492799412243073940471444121917248865926738905612439870244913151 923004312790151340693905724564895060668977164504675519950880136232528471086932754838111120518473733688075079284296079 481412526113333361071135168485779628084063189112208459369289714234581287658927715947121800875108644847976370446718228 118633381295944688747986560004553968609639 390
0x00c3f12d78af7fe1d5d959d1f54841d3776c4708ed2e7ef8df935e22178aa6bac0b1b2a39c16123b13561b75dfe752d552f7bc75f425973bcb443f8e0c27c122
0x0067744eced4c9913dfcd35ef8df0368c0dbd07e79d731f03ffa01096e25a56688cbcd9b05e84a106d50e65223b878e15be923aaf7dd6b0f8fbb259e8fe607ca
88381546413195830490356121814345177109849335243162749316048866938595612502926212981848292492799412243073940471444121917248865926738905612439870244913151 854308734317892419539095131902264369020697488132784623738339646593983079471159928272026488002102252392219813809676469 526281448709429151982730681023121477054470288255787793140064720668570201092748462379715656543738110608996923122520308 -113946016715380605483703845589054754312509 390
0x00e3fb84912b7e8ab1ffd2b545442094ffa67d5f2841008e2cd8223df0443cdbdbc354fec76f44593be61ef2efc0acc91b9dae89768eaeaba48298437ac49b47
0x00e8d97085117059777974a7dae6727e9ee5d46d08fd363fa07830036cf605dd9aaaff3875c76ffeae5d00474408f3f773e6eab16753e46481840b46fa320a3b
88381546413195830490356121814345177109849335243162749316048866938595612502926212981848292492799412243073940471444121917248865926738905612439870244913151 1098353624454738084609679422514228558816717358843982753723503519235697178948689417778382634689531123052962129534253497 26297875266465890677298603970587517920057064936800674561763160781359517217411212286565763019412304698914461515481800 132970054984224476767010857442596263483687 390
0x005f95b004697751401de758abf554ca84c9e5724ce15c0f1ed571d5875017420bee8c83190764d56319e623369162e01cccdd5c28b509344aa5b4d0568d0b80
0x005db97ed0f34240a5b1b8e0bb417c144c2472f1b80bc697861f993b2378d8205373b5796e710cb475330822b5e30268111486c00871cd0e4324d253642904ad
88381546413195830490356121814345177109849335243162749316048866938595612502926212981848292492799412243073940471444121917248865926738905612439870244913151 215161857280221787988304029052034432958391657160858367274813748983281688571186518269751814080369591647399267832466781 697739978558690060886568996748508507608757849617729873197577006641944575955305981056455666153724693515785554798371472 -10337098065844476271341414303525242908707 390
0x00848a6c7523c2c69424ef0b65299951a05c8ba7a3e89895f2d041b87bf18401ce307085344f668cf16a73337eec317ab9bea0df1397a77c9267618a5cc1fd60
0x00db225a3e4ce73155a2456f4ddecbef097e244dc29080bdec8e0b520e8e8fd3a680d4854cf6501c2c28be52f8bdd09ac53d79de783e5c846a9fbf538eaff82d
88381546413195830490356121814345177109849335243162749316048866938595612502926212981848292492799412243073940471444121917248865926738905612439870244913151 363505883575272585703138780650807958202154858743963591698218735419268263159178119374481079132906200253503058916646147 827831652083412778279588199356363723570007881931800146313849488775783522923052447528792685317163996562502137688531288 -33505934880350645647715241179563477637475 390
0x0142b250c17906e75b7e35eb69360cf2c2b4e35dc5954f32a6d2e560f0fa4c4bbc0b470abae2d2f550addbc210aceecb894b9668fb471ec75b8eaea5c84c5e70
0x0021988c444e526f85d4265fd273cdc7a894bfadf060cb5397323b6261a49f40800d5c5f4901c924d11c32593c8a20e6a789a1e144fdf0a91f1023f4026efc2a
88381546413195830490356121814345177109849335243162749316048866938595612502926212981848292492799412243073940471444121917248865926738905612439870244913151 657366069812682777305278869342090986215272973471254913499352687165557855409666666485957323039740140655624607412390847 112775604431413146062798455235860880435720695722122516625359548539493155100872581084755511828939497641130858016747560 117144737553523952668357816144830989405537 390
0x016cdba2eb227cc662695c8b625e89da11c1c46168ee055af176c4d4f3c691732ffdbda31cf4746aaa1882b8acdc27246cf6ba01b2adf9339d384deb0ae4cb20
0x00463f0950228acab10d6437190e66bccddb2c418423505e7da6feb42cff8c3aaa82418983123d501b72aaf7867c653492915d0140232f86ef02df854b088390
88381546413195830490356121814345177109849335243162749316048866938595612502926212981848292492799412243073940471444121917248865926738905612439870244913151 1056658810266845872120817890801537317670198845513177608638623731683828543225879288660225725019160403985869513558764287 967197680531298896155392094962976517676719404762303695380031828704428086665071118566829710084323597100961302118464300 -83254994678395246122049357484854395583913 390
0x012fafe6bff0cdabb8fade649a37f9820ec0595cfafb3e1748cab1a090c83b7bff4b3999f332a8579da786cacbdb84b509183ea72e9629e049d5e0ab2ad5be12
0x0170d446246e8a88d3716d5442023210e793d9b11bfa21505dca7ccdd5a9adf415252d1359244b281e7b74e7eaf11d1f54f282d0908dc41bccf38eabb10a71c0
88381546413195830490356121814345177109849335243162749316048866938595612502926212981848292492799412243073940471444121917248865926738905612439870244913151 106958952926559628339311035340705466200033847999315177072701505475181744929981347650399923212046295343008888141432639 116312906650888300782445199630223231050773850730486716136332931360110376235909588283358409657872337001322165790593352 -52623870458312319361475065131943068012319 390
0x004efc2b01b12518aa807b1b0b80169182df7e5f97a6fb08c148d92a0f8570651e7d4275554ef83c7f7e78c88baf152f39036bed65eec70d0b6c5e5081da36bd
0x01a80abc27cabbe3ef28da3df7ea6c1213a252af3792e6e9b696abe1b60f6aeb5cf68ebbc3507759fefd9bbc1b203a8bfa1adf7160df84302eb9baf13dd21e78
88381546413195830490356121814345177109849335243162749316048866938595612502926212981848292492799412243073940471444121917248865926738905612439870244913151 630904996557345324657145361054211337902146593693837287779833163484620984503917340123608389198615951044138209752967883 955989137405877292610249746450218376528230519721949574402857784290478353627272898569085353074682238122041203314683688 -56186598919007091626375534317028832304597 390
0x00c6b30116d563f72555f2930d786dc3c8645c03a566c27c224980114edc21cc6b9d278d570662ba4cc98ee10c0dd3908884522718421398e0655a74fd0ca5ff
0x0064206017f46ec98ac7fec39a26e5b880d7bc0046744368287634052d49a23090d475827855156dc89149f6dcdbb827ff2ed4cd54263759a34713ba15ec190c
88381546413195830490356121814345177109849335243162749316048866938595612502926212981848292492799412243073940471444121917248865926738905612439870244913151 358595452151318578421135266197500043615121998160693173735623623317948328021473702554627094040913892368185358950404599 845773459852494247735885114086810545477392512304710289493595259254637991667498900927524429640132354922922233055696452 -26132600664699722757142405671001500394161 390
0x00a2c5e5211a9658feeeae740086dbb17d146a1e250ea5b07d0f483a87d5689bb8a04908cdb3467cf0ce28747e8cd1d68de6e98bb24efce3556694755830a0a8
0x01182c18c630026c4477c8ef6c8f45e6d7ae313b33e0ae2e2fe96cda16ec68e571a407fc26adac3b2c0ef171ccb3a5ec8a50ef7715f44c2cf674e1223057d442
88381546413195830490356121814345177109849335243162749316048866938595612502926212981848292492799412243073940471444121917248865926738905612439870244913151 995421664741776652449288073883566399017543955631650965538667974928978208477035912447528990274146542368445434858719347 10651615641160779932984972810458916296379248842081829801497424991433353452697436926605636609644518367847194677187300 131107470889952823403253502947516709004437 390
0x00223ebee50431c1f29148a453f44c6fa5036ed65a7da167d106cb39a3d111e3232074995791588e1e1ff8aba40a966f804b57d09fb5f2c2edff4a977af9a082
0x014f71a487147992138c313e83f497f10ccc1ab33e86ab30e85663a3117cf2589aed97d3281d805f3dff0019e31ec93ee497ba3efd8f43ace75f23402c1a03c2
88381546413195830490356121814345177109849335243162749316048866938595612502926212981848292492799412243073940471444121917248865926738905612439870244913151 467575018847091696245147680884622794713442288431692642186854004314643056633841892309396783206401776989700678817908893 903576600055624028328317678560180996765158555044815600159894623129590167780584849054090036100795080320716897310447972 -40367402449288238139197645094077541734107 390
0x00e59661a9b1cfa99c2f909d2fe093cbaee442f1a42d5b4a4c17ccded44157f3d094aca51b51dd1068be5a4b86dd967208c837ad8a9b90499fd5970c60aaa45a
0x00dcf15cfd122e8363d8a3b3f82894c9235418bc5ac6f71ff162e22eb415d9efb7e787bbea7262a4fa3e1ceabaec9722cc488a10f5f29eb7b4ef4934c8547bd3
88381546413195830490356121814345177109849335243162749316048866938595612502926212981848292492799412243073940471444121917248865926738905612439870244913151 23704026100787287901221318948503798134781428077157940086687155401478556908723556236199898838813084670420995441002649 238432965227810117606421075662764337806337494891311225617865204842182116391454148176286162863213871016396668308313272 -5170672325408323936629409557159470400071 390
0x008934ca688cf4caa91b2f13daf0b8cb74e9a9fe58f93aaf419a1048a270acfcd345930af5541bf5fc521f4e3661ad71649a2006e6ec0283f6163bec1ebdacfd
0x01362ddfec37a35a5869e99acb0ab325aaad0fbe993f1f4f97863a8920414c21062bb073bd1ea29cdc03ba807b478706c7ab7df81b5d6b42a762aa03297b1dbc
88381546413195830490356121814345177109849335243162749316048866938595612502926212981848292492799412243073940471444121917248865926738905612439870244913151 1125649794914568440713601009588826332255205904870997976425899199382102439028858582613263772429737237859037642764734689 347855262817255676038597731404029578567656293333351749193853141510306108492011350372438196926617464860416009874597924 -128108196400911666027315224065683421295433 390
0x011550e667c4317802ade3333c3c2ba6badd1832658f8097da206f06ad72eb49c524fd336c7a76888d8d678ac3bea5706a7f38bd90af6ddb1cb35e5e8b4b0d50
0x00ba41391c39bef9b3d944552760cd4afb1a436f69a14ad129d9aec5bf93aec1eb84b2a1e2965bd61ae2a8c66406de9e3245cc112a6d61768c9307fdde11c0ab
88381546413195830490356121814345177109849335243162749316048866938595612502926212981848292492799412243073940471444121917248865926738905612439870244913151 911948336566214717222757470610244361376699292634959288104769944542561073111891820418357878627760391207430228071814099 1168481770757244166881763842205276259346310941245538269298669852517826527846471027931462793714153648229594812061548148 34086003777209906550811710063348484953611 390
0x00788d3360b505e698a9dce96b81b855c49f2917c6ec672b48a8688d4b35ab69d5effcfad2058dc53d6c6a0895ce333cf2f1bf8feaf37a797d4fcb3d532b6858
0x018e7a1b0cf033901e81c928fa015d87ab2120116d56c911eee2ad67cfe7f701bcaa74b92e71ad5b723b74db6ff6355e13e0d53496d6dda5704699e0ab096274
88381546413195830490356121814345177109849335243162749316048866938595612502926212981848292492799412243073940471444121917248865926738905612439870244913151 907338745781697251232947370907327880572721137829315820562901218996736852028436045785352098949735589854636223120678005 899558787263424524115218113351134741559870938897725547368030772440886227050587380860031253145512886516832294923982956 -86126364157893171303712089144392861789053 390
0x00bad5aa641c57c3f68948fe4cb329d358c673e3f7f1cb9e86d5e0dbca8b7121240d83f08017a05c83d05656da8e4591f43cf2d8a68db7e99932e3faf75f7a70
0x008f3f16d60900d4af235eeccf53801ce38f7c3554e919833bc9de1bf7c184c7e2308beb8e8ebdff862862c71448c24c0f1ba55d6217e157ba8e89cf6aa7dba6
88381546413195830490356121814345177109849335243162749316048866938595612502926212981848292492799412243073940471444121917248865926738905612439870244913151 1192902978809338581589440708046007421638196900905736991066388433884617436244845404984995784133615644107564576586709839 904486850918372240351447445309909513309116893577502746407969441520148502988749839783596413798579135529113633553391968 -93161144286212595156734409368449198380721 390
0x0082be3e4b73effa3e78a775eadc9ec05f445e1fbc1e4f78f270a5a62c9c1d2633b7c46d7fd9e6c646cd5e7e42e3e5b3c300b3533d87c0fb6ed588df8009e170
0x00f35325fe27b7786bd7e4d0bee6b86b0eff32f75824666db3282aa60878b4008aed50b5809d7a50059c12723e051f4081ccab23a6eda866267671c72929c5b5
88381546413195830490356121814345177109849335243162749316048866938595612502926212981848292492799412243073940471444121917248865926738905612439870244913151 603927960418547265840769138292466218916528769711276447908495236716128251184720877244519638057410156958601158064493517 1075803043474276425925078381277484082087701357989133502873924856608741553694992112585498113052797095877600515304864012 -3121407151720847715295092383373678042475 390
0x0161d7b70db16d2b402e8b2978c32caab2f5b3fe802533dfec17aa100befdae8010fd09e2e05ff1f32dee73b9056d67746526df1159d7cfa78de53e2c8e32955
0x004421985a94ee240df8ae059de8151a49ae08def2968dbb01c00d2f9e9953e8efa2808cd6daf66ec988ea309bf23cd670b66ba72950088e23c9264e96732f66
88381546413195830490356121814345177109849335243162749316048866938595612502926212981848292492799412243073940471444121917248865926738905612439870244913151 879245095007750118061174169591604853360280190943766050156337164339654857235719155444068094679222183287327788606236129 589055050675425075941126761273541402009032123561429159771286152355635198825067253451623964853797429159411317947748988 -111417675244793714096723169701211645966281 390
0x00fbbe2e2fc733c8839fd0a4c5dfebeb4b8fba242932157efb0e9410fa8eca4a1e199e9abb5f3d063f657ac14fa03a1eb2ad4c40b3ba4a32dc2b5cc4e5864c10
0x01274ad37893b0d5d0be1b07b221af224d455b56ce8d807a4b85370a45ac2ed0840fd3dd62b0eb970323b2aa6107fe1aec9425588ad18a17a20b852a79128429
88381546413195830490356121814345177109849335243162749316048866938595612502926212981848292492799412243073940471444121917248865926738905612439870244913151 772817661674792928216521787910230287256483649146134862497282284184337710907544818822413714174874660004289801413227547 1158027361166018499199645980393887697615013395550621116583957194832379959109629614511644441602522427064882401785631812 10931678324178837643941161807654274419885 390
0x017ba297ca22d468e99092799b194c0e8ad211c883bd12b43a0b4b49336d89c6409cf08a032a14754d136c73616a06c92622a70315f6c7ec6c1e85ce28f58430
0x0137dd1150a82165c445356b6bfbdd0ccd11cb6eb50ba5f727c367d135864195c79ea579594b9982d0a1d6d67032f0a7ae62da89514ff5166b8f17e4e9d82122
88381546413195830490356121814345177109849335243162749316048866938595612502926212981848292492799412243073940471444121917248865926738905612439870244913151 489136160524462354927723247772810003814396312252264295998307994795419718053083966680673268872926858028997613216259909 630008982584990537183025692629420171507424130040477083715805408229836700713792176651624474804274091619520470013881276 -82208470084693829671778671282132810871053 390
0x0019d67838e0a00d5ea4ed8fae94d120bb6f099495071cdeac250231b50ea5db7c9a6c51037d46875c0bb59f68d569b453d176ebc5a0dc1cf65c941d850c7b47
0x00a73f118de84511de7921af459844e6fbd68dd558f6cedd8ec329fb7149533b43ced191e1499db3b6ec3758ac0c13e221b259a9b44f9c73c437f4aaae333659
88381546413195830490356121814345177109849335243162749316048866938595612502926212981848292492799412243073940471444121917248865926738905612439870244913151 362499398946461696865810115602985489623566699624102012324506672023514135277678139343582726230797742739677580413124497 276452900157845289919671962336426361754068194061712657116283519420936113050632803804434603591803547318482193935525712 -89394676137690382109508164284105028523025 390
0x0114593b7f92962efc5863f415121512d2025bf20bc6ec011af2cc0c08eaefe38e0503e1542db1c02b70c29e716999260ca0cfebf2d067db3edd538b904c695c
0x00339e767ddab73fbb3713bb7eb9c46defaf8ab4f10893d74f046dc889173e2d87f916bc21501aeaec691ff9fd3da883814cfa47769c9180c5a8629da373a67f
88381546413195830490356121814345177109849335243162749316048866938595612502926212981848292492799412243073940471444121917248865926738905612439870244913151 217040645924867453757637298395760767185116398119677062717870383384634617249588508998270174384147419315068428197400469 664436260126442812654919390476492572235241686747760174237604229439484929116978468763790097761280832739271805036965916 25779178414377039324366263942729712567133 390
0x0008a530897902532ffba511a924ef972c8819e2586ffb4a8d0f1fe5110588e2086754032796858227e4828d57b075fa3c3198385679f03298ea301a278f9ba2
0x00104cccb9fbb1425c6ee0f46337b26152e6d2d53eeb818f13a63aec7699ff377b0cb3ce867a5870f2c1df250fa2d8396c4b556d4079b8be9ef88d280b1b2645
88381546413195830490356121814345177109849335243162749316048866938595612502926212981848292492799412243073940471444121917248865926738905612439870244913151 1123427413203214500819146938639423958999329835740147166997475496032602136619703910830634755090086998419147008299492369 964617890229333017661015075170952335051599683493689317906849295555699774566984902143630488593443550736247150232519008 85122728468321160332305326121341152507409 390
0x009ff1c24cfb147d564095e025db3a343109693a1d0d5801c2dd44bacc96f933c5d4f18c1dd2dab2a97062310d9c7a0acd01144a178016ec304899d31ea0734a
0x004677bef089d357b2205d7753c38c0912f5e3d0c5ff1104c09e4b63705172d299ef8dc08b77b406c5980608ba5fa52485b8fbf9971ffd8019d26392c53ff234
88381546413195830490356121814345177109849335243162749316048866938595612502926212981848292492799412243073940471444121917248865926738905612439870244913151 839427568700263054738217859524743377481099465811749940128393556652660170975584048312178149055342694057361536745744807 683068894160563571712285838752926746058670066317287010829586709195212983066592854696964027875150464051357483208877480 -103435555653947633614120040065066276821113 390
0x018bf40d6f585ef165bcf519898b253087c4f8515b2132c5cb28cd1faa6ca8d0ac3b7cc32ac466f63704df8e5a79043a38331ee8f434e2fe8b9669129c9ab4be
0x00c0bbde5161bcfae7add16d32eb8bbfe00d04e272d9d18ea126b679ff2df9eeb56b1297fbbc8e95b519818e7ac162510e22021222594626e1aa104b523b096b
88381546413195830490356121814345177109849335243162749316048866938595612502926212981848292492799412243073940471444121917248865926738905612439870244913151 721437747732677764229423592629284658870986458415473623211298664680321896014277165133325025870797849190491989311727345 379323308831346373709775179714868034530839383132059195365277143487216957354247480381258461963446026691006533321489992 -114312453725149547180972800292441657401071 390
0x005aebf93d9ffbb450c25afdb33e1a644beb144e387f5aafcd25d1a3e1d1faec6747d0c1b70dd3af86efd1d9fabd9f7d080dfd7796c2eba5f4bf06a550bd0f66
0x015d0d271d836ac30534a143241ad857c26cff281be4ac3e071abfc4abda53465c7d901b5c967f00f91874448dd777d7424825984bf69374d2c82dc2637cb3d1
88381546413195830490356121814345177109849335243162749316048866938595612502926212981848292492799412243073940471444121917248865926738905612439870244913151 876775384895279996072240033885870101124165214324328332710069832512255627913487675599194879113509114035249437529419189 1190015164311393684697298412907658153365947214545799800601209607587355046032639399604841278682935667285620278997112272 -17190597765660310669274512425829395615691 390
0x00e6d4e8eaa571e0de9d841389cb4272d51c19662fe653e97b6a7e57c9a9b14681a5eca76d2fb7e6039cb5fc31f95f6a9bd153489001f969c0f69ecf1f0e3b37
0x00d0ccf2b2c4eee5adc1972d1e1397ea779dbb0de4ebfe66832d65ba3035b3b30ea476c8324c1fae277b143d0186533ba5b20fe8aa47bb540b2d6b734d3ce3d9
88381546413195830490356121814345177109849335243162749316048866938595612502926212981848292492799412243073940471444121917248865926738905612439870244913151 583170439578924133651947652948737492270823511942031167167294349603306357986723741056385563444967904761581520063425853 948041706316532435665812596978531853316281358221853218766867444184813754077075882757305079076606489090399092161802832 51204386198467083877680922964619348249667 390
0x000f024282644afa419b80e4511cb5432ab2ddd6c45adf1dcd9b71664c2bf51ae0d92bacfa7647a14b783f8dff5d84ff3eb5a800a8e85fc503f33628aa66db5c
0x0064889b233a4a9cf80ca82ddb06041eb86ced7c04f10826693214c5dcfbea0fcbb832566f253fe935390ec04d0fcce8408a5c4b133ac7c3051ac114983e4049
88381546413195830490356121814345177109849335243162749316048866938595612502926212981848292492799412243073940471444121917248865926738905612439870244913151 6604863706919440137614796509532129508892237490534911093960460576274186075896110243126503239282010191612347915779871 96215063537384291163932403022499924504747122251667436537266597038986129864438988052302859077132238814899086678893452 9122249980795015106850843110109801069303 390
0x0199664bcdcaecb99af5a770fa87a577d787a45ba338d55fb37d539e00877c9ebbae0f6efa7b788efaa7bee046ae175fff494198dd4ff0104cd9899ecadb7436
0x013368bbd6b5042b9a392a23bbb8639c699969c2da0b806b1a9e730b8d1304b5b8ff7d22d7ddbc11f477cf57480ea4eabe8e00a29ba589c68e7327db50bb3fb4
88381546413195830490356121814345177109849335243162749316048866938595612502926212981848292492799412243073940471444121917248865926738905612439870244913151 733493827220254587376533908121280238952029203402004026888539145239785883519213207308482099610080512755030155250302167 166624623472886323685322609144442537714546670440464620422735052537192195873681380037747910099531083982725460503538588 -120526903337509036549201723775641020843345 390
0x015b531ed308505e320354dee313dc376c5e50cf3c952eceeb4794243b0d05563d2359bfe063d25533d3760bffa9ab79ab3f4347698a91e70dc37ad83ba7d2da
0x019735c7670591ba6d92fba1eec3de827c0c095828e9e4d249d17a0b489d64fd2735491b00e5909662bf659eb91cdcf410440541b9bf69af4cc3ad133c0ad14d
88381546413195830490356121814345177109849335243162749316048866938595612502926212981848292492799412243073940471444121917248865926738905612439870244913151 869065423490181325998078553856173042236139296783269563350274371486864332329881248596348284616494748892254703002398303 716439792549701258642187303601823747939054290825169418675868335040314064142732651394751713675807864244053297954235132 102191981999701927097783593011636896996233 390
0x001e9926f775b68e7eb9b9363dba61900cf329c2b6b59936fef0a6d77160c065fa6597468ab95ffc193b14155bd851b1c85c02c38126f25a4e0f96b51d4c973b
0x008c0d42628e6448d2747295b0320dcaa1ab54b4d716c32054e43c099ea434f2868eedf238cf33046d2dffdff25c49859bbeda1a279faf1a671e071ee637d72f
88381546413195830490356121814345177109849335243162749316048866938595612502926212981848292492799412243073940471444121917248865926738905612439870244913151 519400016553694776546328769558737125996682529968247240400684961971243452558823982082675779660234799440667441399860125 954588474304002697568500086129228143411369135059000691524537783275351517138256695963886691403118429585431126037113820 38170421163388759966211053408075212778715 390
0x00a44e0ad923d25dab17ff8715d0087aeff5f47d0f32125e738b9aed98d8ef0da3314f07ec105b8db48b9d7eacd02c72eb93e8b5456601ecf808aaf3f9f2fa1b
0x0145f192d53bd7265a1105dd753d479853c2ae0e13a57d278201c34ecae80894705ed67e042605a5af06d1411daaea83786aead6205cf289cec375f3bf54d81e
88381546413195830490356121814345177109849335243162749316048866938595612502926212981848292492799412243073940471444121917248865926738905612439870244913151 581299360214210372577807300408986509472534638341235247831915536220366156690108990482621875811089374259636841920025507 776694669072621872053727221204032209279557660184042567689591266196655363131739238060308816477954665853911720253951260 77051512575019124717322360262749772612837 390
0x00334ac37563a9177e80723c017a8ccd4d573ac3ce75cf938e44bf7a8b8492ba33eb6263265a0bacfea371e87b6cb07039c52a9fa8fc0a5d6bca461e626823a8
0x016e9d689eec9b6b1756e0e2c69b6916032254bf86d1c16afc25475a792439a9d5808e9cbd8c8f7a68268bd465c81344468cf27b079e414d567055409f03ffc2
88381546413195830490356121814345177109849335243162749316048866938595612502926212981848292492799412243073940471444121917248865926738905612439870244913151 290983612345033560993760083859379807711170768898853555373549955134498807434388249705294188690622067420499132328111563 612205524198261792956264621889854087520435163124901755323937156009703445916820223531114058129111183084626273192059752 -55711344680393584895925800800083036445483 390
0x006da1ac2f6e23b4c2a084689b32ab55c5c6c309954e96cf2f7a2cde82634e897a444c872209832ab8c33e486e7e082c44656acdec56449c8ac4c87d688d4fed
0x0029da04fe884aa05f9fa0cf69cfd5b7565fe13b7e2315d404671782585c440f09d7658bb8a870758295bb996eaa064cce776a8a179e20e249074d08fe428276
88381546413195830490356121814345177109849335243162749316048866938595612502926212981848292492799412243073940471444121917248865926738905612439870244913151 445402662373708422429222301758461918872539817406974240228624249760291610775546799776564785039672929103498860512680765 538476473517590829673495319720220271756316979901006599208294428951969604241419652072228802937513226143268172982092068 -84752544338592904224079986959389791395269 390
0x00f852bba71b7b30dbb7d0e3c226921b321585dbf9e2a0c0be4c293252412fa22d8594c4ba132563c5c70018cd0a10a247697f8fef394581c066b0053ea16dba
0x019c0c845d2b57500e7fc04e0b622a5af1affdedc56be233c788124e1cb873c19c807b3a4f1188af284eab25cd3c1e733ac2430db7fe2fd93b5aa6bdc1986f3a
88381546413195830490356121814345177109849335243162749316048866938595612502926212981848292492799412243073940471444121917248865926738905612439870244913151 871167440738290414365526199830525472163096269277808466008675451750739775356334288821732547369432821166753330300231225 783012227688991008820929386925528683090925958046830140963398292190837748201622390483011056571080498459778535888460872 -96604047378859074144390813783221877397671 390
0x01a66b8ef7285e9af6bd2478310538d360412ddb3acfcfab73ba9ddd65d7fc0a5f1f162a1d9ef6e089f66660a7116ef8d0c5b843ce1290b14bdb4ce479c4a651
0x00f4380b0c6132b4b4a884acee8ced3444d8ef46d7559d6f171ae4dc55b803c179d072315c23d4c9a545b27245fb927d13d4b40a12d687fc415569f351af5e24
88381546413195830490356121814345177109849335243162749316048866938595612502926212981848292492799412243073940471444121917248865926738905612439870244913151 271996625353367593018502954623796184349362986419415525112535563203160480800750438030521264391271570920671059338196309 746095278305130017038464497446713204668514017441549009312078745528064686138950330680946568801909145970183219496781132 25005163192616136707366517574570309180381 390
0x01966d8f27f8e3175630f93a52ac893f0b0fe3222a27c294696b18c2f6bb0ceb8cd41c30cb4c98a28616228ef7df5656d348cf52c759f83ad46f71e42df7aafe
0x0159c3df9afc293f8af52dbb41704d3a8bfe891a5e51a4585b4364a7b3d6788fdd1a5cad966dc1564bdffa4f0251f7c7160c72b432c47a46c900ac8c7d13a99a
88381546413195830490356121814345177109849335243162749316048866938595612502926212981848292492799412243073940471444121917248865926738905612439870244913151 64905938796146010887334151696725869028559563180707031154339158884653201978434912097639645639841414763588739524408685 201950542762829773866391083091069215703579986769879240491646591866684863332668363700436309520556626226940357037056792 -36644174709603254073300477508292540369651 390
0x016769b802eac6a03e328915d75b53afc8a5bdd82159ae6b5af9acbfce6f8ffafbcacaad61e896eacb40856004e9f172902f442461f2fbfa3d652622c1898896
0x009423c21c33daace549e28d42807c01a8d8589cd6ef10df8621f21d350a032042adf8ca111fb3afb719c1e1464f9a2e27de3266b7d1334787802443758afd50
88381546413195830490356121814345177109849335243162749316048866938595612502926212981848292492799412243073940471444121917248865926738905612439870244913151 129795800486042493367041855418710419255378546163499630271691589626776331834628295572462409821025564835317476943635945 461805216711436083396023696893897668577491389790690024836965711646935364329939353633224354019371606605024819199789164 33162673642880443698453399259448776438097 390
0x0198b7008ca0d8a2de79e9ce4aaf417abec48972c5f132e1708012af3b01ec79849ce4fe0efd360b2d391647cf6bdb613cdf7e8dec5c37172b9b90959290536f
0x015d3a4e9ec94b961c85a082e84a24a13d35043c08ec851c53111d06b3086768ad136a71f465599114a38da6d559738966263c9f6632b64ec9d6ef67c815f637
88381546413195830490356121814345177109849335243162749316048866938595612502926212981848292492799412243073940471444121917248865926738905612439870244913151 707365524868781199254522055349457532978015034899065634408090549721518966143053800560944572994362148458615958148252943 246973593073210474121594647843242610153945829817783125406441469437089510082405158688263805658540086311734395766977048 -117606071521784783014400355343919132754927 390
0x004089031394f6bd6575876db797ab4872ac1175ff5149005a0570866f7feb8199de663acd78f14952553bdbe15f3c782b66160a2cfbc232a2a1172d0ebc05e7
0x012754c9ebdf1eaf9e1b8f021666effd8471e18fb9c4f7c68a810ca3a83eb50ff908987f307bfae52ba05e894fb33fd826deb1499f0f08f4136620c102d244a0
88381546413195830490356121814345177109849335243162749316048866938595612502926212981848292492799412243073940471444121917248865926738905612439870244913151 466531761576087909383098078112815537546602646610339938293586044278349980563356023615876515766978686062741891410989897 806582907864704902152969640601209444252451077311422128920084622626519031628014743640825228615719338126406457057438388 -59055813559133920416495536035796555053105 390
0x001d6aa8c7c1cc3081992b85237f1793045502e7aada6c96db66c8b7fa61c71f292b109a2b749d214649d85fff879b5ca8f2939fe46ef14af1c2b3d4bfd0669c
0x00bc08acaf0bb056750b2911ba0d4d0398fb6baa44a822e2a5c028a67ac7d6e8b9d3c1a0ac535b445b32b19ed4a79bb87aabb5b83b871f345ceb2dab92d9f42c
88381546413195830490356121814345177109849335243162749316048866938595612502926212981848292492799412243073940471444121917248865926738905612439870244913151 384150546865551765968058560587268362679931948189419287259806495139927131035283230012829045561929111032167328126111539 320563045445471212095341327247260288405953140447184028776572614213426388780172321255329733894070260892293653663966448 90157041845047306495782393123164091368269 390
0x0174ee5cf42b4f8355719fa01e3aa075f3dce30b3cf1946c72f7cb24322332de6943147a0dd8ba02cf34eee1b94f9a603fbc714cc67732861a0a5b4d635fb2b3
0x00b1163b650c88ff7b61f0a8d0f64ddfb101235cca7bbebb683ba01ff76be22b798a3be5b80ccd8be67b6438c2313e0c461b921f9e1b53ecd55630354fc9fe54
88381546413195830490356121814345177109849335243162749316048866938595612502926212981848292492799412243073940471444121917248865926738905612439870244913151 1230217555933544217629681890045642016063151747568367481011030008891363314626284303854499085460528673668668212166499859 1252784335690752915604040162681845852551179846466943158906006971219009856753842811125206451897848894679574063180879916 -14804442656366481471165285579211386514123 390
0x014c62bf731e0bef91e31382dd0b24d78e07c7a6c8d3cdf40005cb3a2324ca5b2cfd18870043a8d028c398c35913b1bd425cc9e0ce2f5c863576a7c095b23592
0x00673b448b76ec1bc6247c62d912be44d18aab9a3f680f2d6d6336bcc2d4c29e8c3cb396d60498cfd510a7f94cd62f262dadf1fdb1f8054781e949944a1e05a9
88381546413195830490356121814345177109849335243162749316048866938595612502926212981848292492799412243073940471444121917248865926738905612439870244913151 1240544716294976288895116832355588954545431005297972375811092995455656006757469932948997954566770739407571945318997103 177035724764456375110170248982054769812376103744645917006767586032443661460616338710241357953086122326169288856328752 132771931502612627634445672587687493754897 390
0x00c9300c2f4f408711abe7f9f29a396b96eb26e53d56fce62dcc8751a195aec7b76bf87427ae52800c9893ca9f6e91fa0973552c8877d3321c1b441eb448097b
0x01746c9f193cdbacb711cfa01640f65d0e058be150478aebd32d37b9e24541d79d325d25dc734f280e0b11f7cd489c48a0a26d3be13b1be0d15497709907b596
88381546413195830490356121814345177109849335243162749316048866938595612502926212981848292492799412243073940471444121917248865926738905612439870244913151 281112776891872292163031928603677836157860931772772444429224827198994224867483078273178035159922379013127181275164969 266822631067176963983293473197831181042289872049105918419960584617246969440678598160197927425365045482538594204289592 79505542785444804788493936826635813189559 390
0x011951aafee8559b9cb3366408050efd72968471452dab6ea5523a17f5d0a98d8247fa3f1499a235e9646d583339a1b2fecdae3f96abb25c1749d770b5f92c5b
0x006a1ad30a8eb9218c4d338eb26cf260186d628347d343aa411c71f323391bfae69393da2f5acd48672a342c7ebc8e62d608cc7384755897048a33a23a067e58
88381546413195830490356121814345177109849335243162749316048866938595612502926212981848292492799412243073940471444121917248865926738905612439870244913151 100758889061643435463613968409643300253906525672874682788150107333551437578204078978437301856964924938511106469400899 486313123469985077882945200287034090776982523247632354397794844605170395177401935409611093945982744086971547486840012 -9171133208628462786616312209724344624891 390
0x0167c022ec6df9737f9b8f90d4f5053ddc75974c32a2636beb4a99886ca4b830c9d2f62429031c3aa45199c1aeb0c65f51f66f8a13e6e692b0d46881ae07e73e
0x0167cb075059bce1e548ced65cf73da4d90df5ad9e56fee1336e3995c92ff602b80e87092368cdddc4568e752fcc0ffbb61fb428c1fc368b20eacb12c467fc4b
88381546413195830490356121814345177109849335243162749316048866938595612502926212981848292492799412243073940471444121917248865926738905612439870244913151 237898725775976879185819569674910384381641115199225091589762721668137861586370225272164096000879595870110199122535799 701797368924286289593764111801567776302226591973489681553966333254110810900500631142373694798707076451384677717997452 23974729445594238542990803513521333989489 390
0x00ac70630d2c7a3c590a7dd6cc7afbd511430f360c278ef6b0b7dfc830c25ea6601874cf77db83a959fa86882d445ae2ac62cd842ad2f372063f0fb7356ba96d
0x016f779eedeef1a8c0e326ca2c91f344e7a64df52d4688930f1b575d6d17193fa9f5045a42373b4a12586a50da30edf1ccd2db438c0e11c781a8b9a772b30113
88381546413195830490356121814345177109849335243162749316048866938595612502926212981848292492799412243073940471444121917248865926738905612439870244913151 670356078085998825109930280607812594619762909952384160158241339434537904047056599749370197972900058193669296860068099 922314903751952618206635175904858142811100115041267148129514483834345574305040368155564039064435994335642605265091660 66463290748641803459208151402766227629755 390
0x016417fc376fb72bb1fb66e8e9992a36f2c7dfb4719419b6d1d5e16daeb9248a39a16a96073c0d1f82eef4ca60af215384e4a09980cf0f5a9ddcfd7ab795ed71
0x00f36cbe2d7b571386e771087057b269cb79d6df1b24ba28c1322f7e17db687bf56a297c89a0dcf4621a132e87934eaf96e62f04f87ca589d96fadb2348d31d0
88381546413195830490356121814345177109849335243162749316048866938595612502926212981848292492799412243073940471444121917248865926738905612439870244913151 393613120874616923506454234695137647170859119209393632208450388887209270972893526407691520875744769877536910810379739 283435907773575564117880864248679490470162951565095256697561344952282843451114952799107248215706711839114150291339684 92567469911991757082801808853338275533203 390
0x009147d814a1faef858fce948d0ef01999cc46a7c4df958b25b87d14470a72f56d1bb56b3f0da2ca9dd12b56c2cccc563ce33ccde5357bab05cef13097943479
0x0143f3f5f5a78a0fbbc8b0f6191251263e23ae27d2cd88272c09ecd0bb2782562496fc283cadf8a572bf0a545cbcd62330229b3bbfe268871b8e44c2c0e5425a
88381546413195830490356121814345177109849335243162749316048866938595612502926212981848292492799412243073940471444121917248865926738905612439870244913151 1116276330552685554164900476087475580994311012048170082455791062425465695942651673509976736842421441815688230014400713 379233195180058107637471151874837075904243831586789070273299981639047121877931054868475824947668595984238361351080592 126979912654542547583923762375730335916727 390
0x000cd4ba616bb935e4d7edce2eb6936070a34c3aaa0229b7f345e64568f629450165b0aacb4b72ab588c2a9c751e203a2943bad064e67f56a4e907e0a1669939
0x005689936633a884aab5d660c05e23b3bc9a25e4eafa7ab055e4e00164e1c5c69b0a9c57cd704df8239047843da1714ee11499a884baf9d8ae1254201953a595
88381546413195830490356121814345177109849335243162749316048866938595612502926212981848292492799412243073940471444121917248865926738905612439870244913151 125610455186612376670911565162009361731157257732731280590351811114507883918551193791731433872457310572457931765515475 468660403356770142670570679590446367665600317854340061565712310963883899987026362131100338763591715073936486724377172 -30335953369232903501198494034200657074571 390
0x0029683437efdffd26e2f92b73406824bdc36f56c9234c0498dda7a12f479368c977e2250503faf857ec664f246b360f4f106cf9822a2f9d0c32ad1fb5d7f093
0x000cc93c1573eaa91bfbc9aef75adb9b6a1c90f55f264d24e84af214ab83d6467f63bda32e964068d4d4551d78f4afd48683cba92562cdb4a7bb1008f0254a66
88381546413195830490356121814345177109849335243162749316048866938595612502926212981848292492799412243073940471444121917248865926738905612439870244913151 623828606308163668430991056169418666213136158192564826340968923354575954671858446293994210654333402228877536001915829 1004442725124180694982472980271450017194997916796932157588352533476457440057745605230472726353802249907452714587320408 -44505267417045023818329856076691885860779 390
0x0105e413e9b9f674c40c2ba8f2d0e3e7658de2594eaa434074bc8f16dae41c529b9cb70e355a9bcc735f18b689f5dc1c67bfd331f286c507dc53845c729543cc
0x010899ebb02c488b83ea168265f88c8e29abbc544c4df591363698d63447d22dba0004f63e12a40d82a5a31542a3103c33e248b790d3ab326c872f8165cabf1f
88381546413195830490356121814345177109849335243162749316048866938595612502926212981848292492799412243073940471444121917248865926738905612439870244913151 783025534471169248785373749167765840354656356358036182603380642943445498002618333888210081734774091636943828977579817 277321873352183907171791616629148576052561206600729145775957689887103511814000558411629223409712233288609966083661660 -120557224433112536604023068408236133816913 390
0x0183c9edb3bea52da88fee1df77e8b3fdb05ced5afc5e0892837aeb9e04bd28f6e96c3ac310696cd56110f7a07f06a3b6d04c6136c8fc4565f7bf32275246be0
0x00442b0df1c57318884833c5d24ae952c5a53f86040a1fedd843542ed14aa228799ec5c822df8e6ea1c1024ea8f299f9060bd172c307bb2836cacbdc38ee021f
88381546413195830490356121814345177109849335243162749316048866938595612502926212981848292492799412243073940471444121917248865926738905612439870244913151 881423053031581581390487886651632522358109477454630685373509024436599873197441716736088202328638933578107181444864505 1001803207940586990736092254567193020219729280313985727836988904842091946243120141973321245074133480164235733891456528 70733519731199325168806999927373375242631 390
0x009c9e74e0fa1502c6e5909aa802af5bd06637847581a78dd5ddf6041fb955aff664d98a2d2e2ecf557c24ed7582e16eab941994fa802b9f97eb5dc35f4266b6
0x0087d28a1e11bf6c123309c03156bddf611fd5d44d1172bd9b043a48b30ffda677cffdef9fe4722a36673935e4b2535bb30c3b58edef72cf680ad8acd1e07d23
88381546413195830490356121814345177109849335243162749316048866938595612502926212981848292492799412243073940471444121917248865926738905612439870244913151 498261473193747835161419244778671110744013628589760037556409259761026327893338949979687105275099014419662591983071069 499411589181090531105728086945153592638332658510097668326020139698345851230152189385497026576517117642998590014447408 -92658211822081090913046565030461503499741 390
0x002a0113464df38003c4c677a086e85e0844b06fb99b12e7516c640d035b4dcc165df589e7c346946bcd8ab6bc327ecf051269460edff074fec08d4de132596d
0x0105cd3a32bf9671e47c4adc5df3cd29228ae7a263207a9e1ba18530cf95ea40263fd02ad0f37307498fa19d9262f03440d005a88e29656f4e1fbad66c3deb1f
88381546413195830490356121814345177109849335243162749316048866938595612502926212981848292492799412243073940471444121917248865926738905612439870244913151 1236937660376319473264896951460889229603798631089416957782312691414938835290786028191881300109683360621727290596030303 399410165264245988017197818514933980842008026157357787025423132197752553290971180283927330858293054446376886849277472 127185690845339830942129662619350859516577 390
0x009d10c9f7ef613b7626488b81d3542a8a1ad087e1e0e8b9535f78a77236c3c491a239001964a3d0b2c3e6b7f9dbc8f014af3dc8f4e8c39ffe4edaed003a659b
0x013f5f2072e1c69e350ad4c6e591f833311af8f183a9c3afb83dc161fd56ecf2a0a05fa7bce2017b1ea61a1ceef62ac84075d691147a18a75ffbb5038c8f675f
88381546413195830490356121814345177109849335243162749316048866938595612502926212981848292492799412243073940471444121917248865926738905612439870244913151 493848263547011650727415084988779493095994053223935595021614670026785683585725319437845715503396867300396522157129449 901113159713023968853833835135822766826196002871739980921772346624775600096761221369663131264441349979200556865262432 -46299696794681673724281826448717888954601 390
0x0170af292d659eec8810c86b22ce35b773e97b5338127636cab32b120a4767a730f9443e92bfd85d4890933b5f09c7647d0b776013f6291f0a304e7895777c01
0x008be75731e34f9d652d5cca22fc33860817520b3374164c5ed502e99943c9c8efb7872dd1dd3e48aac1067bb35605a25be76131cf7d0dc92231842a0acacbf7
88381546413195830490356121814345177109849335243162749316048866938595612502926212981848292492799412243073940471444121917248865926738905612439870244913151 1094299491180609193160156421865933653031514068440524132075425656665391151617675385714100084963876031039860176419681405 1108527865819627960997477078617092853616032438474202007873986184291632795817114433178790177870671854959519995462633972 61400534477823436810283254729842288757819 390
0x012f32f85241915248c8069fe5c5ce9bf995b5470efaa5a4fed2ca37a5cc26ebcd3e3e14686933eb2b1088f5afa4f329430691e3cd8eabd91a14da4ac2b6aa8a
0x012f5f2ee58f69099f7014f67c86faa3cee1f6f207ddd54a8b3deabe10f675fdaed232690c9d747ebefd1d54a8cae725ba29a0d6e196c68f0766a7c874a6405f
88381546413195830490356121814345177109849335243162749316048866938595612502926212981848292492799412243073940471444121917248865926738905612439870244913151 769452858216937057807642303229615023605472921938028183992019134318341330414309446691131813306901068928397529505113089 863907784594122465617065562075476402230040279224331104239987772620333507369335586512994689725099857918097696758256732 -82528100684454584662016663390842637650071 390
0x018c957946ed82a9008d72e6d608cd3aa82e9ccb35539ac3a8282a53bdf15ef5aa7f88ab64b4769a0f9d2570f73794f0a331c3033adbd1c4fdf0a64255780c41
0x00321c34206c380fb05e782fb8e97c59d10bfcdf43641307146a5c5eca38a66969c9c27c469edb73e55105311335341bc627616fdf494461506162ae8bd545ed
88381546413195830490356121814345177109849335243162749316048866938595612502926212981848292492799412243073940471444121917248865926738905612439870244913151 635868827100922288425303083725488207001830385024543406407811756293051202599033514944928082917253141090906651755923315 936229827873072532151202613836566504418892981960675693352989053584432940022157803245048814129583611504049302390053292 -60419010704438514037915077072302319895339 390
0x00c2a491454b3f8f70a9c9784c23dd7c9a50d46703dcc71bd2445969a3ce54f61edd6dfb2c5bb52447620edbab119402d2fa219b43409ebad4224570a10683ed
0x00774bbcf7769fe062f41b8f5a4080664433209a1b5c91e18dfa17e976d5f04c4fc3b8466a419068310baa825dea6189d902c0b3fbd6beacff1c8965a33360d8
88381546413195830490356121814345177109849335243162749316048866938595612502926212981848292492799412243073940471444121917248865926738905612439870244913151 1171330226886923798643693089600693856927695524675821575415383479609486059633504125453146777936683881223118414168813929 1254809725565520518190962651294157738077007717730498163714149813535456988973587966701807234883285027746409850183022696 9035033315495413543409368074112052324233 390
0x0131ec10ca1ce095c0ba315a8c019dfb9a9133d54aa186d04831c9100b030ffb106084837c3cddb2b3ba3253309d10969a340e3cd009927d2c60b0246bbb0e8a
0x010ab6e270a2df159ab0ae65ca29d4d38a0e6af2579ea82e7aa54fb271b60e6416fcef4fa174782d50a33855e3dc9f2caa0fce31c3063509fc550b6e10525d0a
88381546413195830490356121814345177109849335243162749316048866938595612502926212981848292492799412243073940471444121917248865926738905612439870244913151 1179960832957109728893133076544662375414333038118479299500890548314521506835638172452941757666063507667894806828158377 538811181803082148269882157588254806170566546689153639814750898297773212003017671515785838231777606432637839995322500 120949562995491735516719022455761089478063 390
0x00d478285140a0b872dfc287b8564f86c47c09a05e9b112edfb076b3b0003b04418e35733120452f4ac744470059b6f82988b52b946c4508f8a924e86e9e0bde
0x006792484982e96964cf3cc1aabcb693e2403a7861f59cab0b68cb1fa89c9f658ffceafd9688e1b8619074b35b335c374ba364ac18c83f592ac8e04f429ab7b9
88381546413195830490356121814345177109849335243162749316048866938595612502926212981848292492799412243073940471444121917248865926738905612439870244913151 923390284960185369854484369234502497980441716353044321197827489415943758229225568391194304893312426651570465764793693 386707165823665028917527750161055144548253623064415547562026441859136330074696267410569127650378434050436293515223272 122503319115870184600037659928343778148093 390
0x009b56e4670abe715c04938c501e56e0e7f1ce2fa03e2ba617684f86ff211abd2d098f49402593aed8c6fc46ebaf232bf7349181a7d327246d461c2e4678c448
0x0087ad2ffcf39eff453cfe82623c6011796b8f832a73eb80e6bb374e2ce102a89edd00b6336ae6ca6112020184e9bb3309fe3ca6da0ae4e7cae2345210c960f2
88381546413195830490356121814345177109849335243162749316048866938595612502926212981848292492799412243073940471444121917248865926738905612439870244913151 111689050336190371918328812214927504838957707806924133556768154017718623786359574826947776504645373070652562805215575 474145278384412062291038535209895609715826461253053337400204080000861178296273269911297611370368898905002372570103324 22403771910348475879187456041705567349457 390
0x0189115bf0271f7f12bb1af570eac96b2da5399cf0895c199d2edddbaf2d0941b49da408317b4eb53e767f9f60ee0e3ca5b74cb8a21d6db6e9af5f61acf1aa14
0x00da390f1928f643654d46b980bc04e00081707bd63c0b7f4eb6f1a052d990de18397f9bd322c259bb2934cbd321a744391aac7b7488f53a0017a4da52bf21dd
88381546413195830490356121814345177109849335243162749316048866938595612502926212981848292492799412243073940471444121917248865926738905612439870244913151 1182804356777850678576222376320050685534723824911550583385047739314868442228564264538302433590961180859581806822781535 1258390287266706302087988297325165505718492676751894582294374938460814738971869786748546300648873158305625458217502024 1254411267318165036034902314757025314367 390
0x016bd6898a09bb981ea8dd6b5c3b78409e56b535183e5045e69a12056d4939125ef56cb1bf580b58477d69d30a7e1c583e3ef78a8356dcca4175efb62ebec086
0x017e8af2b4a68ea866cb107a127b522e4813bf97a45ce07ba265efd080f1e13cb0a76b3dcedfefed798e732fb5d0d8995c7c102061dcb14f0b1221e061bfaac3
88381546413195830490356121814345177109849335243162749316048866938595612502926212981848292492799412243073940471444121917248865926738905612439870244913151 517650254465478326046718782378903549454499453762228348445141168655617629187492296736848530297726413725371284747911919 886212600033061783274466827037690492355778523434351372534458582339726016824408994831973091755443253920469810815711692 53401430754001222404055882961339289798841 390
0x003e11be680bf500509a2856ecc3ec5c844ae816fb67b38eb2d25be691e764c45852aaff960134f96c60059a5eea4ea05f7cb508e1e7d88c620d330290576e04
0x0120685381eefc79a77d4c8104c287bf423ff859fd2393c3a82e78c93d919d427262c52148256e4f751af02b45d845589ca051df554e5268c06729bd2c4ce3f3
88381546413195830490356121814345177109849335243162749316048866938595612502926212981848292492799412243073940471444121917248865926738905612439870244913151 147197563698624386575952625433640521071509654085629802778932038444546940852723590702294600577799711474491154787785375 76287135446784917350687618149033862634259239200407277121976360131623697759596923906282589047677786283380749676070952 62360903163818766638165695622344928019839 390
0x0064a22b2e297066bf34a1afcb0cf35e9bfb90d0957d549998bb32ec1219bdee6c404e95b896a1705b7d199e573d7f98261ee55dcd3cae68b6b070909a0e0af2
0x0033cbe9394e3e3a9ab90d956e181b8ba57c821932e3ec7c265ce9fbef641913b45b8673c8c7014d539b52c3283bc6336967d9f09b6bbeeec5bf89a06e5f4a23
88381546413195830490356121814345177109849335243162749316048866938595612502926212981848292492799412243073940471444121917248865926738905612439870244913151 682725345782579283677992624348618499920244793853440047098424824298686540696138720112602405758626872765506077963743405 528623841432435964448612064155777972111699188592849574272457538945256867989591616733525621218396295457085544132929748 -105090707989964213836285199796585001543179 390
0x0058504c7faaf5b127eb11842a4ca51b201a6ddd3050f415394cfeb49fb238a57477f9e7dc2a60e5d6581810fcf394d550abd1f4335e3fe30a569dfe9c05b379
0x014c0f29dd3e8138dd21eb90c515bfd069008a46a7d2867b2536007db26ccb6b59a4f12bdf22d6fada0473f6468f7b85fa53d88c188fbacb9e111ed301e7613d
88381546413195830490356121814345177109849335243162749316048866938595612502926212981848292492799412243073940471444121917248865926738905612439870244913151 354755691124653255251165307726426313705536538054604435627730208940582138875443004566778661846855179260387210765549965 124231394422898471365663750671869172200129948727000652774313650362004353821214954388334388401664588265984913191356968 92322334450749867310251221268967176900819 390
0x0155b7886dc0dce8e77b5c165f53eb2f8f2fc5f250612ef4467853f1cd54a3519b04d399a35f3c33d1cd88aac839e78ed9af8f1ee70c1ae4f27f8c55f6037817
0x0103f89fb4346eec5319ebb7d0e7c58a5d0487813f0a68dbd500b2d7c74863d4000bb1ebc99ff047076c5126e97becaf2f3c1173f610d674e64a20a5937d8d29
88381546413195830490356121814345177109849335243162749316048866938595612502926212981848292492799412243073940471444121917248865926738905612439870244913151 143671322087104607761220710818585858922930188059256759931614183922508167833511825544015868908013315474720252264304069 270636060151387714648527627405753236082747478592555389178978474205070736633314630390330013354509769073292864106249248 55108979892962403443044087812932429375429 390
0x00d297b6babe47195f2de20ca0f981a9faaacd7d4038818ab1a9f0b947061b82f79a863007797d3935558ad70d2bce6d8124cbc11d0c521c4ea7870bb8b9df9b
0x014e35eacd5b0a29300053156e8dbad2c3031811039f86ac18eb53e7e9a0391af5ad1739cbff3471db8911b42536b82d9d8ec6a217699f3f4b8ac5970f339cef
88381546413195830490356121814345177109849335243162749316048866938595612502926212981848292492799412243073940471444121917248865926738905612439870244913151 414768785615701987919935639366498784194308281635420024317498349107323271866570315348255828882175085287000431887649727 620678030321144139169274590592461149181944546698261443178031763806911864361245653280532381139349179043730354299633188 74357115810770965167383629245429406001065 390
0x01a366af13e015418b5bbad6ea9cf18d88f023c15a4ba4c9c161531f1b49700ece1524ccb34b8fd6d47628d2904ef6b39c5a0584e00e3c166cfe5776574ed515
0x0056985d1932bb013b35dcca79424bb740880c1af298ba72c521da6771818e8769262dc9f72e194b503813802bbbbf48c9deffd73e2ddcab0a9d13e0f2fd721b
88381546413195830490356121814345177109849335243162749316048866938595612502926212981848292492799412243073940471444121917248865926738905612439870244913151 606932536070287034451311591496140290159677919143816665709229135429719761027003689066320204178179685159853656681031835 521367784445970996484861098016206689689452932074188679708055276875575214449911903268220355268511532962189371770103092 -100367730915442740590613723603315517448851 390
0x0172f05d2e41beffe298873ee2574fad1b75cdb68ef17fa61ddea72c57a5eb46d8042950f12d59e4fad1ea8c32e7ebfe41ad7a11a6e33cd7ebe2f17edee1ddab
0x010acb8404f65a52d2396cb9115028b74a636ca6e2746384e09d7bf1bbeb84bcaf249b5d49bb3d4362bb5aa68a75c370b470b981affcfe0c3974ae08bd6e81d3
88381546413195830490356121814345177109849335243162749316048866938595612502926212981848292492799412243073940471444121917248865926738905612439870244913151 237835059895225508755067160241983694145775082313191271829977443255131211462697230412065826508667406276642577918187675 657396275374536218246614511198362277100180790439166149500978901175177318480539220878479423903777431811347434133656688 -35442137221367263787059682164815465985509 390
0x0066bd48c4e59467a37f4f33548f8197b8626635fbb0ad4b860809d5a7d0afce0ce785aeb94f47b0fd6809ba125e0cd1be3c77c5ef85e3be04d61c1730613548
0x00e84522ed85c585759f9a2a8a2d49b4e16555afe6e591513f507ac88d38e272b450647729591fbb70f57d340fd4dc9abe5d403cfff6472ad5ada5377bf85835
88381546413195830490356121814345177109849335243162749316048866938595612502926212981848292492799412243073940471444121917248865926738905612439870244913151 22420856528853872744391685469174635973321711280951369850673948598529768058451552610540078691086542615936462174794337 205391616350426221046022575391289292626763325109381301534822854432147939467762621245052512161826207637779430382305540 12518670085310803861935643680993256731063 390
0x00a1c0eaaa52a6506af116061fc81007491baaefd1a0d8ba51e5092e14a6a533305821155e306b88f1bd4ff3bc6e5977c6363c3c28b3df62a37a87f288f7b5d9
0x004c34b8d7e9d66b6a8b157b39607752b30a91c861bb03eff252f70b35b3cbdfc78b680117ba22166750979cadc60d18faa3c8855bf334c79783b3ecd2a16c8a
88381546413195830490356121814345177109849335243162749316048866938595612502926212981848292492799412243073940471444121917248865926738905612439870244913151 549345022264823295947687851212124167704071165840143867817980084534636144818694570097596321170455720210287409153176351 940294810189577484914078630444125720485755502500563642324327624400849861643473794104193333787197283792505330206567312 47494496568577110790645967030344411032223 390
0x0107268969626080d8102c3dbef5aeafe1191ed53b46cbfba1db637e42c82e0f9c8b1a5c33aa29c1bc853411b20b23ae413213a4fcd7663611b1c8fe88d2edf3
0x018be34eac4d6c4a8d08c16fcb3554ffa554ce58ccc4afeb1aeccfdd00d5b05c1b48d4a682a110d1132c94650207eb6ac03225f8f2a68b183d06bc0741563174
88381546413195830490356121814345177109849335243162749316048866938595612502926212981848292492799412243073940471444121917248865926738905612439870244913151 532311948067054845755601360687841457921718191838539305213895227158676191248295767385917862885852811419536794000034717 727748813333531545310669752715563898176156154526836686760315439518537718173581122402231606614838226463778975460812088 -77392630329286857199828628862977812627005 390
0x0103fe79fad313ce558d86a8b97d03d0c2159acb786cede4b7a248466587ec687e3aba0225c3fcb61afdb45734d48191f5da2612d63206c5a19b96fb9b9d5c74
0x00599fb9f02736c64bf528bb2d14770392fc98f2abc261dc378bdf1ae2629c219983a4188968d3e93bca163f8961eefcc791fcc420046009b31d2ffd46520194
88381546413195830490356121814345177109849335243162749316048866938595612502926212981848292492799412243073940471444121917248865926738905612439870244913151 1249309342103042876750119650529740155295937208004448094308008748615039903944876979750225560412529532915969747749566015 1208684536881039255425297177134529019900191309265373129072924609341707728632446120965923786856464501278527880020518064 38163968039353579638602994327441379752383 390
0x00a9b9c26ae821308648fe260ae1582d08985fe7c778c1630d99c1824a643b50aebc615b013acd09fa7b1ff1e601f660c3f542985aa3475c2c4d5c4fd4e90611
0x004978887da367826de7cb4df467444af3db0da0e0da514fe92722a4fb9ecacb4db525a66abf9c4eb907ad2124eb4dda31cc1771510fd7d0bd0f6fcdca684bc3
88381546413195830490356121814345177109849335243162749316048866938595612502926212981848292492799412243073940471444121917248865926738905612439870244913151 504850993452840547947667278577380177903398460532018649293987460204483377511700357113574213135251688794581326033230325 407500295302599861554119477249009255076667906735365077164924463464241397925712036250418140039235228033063150479877148 -98193179118816084705507921907802926012739 390
0x003344946e49cb6988e15ae523fd56771ade61363766a05eedaf27c60f53f8b1348e3bd03ef8bbf29cb62709482744dffe13014092a0ee6d38195b8fe23f09ba
0x005a9c60ab2571f118981d782a5a290c293220971c784bb421fb6c27083cb0ea7b5d786531284d8914e58e746bf9a45b2c417b7fb33fe8b740710343aae4e987
88381546413195830490356121814345177109849335243162749316048866938595612502926212981848292492799412243073940471444121917248865926738905612439870244913151 402958037435707476419599291665988961657196716460754181741679721215122384425600244217693343012796577330147988745763999 211397290248712720321904397910676153745472081936050947210892693034251635953098933741656094141683943259906964696316968 95679025080268859223809849840480664860801 390
0x0055026e21b915b2f9fb6cc063563a37ffc11b42cab1c911a2c4895399cc9ffd6f0f3098d936eeb45704d5272cbe81e40640bda5cccef7822d2964c3872a2d84
0x014692b984153306d3f7158933021b85e08f740c09f271d53985f685d8314794b3bfab973d57783d1f6036073ea297851432e613553a7067a9ca29f0139de6c5
88381546413195830490356121814345177109849335243162749316048866938595612502926212981848292492799412243073940471444121917248865926738905612439870244913151 857596433683364103568388914776536112300001957505944519056244613930761898952201187298355580636140075758724010431386599 644024062489473574402025834551691055931689051660490708446548167139513982557074562256307419067907162915093614835608640 -107026766660746249271272181203149240775705 390
0x019f90cf49f4ef72461657bf77a363b54d10862072aa9d7c09f0b3a4ca241ca11a701433298b7e227917468cd6588a541b042fefc6eb66bcb05973ddc7f8d2d3
0x01564933062fd3b2a459609d365a3721f29811f7850ae3b89424189fec741834a303f52af1ca4ec46ad1aa7809f9028e47c29ba9025e2a5f690942f512702d88
88381546413195830490356121814345177109849335243162749316048866938595612502926212981848292492799412243073940471444121917248865926738905612439870244913151 77835458030962330176990044053612105835701055719318043246767530048485015735258142481612807449276089123929268080601985 398929161095456215915395537595358012235206985621015919326169022351897936689973459094853349864980971159690725734282924 18751633231072953196833513348645608520233 390
0x011a6c9610be342bb6ceb3cca8455c07619793c4554d69bc54194990dfcf189ccafe5fca3877f31047041364808b72e5720863036532db78ebba1d2dab235027
0x0041a5c12b75c0be2a5466f8127984332548cb479e1df77b148d335ca86c5fbb2b14ae0a3541560bc76ba20359c08b78977951c11d0fbaf1608b32325d54cc63
88381546413195830490356121814345177109849335243162749316048866938595612502926212981848292492799412243073940471444121917248865926738905612439870244913151 1081444861873614430317602943414729290946396274517218411271286539325788766051964522331832045568957060988265550479183477 373863454633932005061630616170798032956356838610635220787648262089937679137641020503647940310175698511315517558541300 126656864326931262794475474055014398018813 390
0x011f47a664f09e09cc81a3be5ed790895844a07919a5990cdc11e4f281ca3da995842b351e78dc9d6fddc1e59025f9b5ad9cbd9eed500223e3484c9fe40214e8
0x017b9411ee2ee8aecc85982b647d78428e5a73aad997c4c0b1dd544719eb9e02be4272a55e44794e428afa37154aaadb6dbcf60393e9577350aa39d5f9f27a65
88381546413195830490356121814345177109849335243162749316048866938595612502926212981848292492799412243073940471444121917248865926738905612439870244913151 670687432895851997240741957908836879566585028235894041870170710079111313930454758388778577495254732003636579084005283 803911532986368491663606486822429916210589719129796670202635805622005904351484739589750423072706970950683273170647012 -82063353807259332023549697553816856875803 390
0x00b48f2a804e66fa7e3245123293fdc578a3e07631e21d2601e12e039009e77a460f54d3b78adbd5ea5d47bc6d848f0ce9e00d2046a8ae4e78ab5f52855fac09
0x011c6c45eace1603d6c60f381b171e59958ff33aad007572939abe27c0a83e44eaab3d056da83643cdeafa09fdaa33292f274920d0a67311d5ca044738ba8055
88381546413195830490356121814345177109849335243162749316048866938595612502926212981848292492799412243073940471444121917248865926738905612439870244913151 750917655181262403384380326098522694422637033725911809984764977132635823115999752105847974286433210170278738315654967 965489923676648180063040517277458797537681269737804737236414855460296605351760546769002881262684128768636867407509088 -67068991443523226275511417345140074640695 390
0x009a6ae52bf7d3196fa14680717e8149e2ce49a86d61ed57d91c6c2daba49e3e2a8eb75bd46d407590a258aad7fdbc1684198463f0efffc6c0437eb593622388
0x0129ed7ffd0a3feb88e09c04cda3255909fd8d1417b75ba6cda6f17e82584a996c27ac36e8ebaa76d3adf907449b0de0862ae63018b477f36cae4497bd9b0a84
88381546413195830490356121814345177109849335243162749316048866938595612502926212981848292492799412243073940471444121917248865926738905612439870244913151 604673479320706694818361041143921753934580343597035683783113886727824479994595742429016083027018296342449673415061291 319333805318346082534154617815470394143017475478017575736585266907527467083386343716885945489347700442906274545862012 -109370831739953089288753724974310970252003 390
0x008cac261d4ad24a167b1d625258de1b65f3c80c183e155964c98af964f6d2ba5fedbaf398992df1cbdf372042cd3678c83bc4d2c4b02c3f79bc2b5b4ae8cdfc
0x003f8685fc4f0928fa097361ca1dd48274e385b38970676cefaf4b8e8a56d0d74835c1d60c4fb792bddf3d82ee696e4340ce6fa15cc60803a940821b575cb289
88381546413195830490356121814345177109849335243162749316048866938595612502926212981848292492799412243073940471444121917248865926738905612439870244913151 467982667449550079485578800648555371093871681517592257175085918325514044261029328612176865941394300407495455642757035 977206875617567207755745774950112796255435401553180485774579925486672415046668466549450990819762995832091545267904532 8364854585963694144009509500372168036771 390
0x01885ef53a11aeddce2f929e960a4740e60ef448541b91e96e788cef6bab4823add20cd2fbb708cb92f36c2b16efafaf887c3ad5778c8266ab1d7d3a6d6042e9
0x0153c1e2261434d2d50dc8f0e34a87f8b32950563d4dfdb0fd7ed36e0f1b7b63e99ee843b4291dc910ed533651e6663af09db401dea839d96632385655f6b59c
88381546413195830490356121814345177109849335243162749316048866938595612502926212981848292492799412243073940471444121917248865926738905612439870244913151 776189951696194896082479290785165371577597098993009014366368022503569328563629336716823593927682212366868000376160649 437273631718119226491854209488059327303614695454284992287433479451297412919187164456969394868976772262184103659447372 114744657420837634509289011380114503380879 390
0x002cafb3a484df76b971241f8c56750b2be8d1fcce8e0bca978f56795103baa612885df7d7e1c8b4e71900bb71febab99ae5935dd506d3fd6032d577075fa864
0x00a3740c259772a875fab39b0ec0595c73a4f89e2f3ee6c038e9813747f7d5f79d5f93e4f85f68f98fded632ae72a61e83b041d79a114db1f458a4aa771ebf2e
88381546413195830490356121814345177109849335243162749316048866938595612502926212981848292492799412243073940471444121917248865926738905612439870244913151 747628383742500478256763973562784777396304648547791984677612855331960320751654670979216573200288123475512393848054675 473298136418794393326336828955735589619947029082178525062266256244737405247141979165777182693934405033054625431707660 -111681237019647010304400602080187358099915 390
0x012a6932ace4722ef59c98f116c8f4186d5fc4b0977774355d42783e24fb49ba408e50fbe8aebced0512a4d34f9097e63fc2f16aee7b2cbb6090550da70956bf
0x003f28c6a1c868d368ce93f00f8216dc2f927ac615681d8da26351a7201e81fd3fc4674c9e2af5772c7a53e4b3a2ddbfac300bcb497dd28e6ecfd94684bdb4de
88381546413195830490356121814345177109849335243162749316048866938595612502926212981848292492799412243073940471444121917248865926738905612439870244913151 509470882926835661454515928485881798795848640468389517045603495211394222578880581432416334566849216815547718284939687 704749729760667058467793550537020794757411018845979917707128392598464862706119233252484853904492854314002083554873400 -77329931738722172958180924044569744617337 390
0x019cb78fba7df694ef1ecdb277accabd33f5b37ed1ba3e8eab828322c251251f9a9925a49b5d47da2df13f87f2df10a6ec092751607eb6f620923e9812d48fc4
0x01a54bb4879e8a4dc1b60ff928064c12774eb6b00021e13197613dfa48f5cf1edd48b361dc763031516644a7c7f6029d870fb70c3727cad640501865d4001999
88381546413195830490356121814345177109849335243162749316048866938595612502926212981848292492799412243073940471444121917248865926738905612439870244913151 145788509664015292645156142016263036595632067142219125452932077154343301250871883785902224185751999036323276346651621 580760936862714179314508889140569458725815412628548386111965954453920448446618954936172958625199381746385253072472432 10147871472262521342446949591659516743067 390
0x003bf1b0eb28e6ee55e7307e32bfb289e09e005758e45a2968a230394aa26a85b85a77b16cb1a0a1fdb0d2cb8ba7cef8d6134b5a0f563aaf546412372a343f5f
0x0086bad407633089c37b315439dff945f5487b6377a536feaecde5461e1e8af968f663d2d894d58b0e34d0977f84ab76c8e68d713d9e27e6b41c56c22357c804
88381546413195830490356121814345177109849335243162749316048866938595612502926212981848292492799412243073940471444121917248865926738905612439870244913151 703343218687383169816143734345677979894823696529537219727561542158010806474472149513711040959656561186183252802717207 676532227705368681713216813794921231062748843626082708703756370838618817310681201599793966061060043717396337278866388 96395707239068883953833442478132481339985 390
0x017d7de3640e77f408e61b7a71820225507cab56ba1fa743c0e35f92efb373cfc57f7288a63a27408234b271332c25cc42e1ac34773bb36ed170a3082d4760f3
0x00c2673c7995c482bb8a71fe17e8b4a731a1203e7e1f2d8225c44a4e568d95bb3c2b0e25b38aab05bd298b1d9267050068ca68d53eea4f744be9381672c6d104
88381546413195830490356121814345177109849335243162749316048866938595612502926212981848292492799412243073940471444121917248865926738905612439870244913151 51951958375551271185493996720407843610419937417167359541116643096139774020130604240866421209734553697346658808341353 338450935533702479810567362970577913710622345534525381937269673148177302016119282305336109867391761871780612661923328 -12477835601616296704994701725081198288023 390
0x01273e7ba89b8d8bfe83efa0e49ed6b438549d44b86098903905a0918b0db379b6585ddabb7c1364de2f240839a1618095657d116e2b5cfb9b14450f4ff3e669
0x000b8df9d9ef46449dc13d0f2106a306ffe6aa3bea2a183834e1e7ecdb63d63d3970a164be65f268195144009acf4c203105adfaa8a9733f2dbedb38654f2216
88381546413195830490356121814345177109849335243162749316048866938595612502926212981848292492799412243073940471444121917248865926738905612439870244913151 998776350647157649872942548292137718603105278170708651745989407994953491267199321673473575882923067092094675639367845 954246929503400645383736416324340589005174954961166262929968647491214163257255857696757235891468794237014011735960788 -83111762615706874324921671703660210834131 390
0x0049dc6596722dfcb0f7b4f7be3415a6a0cd44a754aeabed81dd0b6703858f742fc572ec0a108eb98b68e106a28bcfabe62d34d43db32972ea5f73ab41b63bbe
0x00253f147c49f819d9324cf86864e044a62fcbf868415c8fbe4c37f83517f69facb54d0017b3b45411b5c8485dec0d90f4faa1b0ad2467f6f48b71f12f88bdb7
88381546413195830490356121814345177109849335243162749316048866938595612502926212981848292492799412243073940471444121917248865926738905612439870244913151 697567970106764245176496516133724725227289199030923482430873499475618430213159091704342305278714087579163902256922745 272658453477605968540159331695848134487212818974450855156186273674118240542155613487213855945097614773024915231630332 -116431840571450178297089766613075519265441 390
0x0149088584389ecc808cc6343bd46704ccc8bbc3e54e66af7fa40334cb5d663a3a432e5c064debb0f3b6ef279d49a5b11513a758657b23d5e59b490f15c827ad
0x00772ab11111c39f92ecd89fa655b32d6b988c17b681de157c44a3c6c8ca55c249f32a73aea9d146dba3480839f14ccf3718ed42b284d978624eae771b00eea8
88381546413195830490356121814345177109849335243162749316048866938595612502926212981848292492799412243073940471444121917248865926738905612439870244913151 748385395203654157957732440419245815580839611270037692930555472190944379733665577062276596058223214040199170183609073 158064102667813256702315154031921011033703947009479167745788636268889579392653657166910917332939025565919521012948808 -121381174146051037156670799719907839640303 390
0x002001332438abe1f53f5f7930aad690c3c6f7221c0cce42d1e0115c2aff9ca4ee797a38541342f430e0b350e5cd834ae57860b8ee290a353b2306095e64b250
0x0128dafcb2bd40ae413477eadf7e5b25f65e3c15723aca775d626b175b6cf8606029db33bfe7f49b4c70f7edee5f7bcfdb8adcf9586c689f60a301da79613ac1
88381546413195830490356121814345177109849335243162749316048866938595612502926212981848292492799412243073940471444121917248865926738905612439870244913151 1086563935417252023788879801413966696045452790222497086887114097328013953085597513094926221396585446058650060559138299 234065691579494581355051001883277013134588291361466568095143244922253571588302440522595018632923807121201004123385748 -130476214071206032496756793135796739415411 390
0x012cd0f3c9e30ff1c1cc7d78d1fb89a26174c1f8b769e87110467cdff9c4ad3a4d7a888888f87067a08c4929b45081897142b4329154238c272a94600c0377ee
0x00f58d8503067b4832022b987c41f1050a78d428a511ae5dbb95be7f3c35288c6d65c95592b0f84efc728e10164eb244ee81d5fecbd6d5d294d63b4c4f49ed0c
88381546413195830490356121814345177109849335243162749316048866938595612502926212981848292492799412243073940471444121917248865926738905612439870244913151 851286506163192772957793840482261747735889103434361851905476162646674630023530068261125161051397657457838545941360535 801443471860092010088898370767608780021392925060731617407759796795503368853903069194014032854504629935393098154414232 93926164915369431076509989815805842538871 390
0x0050aedd76b665595ea59cbe4d327e3be8c017a58dfbb626a237bfc1ec9cd6f412f1c23b74051a430cad685141c00bf3f0d973f815ba20f9cac73035c6a6b688
0x0081841f168e9b7d1405f51e3708ce279998721551ddde3eac2429839f8019287024d38a066de902b9ccab4714fabc6b5a20130e2ecc32464c0a77ee7a05f223
88381546413195830490356121814345177109849335243162749316048866938595612502926212981848292492799412243073940471444121917248865926738905612439870244913151 52206026663602945363041998816498815716198357461498356596376739504958333598037797391647232632467459744404522016292415 127556540034110799931874897094818203212167961869855413973256187436671801257612031562857687185211776238022873485910548 35701882971412617227670077391756412802409 390
0x004fcdec913460eb276fc499762d4018e7ffcd4cbf3537b9c32994157bafd236c9195fe781e8e92959666c7c93336b2994cd3faeb3a503a438090c2e8be3ac9a
0x010d7cda33276bf4d00040f4d1fd9609d872acfcb622f3d8ac76215316d47b901c4e3378dced21a4ee96620c9b34701a968061d282953dfacb80de44f25acbd2
88381546413195830490356121814345177109849335243162749316048866938595612502926212981848292492799412243073940471444121917248865926738905612439870244913151 1056187893690336007076921303954776787866537988217443916855398591843368096510236328648019384254189723826547653376235795 735752879365043454582567309449352273507594519107111699869911192069819786847208406174529207482270816225311148415290968 106718007081486067301396766512513376724109 390
0x01787903133a11c2c44c48bf5218c3c945a6c6ee286b124ce1f6a65d4e66da7c5d7ec8e89bcf959195549f3a506b3d97bc8ed76a3c30ff4260bbd0fa496251b4
0x007af852869c31a67e81f16a8e2503031d9b4a0f11468f7d831822cc981304ccab1b0707e4d32551e6cbb2625ee68c87d685e87d3d2873eba58a229a36f49cea
88381546413195830490356121814345177109849335243162749316048866938595612502926212981848292492799412243073940471444121917248865926738905612439870244913151 121129933085418558652586263242420167889977672327777985856271961051536108283666613207957478657441855826897960910728487 491823851617760641768712728034795484958605975871878591304709738125232199074578603730145071280164691680048409257305420 -23520434686933495314503538190702223811263 390
0x0073340bf44f9c1f6943f4d8cea9a6ec80a0f57eb135f642fa7366b6e83f4ebd80d6175dfd94d4835d27484f2a3edcfe51de5e81b22e1d682b8c20d20397756c
0x002db06dd42bf0fb67c9dce113b9947d3b6ffae1ec6b98af8bf5b03a6750c3d3c01431a6e69e9f9925b5ce0beb050eb0aa808e210bb976d9bb5d4fc54b047e64
88381546413195830490356121814345177109849335243162749316048866938595612502926212981848292492799412243073940471444121917248865926738905612439870244913151 325428371207170214505779381619701651197425040617632527461090932007173045319633011188682928755715402630397936209760807 779609797091601242773387033924178234049795713285759742371295580932411922980531591591468664764831482487357220952338160 -34785905332636568343043495908402168205913 390
0x017be9c875c80e0ea8a5143a8d75841be90790b4e1d3faf7340f1bbb14ce4a3d236ed3b329fd351ff17a8104d0d62c1366fc6790218d6fd0ed42dc98f421d02c
0x002fcdc33a0439b20e053cc11169a0860d9763d5da9d4e9f5bbc7ccc1ec6ba762f35757e3d4d95931bad7d59255d87d847cd11df40093fd38db7a944eaebe0f0
88381546413195830490356121814345177109849335243162749316048866938595612502926212981848292492799412243073940471444121917248865926738905612439870244913151 542257780551480548506592456862558010798620076280031378262054850204609029976798374396938229666675958676719720208802153 596128547391081520893766005416183881249009168770903187907354501253997397025636943997230541098395557939870444624482572 -90133386282897494215248221504425231253073 390
0x00abbc963150d9e75ae3aa0b47d32177071088b3d5e14294fbb6d136b6d4d97fbb6fa6f383f52176ef0d94d824930a3f161d4a9c45c5fedab9923280d305a5cb
0x00101df29680ed05683cc49aeb8b0d2e745072f9e8ddad4720e4b7c4e60f0bdc9f1e3675b3602e4c61dc6cad121c30be390c4f49f1a4e5ead1fa9bbd8d5798e0
88381546413195830490356121814345177109849335243162749316048866938595612502926212981848292492799412243073940471444121917248865926738905612439870244913151 868418807745016246669984569824126930670870296426273991815632283174712302893538264865068674956792070979789594073719877 279199761669579363173079055089707068522178392445609263041553906536758765713320253805670458530978009442429132115337388 123947886205729634421266436814582771910195 390
0x00470e27036ca723c5539f512fae94691cd4571dbfdc85d4370e3821e02f70e9f6f1b2243ac95fee65c2277227ebb315bcfb120904755a3cd01f00a2f3f423b9
0x00dd534219f230a0ca08284bf38b52aa30825f174e1068040904f3b923d7c0df1f9a52bb6a7b76f0d34f7937213772c09259f8bb7301fb959fd2e24c4458f2e1
88381546413195830490356121814345177109849335243162749316048866938595612502926212981848292492799412243073940471444121917248865926738905612439870244913151 785237584778103685334172936681594720609313427629462097709223578376447864467383392873218928878183419192875469527980325 739489030102801621663152645412057094248323490790671956336532890861679638704712554959781900814313542677161176895126820 96128940487181843994489028181006576862355 390
0x0046b8ed8933729a90bec56e5e9f6e58a78d3321a58170c248f4a42c3e11e86fd97152dcee7948ad59e2676786ecdc3d96de62002f86d4391141ad7993579508
0x018bf23e0023d9d02604ed4c5bd2185e374c09e7611aea70cceae10d5218bfedb10e0ce53fd290882ceb3aefcad5145aa2ad23ede659c62c353aaa93b9f3a502
88381546413195830490356121814345177109849335243162749316048866938595612502926212981848292492799412243073940471444121917248865926738905612439870244913151 873750103704444531953248570608814151631439682224727913821830164929677333900095626222960487752610553091557642967651109 977741129875586564283154693707190021061257828167905454915636019029976986931094414956583567896389681665043439572701168 -73997411292486983963972417507790110312869 390
0x00321cb3788f7b5e38d7579708f0abb181ad236295b40eec8cda79b862be9199b6403c2f13ee367a6d94b5459685aeff8c404ba0179c97d9a97d0d185d9b18f5
0x012fc4cf9b54afc75c6d37945514664d86c431f513513fbd7ef3f5345e46de64b1af755280987967738417248b974da80c13feafaf37b2f2377970e5ec7a439e
88381546413195830490356121814345177109849335243162749316048866938595612502926212981848292492799412243073940471444121917248865926738905612439870244913151 776179690881726624668899929095778374072276951292857915799564647719289520772697691761205006299414545780887876200758699 1161168481343029608986650766251418588860991186119777008921930602046233970339570194902596721785751596857683197146026528 -8606913298794628211407725176024608523179 390
0x00fe20a491506f7652a2b681c1921cc91bb1422707fedbbb4e3513facd71163c876ad1715f9f7465b23ad3a7bfc09651cbb5aa45565d99f2c6ff70f64a7b0f83
0x00c35eaa6b03cdde6f8b20595989dac0218c4488e8b248012740a95013b93d9c6e7d85b65c67dfb4d51f6c9b211ea4fe8732ef28f64e157d42b5533a3ff9d554
88381546413195830490356121814345177109849335243162749316048866938595612502926212981848292492799412243073940471444121917248865926738905612439870244913151 283379153130983683236050260578482820760645245427102084882439678587286004402396699937629269814722482362451803452725341 690672443766976905570540691281068410252881800411029813388881596528328998538733831095079484829790355669791217749751652 42183868992987048046284386184938600549093 390
0x0145474a3bd3b9376b302e53b103a8243de9e00f71d18a1298534d7c30abcdfc4866575abe318e5a40616b246477545da60cb9e1ab8160f6f6f6f4d74ef90185
0x00fb042a27f40ec2d414c3fd1de1025a4bf885db027234c7ac2cb7cd0f2f936320575fa7a2b97891998e4a66371e13dfdeae6be5fe72dc742832cf8539526bec
88381546413195830490356121814345177109849335243162749316048866938595612502926212981848292492799412243073940471444121917248865926738905612439870244913151 539776824957933515636540047635538267423245844706330102794980925279771233058908858976994964090447967574652841745570961 340115588570568558106789533597212025806483150324908746779125297043746013590659379819096025754937695622745304664294892 103901936163494865093453362387982962156473 390
0x00675b7cc1003780289a3aace11610048d074369211bcbb5818e334498fadce163a04343984e8480dbae2894b97523da30916663ee0469debd2229f35aecc724
0x010a894f7d4a7ff0f115e296214bf728033e71688aa6bd9c8ef79676807600f98f1faaf1f00774a08a4ea3d12704cb5ed65572f5eb0fee4469ffabef9ec8c3ab
88381546413195830490356121814345177109849335243162749316048866938595612502926212981848292492799412243073940471444121917248865926738905612439870244913151 49445130596329304252395700327674014532033968519420276196876673749983707898730822560219024188929330844249489889351027 206413928198132238717612903870936653776015696233357475635739406230358384589935815990382505429763238827125885771796640 30017394409735971324774314161235341564787 390
0x01225e85fc3b74bfa34c1a936050298c9f77f8b3a251df9506a581a4472c61da6a24273db65e1129c1b9c0c0f84722d223fec9fa8e83b20932d73093fd82bc8a
0x014b52c20786421001dabb0522c70cdebdda9f83cfbadcf2e9386c8307c864bdb0db529a146e42c322e78168af61f9521f73f6871c299d8e080f79b6aec12bc1
88381546413195830490356121814345177109849335243162749316048866938595612502926212981848292492799412243073940471444121917248865926738905612439870244913151 843788017092961518922409834101835730557786820657200800134613307907925108112232828939836240689349917756151222020944987 318427651417013919282663355128873640429653701047786726239767834234889292105770983294849460319536090446037731732648012 -121951712414499226932993710936498515030445 390
0x0182e6eb18b25a9fe947a2e4580369c4206213f71341e9d96061ad6c73d2acc7632b1823b07f3a7dd4a44221bd5a87a85b39369adeef630d08565c458767a2c4
0x006828e62b3cf2f5c4e3e12166e02c4812cb4d45c1d0b7754a0b1a02b20b898a75a1a30b9a9ce35f70446ac12671d23e71e3d0e099866a2b54d50b4a07012b99
88381546413195830490356121814345177109849335243162749316048866938595612502926212981848292492799412243073940471444121917248865926738905612439870244913151 970886754240413856294097966703683783526446452623566332366965096289062566235638343513657622835288389611684559082751685 1122049245684389398028294199408666822239787752071341276859284842104774522364788427355556457964711897356716666753825608 -52832507447152735071343677504262086551451 390
0x017219f6bc81eb845cd0bc3514912825e00f36504d8d4d31e739bbb36a14a42ae61b63dc2675ed3fe73cde12a0e2b6ee13c8b140baa92b043b97a573b7f924eb
0x0144d51c2724f0d52c999d67c577af617756f68fc7006a023fc8f60537064fc1bcf486df7deab84b02c09edd932b454e57a3d7af77cde47693f997e658ee57cd
88381546413195830490356121814345177109849335243162749316048866938595612502926212981848292492799412243073940471444121917248865926738905612439870244913151 153844341923961715424308219566301084004870780075227655157212574042352992134826764984073156101401918190833178209296585 590116930784801656878275238433180900666178199376098279262589875740996069960832154193754677389907836365416212187167188 -13474847855555442955860446394820171442639 390
0x0023ee58a6dfed515b8b6d3776d559a3bc07b37ea81b9f0048746645865a9dac330b58fe38fc0bf095ddcfa9f87df66d6754b13dce8532eb5c4843a6590a8ac3
0x0041688805e13de86514280356bd1f5e0959fe1b47050d992d10efb7fe82c7a5c8ebc83bba36630e8d5ba4ab7701819112da0b90974157b0b4d222b1d88f46f0
88381546413195830490356121814345177109849335243162749316048866938595612502926212981848292492799412243073940471444121917248865926738905612439870244913151 381928595798870333598522017073436243093040860661713482267117837687400106499433984063193769414174198868686910022818615 300273370317040605545140416775091016331319906622127285149487836854318450792500603668183895870097198246759568861208212 90701043413051168993056264616374332022479 390
0x010ba3ab322b553f57d5b4e13e8c39bccbe3e6db19034c279ce19a7d418620116d9d8f9b1a39873ce2e9b39982fba2a9b0da4e222d9611d955b273ce083f41c2
0x008b375416dffb4b8b68c250b55aa2aeff079ef0f7977b4cab3b87cb2312c49b51815f9fd05cbb482a30e966c48fe05b02d1fe379fe1a9b438ce24f008d9e425
88381546413195830490356121814345177109849335243162749316048866938595612502926212981848292492799412243073940471444121917248865926738905612439870244913151 337019950772996693910196499826366948418192079183820684675459514034202995891433289531311493431013772845230282314646499 599191059460914121407748428975742956871551497631633430301205240340509936407292520943277376851416674652232694401419720 -65334085489223544018009357449658947073725 390
0x01089f4ada3b80f3609891d1cdacb65bc761656bfabe922d521d6fa8a41dbfd09a7c78ae1b4f90bf4dc70e42aa22b8a1b2b0fdf0a1e97ccfd3f235c84ea23b65
0x0130a249c24c595c8dc431b3183c010dcf3c783d2e62e9a4c99d4654256e9c6256be707d0a4b7af3ca4ddca91de0ec4ab6a6cdf29c5c7d647a593e47fdd34974
88381546413195830490356121814345177109849335243162749316048866938595612502926212981848292492799412243073940471444121917248865926738905612439870244913151 597826108004629925751713117185899715716244072398808660235948246548716472444093619348557473877019752994162664463857665 1014392589166525948034913638389335643415427125519021110207122256997797274525802277545108784833395980302731601415263668 37026343707383088287474569280289369929769 390
0x0131af42485429143fcbcdbc6aba85d37081ba93006df7f8d28706ab67f2c00c7d32ff00023f7b9cf566e15cd32a5f70f23f2f2f2263b39e603c6fabf7055802
0x006a2993fc71d1452585795f6b0ac8919ba668c48a948d2b28d39c33b493f48ffbaad157279a6e7c5c6ef3966a92342623eb6ec3f6bd888520eaa140569fd7a3
88381546413195830490356121814345177109849335243162749316048866938595612502926212981848292492799412243073940471444121917248865926738905612439870244913151 941000501671580132840286688518633384189639952535964075565030259812265507599985893265098291379066898956609890375400037 905439867848441202607509231599789231351804955599331895985646193132586947870081185239048419621913703196249648893797288 -86914413377081474595422003426224892747515 390
0x01428bff0549f29f0b4373e2afcc7ddfe200722e53faee5fcbbaa8f4f56498f14fd13f42f61e9b98da62b51da385135ca0d6b8e9377a3836db5dcae8b8d3b5b3
0x00d207919342aeb6f7565fe34a3a69f2d72830865e7394d670db3157d3cdd7f28a95f8b0ab80f308479a5f4d070dd17d59aed57d299e0e1972b2184fe92dad5c
88381546413195830490356121814345177109849335243162749316048866938595612502926212981848292492799412243073940471444121917248865926738905612439870244913151 1124657225290517420724010533827617536502405983337550965649847291623006555671643051354026279507831554306928211292974095 965910955140461197783483901063964572233082526997975514371395260647260023188122977984450540112928583762069479718127616 -84979068175337726789536301411700294161393 390
0x0080cec1b62ea958cc1dfe9c906eede023e9ea6b4ffcda25fa10da4e0c0ce3995322c565aa99df7c433a67077d0cc8d1e41bd0c09b602c9a77d0821ae8327181
0x008812543809340adda11e001a227919050d5c464a62cb7c749d5661f314a2f65d251a9e94cf89de91cb8b1d2d35cf88250b45a794c9034a62e01a70081feed2
88381546413195830490356121814345177109849335243162749316048866938595612502926212981848292492799412243073940471444121917248865926738905612439870244913151 762986956083653776375779404496654056971469360914868704560746990705621438617420152244875578031511477575064136781236457 1155605030127292589702093904377534348700233323164640996637923123252628959785197298786685230431432440536728187524136700 -8558518454684435319923878040533970469487 390
0x0056f1b55d6c0ecd82e88669ff81d1002526338b8dbb5c93ae6d94a099e7f1f06cd7c1a1dfd946dade392aba87ad33d88350b88552ad90522394b32d99ee510b
0x008bb423cacc3c6f124c3f99dfbd9ad7ab39df38dced786f933bc9f7f32f9e53ce3b809fa98ed9163d3b551891d820eb1801b32154cb23a0ba8fc9326f32dff0
88381546413195830490356121814345177109849335243162749316048866938595612502926212981848292492799412243073940471444121917248865926738905612439870244913151 1123727725862919888654365026757670323293135804200374724803088601746510741772194619179184989950811891895180757864678117 754359248721073574899647038693824470584836819971211328014748382220829164562872393318532434546092966202131769600555120 -106471770554304701401987247152247641313637 390
0x00e08b461102fc20b59cafc2ddd14e52419a9cee121cd3ecef2beb2ee31fb5705a9ca2bcd4106b494ac8f2b6e14e763535a1d864ffb25464dcd4befba6a53c8b
0x0075429b5214d8cd7760d2c2ce7a18460b88a203226cb9ef48ac9ec8db1c1dafd4e41798feffff5595efcd5ff04166d2eb58f0033333f9d80313dff41d87598f
88381546413195830490356121814345177109849335243162749316048866938595612502926212981848292492799412243073940471444121917248865926738905612439870244913151 851624731190211724339159287417219259993346045646823042606964716453619225131786037608110118056490017084416862978100863 746762656716722123571900878016325875627918123238551709102145389958120603981327632324512965667309677903633365053721452 -98909646897357620750763242499453676609833 390
0x015702f44bef4c1bcb5b7a8f53997015e8e1eedcdc1473af053225c57bf8b7c115941556110fde615a70058ee0916a84fce0fb468f20360d0c6a61cf9e8cf6c3
0x01910a5801f7ec030cf03caae995f917cf198dd9bbfbcf86953b987e8b5c18a4730c6dfa9e8e60e765629ad83f7a44662b96f938a0c779e4c0939b4957ec1cfc
88381546413195830490356121814345177109849335243162749316048866938595612502926212981848292492799412243073940471444121917248865926738905612439870244913151 800145175180804887504929274941257534275141027294202481314178365809752977946228978552288986470774517271073324043908559 369934854753038688365124267849878924789528253231136083903413371390883933535265943838474747745348486547297701645427052 -118480374091106171229866793474778068520359 390
0x00814f926d45aeca3dcbfd0af32b5ed6110cad27c66457fdf5a552109aa0b0ad9712fa4c333572d1a892b947b5244891b15edff929e9b2368332a0bd415f2624
0x0181d9130b5535cd5207b138b4aacfc99c85315fa7cd9db2aaedf838746c55733aa74ae332a395e667b89c22cd08c75743c36aaaa114da63141c233144801412
88381546413195830490356121814345177109849335243162749316048866938595612502926212981848292492799412243073940471444121917248865926738905612439870244913151 1173240518955749654733386924225996182845309650536844780005854932996732954556319761397756501351288790053796855166749655 96235017581406092263705512783655700794831246180423823997662949215796667453123542091017893580542955266034970242841728 133401710180000367131689718925567910095831 390
0x0085e0eee124a2f237a3398f3bd6f231ed096163ce342e204a4e65f6141e92bf22a2d4d9c3abed8b9534a294e1104519b0e76daca48627bb9a9ac42cf615a318
0x00a58c1df502efba219933bf68066803cfe660afa8da28ba350594cc1d2487ed6de590e2885e8cc80ea4b5ebeccad83fda105f60e53d7c405445c1cc4aa38d52
88381546413195830490356121814345177109849335243162749316048866938595612502926212981848292492799412243073940471444121917248865926738905612439870244913151 718445989384162721151544333506953778882202662540192901795667790154368336946705311265057066638773090918080260595294079 993108632887483604808561445799513424326417793529995099049787287726517790736948357900460126485827108999207557181928988 59157053395368914950923254255198665179369 390
0x0177e4a320eb849ef7db60511dcf966e9b46db03cefa7460c9f8bb781ff9d06921a374f95665d9cbe7da7c560d25713a6c10842f711a17c72cf580d5a57e7095
0x01944f2a15056f0e0dccfea3383af162a5255186a66f4d502c5bd2cf6ec3f0a91c9c93b172d4f4d03c7e60b1923642053b31c9a0659e80f2487a65c8ae0c1111
88381546413195830490356121814345177109849335243162749316048866938595612502926212981848292492799412243073940471444121917248865926738905612439870244913151 678529863768464511124703211338155669446014560175057439277549750554422574142795470493249517596681366284492531564248697 30958867409367389691878537518943897174107050757844384281689715016336024644506930722966191363450907438836246096412788 118911338595603800686863054500282308928225 390
0x0188d350c90536d4063501a3e83cdbb55b4b4c86a59fe2830fc44984fed538172246bc68507f3382eaf6e70dfb92963fb1cc7d3dc85563c34c280323c28b92cc
0x00c36fdb0ee2747d8ce99477472c1acb1ffa3ab0dbe77ac75ec2bc27db51c642174c9ec09179795806ebe332a998b4a56dba1c41f8cb8ebaa3147902ddf5a3b7
88381546413195830490356121814345177109849335243162749316048866938595612502926212981848292492799412243073940471444121917248865926738905612439870244913151 527675564812925964035379691712093941683645178899553990376078375566454691295760192478950413268612292187922200012470429 903975037331259019778132728066400087569924606289163918644265243099802394028400677234503724919369539043540218863968584 -51569392871969283772331526900056306331843 390
0x0038780ab681229dcc5c57d0a4089086a4fa7496822658e800455ad5dad10dd8cd8d28b8f1522666d956a3a76f1ce79bb9060be6ae361fced300c7b6e1e32082
0x00706d384928c3130122e64a56e8f6879e8f8769daeb33d83d7b11e8729e74198d39704b1e409f0678083e3f646d00b09447c61be6d956cb70b6601c6ff068b3
88381546413195830490356121814345177109849335243162749316048866938595612502926212981848292492799412243073940471444121917248865926738905612439870244913151 605255903248035100604093809843656195886844970036269227859999860762491261681036801942822258428520609083323784341600289 1071871330127494336265004318190679547769181946750583960875326630535520294107174138529516093625676678253309866617948548 11180566748874735558508912698677930557431 390
0x004f8369515abd43459a900de52394e50895ca09a048eaa456f608f398c0c9d8e37e1c8f5e404468fb2a179c9ece6555d5e5a1c5d1a9976215ac3e97b809b9fe
0x010f012fd822482b0b02b8520ab4434c134c4b363e574aedbfa9bbe50525c680294f64722cca4c549cb208ad472bded8fb8f13ec8012a3c52543be7e5505f619
88381546413195830490356121814345177109849335243162749316048866938595612502926212981848292492799412243073940471444121917248865926738905612439870244913151 622161040854867117273896726947493422830373049649600058306120032834336680884245045143850293194292676373848968701386135 853349638424916977030151521583671637366914427655789243605600178724875990746486319208354892405990018164282302084832084 71642487957324096649820615699975120249647 390
0x0167b8e688c7e83b7135f5a6f3b9f881a8dafa9ed22b8657456995770cca87eb3107664543e22c56153b69c3d1b5237421b6a2f8b76fccdf789d2cce933fadb0
0x01601a369c0b27129643866576c9829850a4d6950f194d50c5abe4dc0939f65342e3ae304d49c9d1f4eae373df7de53a5ec0aa0a533fa43a1f7bee639e23e44a
88381546413195830490356121814345177109849335243162749316048866938595612502926212981848292492799412243073940471444121917248865926738905612439870244913151 642144971796161128950665599994075435328103755486666626375338243617625026972947523530718790419155432843001834896824831 746702869902247057438330328222228239080684419015966260797577532415265711325820268352367661421645795482435210719642928 -85718645609576388697611990227922412815743 390
0x0054ddb9d6eb5c658e602c75c7cc71ca8b2e40d286eb5c4510ec9d1984b140ba8cb71db3a5b5d11a285ac383c5223e93c8d48d825297ad845ca5cca7d47d3ffc
0x00c3e58b52bcfec2422d77912639edce57059562ad47b3736e3db923051b9471b5741fa958146c401198623b5e4d749545fb19745b9a7abb92cf0dd019e77946
88381546413195830490356121814345177109849335243162749316048866938595612502926212981848292492799412243073940471444121917248865926738905612439870244913151 97606740206157053658813860176459686578008882307368347277296563817744558683386726968926904116474420860718985370811835 361305217665978110670945056051668391289604080447261661786339980102074054720087800664628119308510678093172911038960628 -34642860992864871046623135127985171576909 390
0x0140555915a17ddb2fb11c3b8756d6f2d2fddb7020d57fea1a5331b68eefaa87344c926c82b052ac860ff25ed757b68178b9d2980da4ce8f92b13472c5b2d5c3
0x00adf97a3b5a13ad9c70f823986d6b6bf5c06d8a9e567ba54ef9c87218c3d92cf54a5c3894cf488eeda2d1d6b49a225dbd4965bead98771920ec01c34e150373
88381546413195830490356121814345177109849335243162749316048866938595612502926212981848292492799412243073940471444121917248865926738905612439870244913151 149233505169030712258707397585736170143012198701443659908574977885247825714843137090672997966611496156809231536032589 489660665713611880076820378609575120224369964278315563263630949176093589187839030292118652094983546972506150645400416 35960011702197438175632571462014448532147 390
0x01807c6f3d0d2f0dbfc82d6c8d54981387afb4e62fc16557f50ffd81ef58831af26d9be95830a1883b9e54c48f4bfcb27486ee8021192265b09cad44c28317e5
0x00fd2320c0a0f180576b79dedfd12f8d38c621c31820ad6b08645667a78c68e2d5db9c77e16238c3a800090138bc5305825d2cb856359f6403f095cf359f298f
88381546413195830490356121814345177109849335243162749316048866938595612502926212981848292492799412243073940471444121917248865926738905612439870244913151 456667605430973340998109866429784547299376084692965792609767483486475823837940012610016082220493081566067742128992899 432073229857874489082086932761323935532774338862374474679737935938884284890174459670727827396145494930051923227542020 92508836209253509080630731461064528624005 390
0x00d5bec9316163ce55c2c5676d1b00c2d0f1567eba65a1f969e7f470d422993428be146fe25a9531f9ec93908eb6236e59edc70d4430ff23a807ea37bbedf9b7
0x017fb47608827ca8014c1ed53994aad8f8c8b41777233777854da25291cc8b8b3b3166e6c313bf9fb5edb7e9ee3965391d2ec7d5ece1e87929ff50a791b63836
88381546413195830490356121814345177109849335243162749316048866938595612502926212981848292492799412243073940471444121917248865926738905612439870244913151 1015227486446963188730869452645147620015289669359898552672753655867132776967127937042935988448376460169726976553861957 1132575859698919704482867671788872066907812595683455538724291697592014870260629633632257598642232880863106174931576600 -52834215942702965358123285126653991796763 390
0x0132dc9fdbf129360f508c64be0970b9a540ad4b506f0588248792df6515b402be36c8a245c052727ea9d4b604ba9e1a7fd1c97a2dfdc9e1147ba3e7e03f5622
0x011a96744b30a7f028bfe0560b6860ee6441b8cc811cf83ebcd7137cb85386031c9183b6feed871b5ce41f9538e0cb9abb620777a703f6d6479ec40e2b8d42ce
88381546413195830490356121814345177109849335243162749316048866938595612502926212981848292492799412243073940471444121917248865926738905612439870244913151 472819205308924211819105815905717971010907443804694132231036174218927314303555875183385805560209737322759328138654035 937187773464791268836477448646705045561925632044688812515711614963542672137729502596801535436756010387314469141772584 31989388931625669023204405569034665242547 390
0x009585ff4b8c1635e5be5771267f1bfdff256827b31a66d585ae894ed512fca083bf178cd47f3cd1ff8bf4c6f432653bb92583cf9ae353e21f5050bd6c8f3e88
0x009a806133054f54d0f510b53c33cf49eca167af4dccf626d46427fe87ce5987c3cef124dffb84a05cea4a9892bb5d3981ecd403148b180c2e4ccfc8b3df9c32
88381546413195830490356121814345177109849335243162749316048866938595612502926212981848292492799412243073940471444121917248865926738905612439870244913151 252868331493553748143378584934488614696980448483006904414497749592074844420251002420683096147897601693579654126328019 729005220603421586019960083282091653320256594800821961483602186309001234271748421255681268587525030524077781996094772 21870421049970124580810701849074342152181 390
0x0107c3f24dfd260bee9ea9b0f4eefa31de2ba78e824de9e48cce717a47a39f0323caa36155e4afd93c5e83e66de4be21dfc545700b8fbaa3639ad7aed21e4b4f
0x01acf21796e3b46d96ace0479e49307075ea739d0a7c8c941284d24fa824ae8731b1c39b8a755579f1d10ec1bc035d65fc5b4240bfc540d0d0d5e2b1b0d717fb
88381546413195830490356121814345177109849335243162749316048866938595612502926212981848292492799412243073940471444121917248865926738905612439870244913151 620644938480191008553395977912816162254574884103138259004334971296319553641817269985160922687495941204280368622446721 771779970831671125179396815942733864063869374648330922298121348316483552869267106933259449963240011581407281519506968 -81305488638322341999836397362886929692767 390
0x001555a24abf6b7deda163fada76b0d3ae0a3c745c80a0791503b87fa6b111d13e8ed6b75a92004ea18996077db8526d11c2990b5997fcce85e50be1eba5df49
0x00361737579e327d9b939e3789ea44266e000b017c16af7486dd2dae49a118f1059e879444f97efe51447a915d59daee31803ef5c07ee841954cb345e7bcdbdf
88381546413195830490356121814345177109849335243162749316048866938595612502926212981848292492799412243073940471444121917248865926738905612439870244913151 1237563036915479483460841339470096425916598033584152987761835358592479366448156963358937429115488299540582949162570937 1260625777176325972717727439088067674652131482478501595039511132714376715258204637204912030637481903209609119854439488 811710611659431014458544184729029370695 390
0x0179d7e723893625c5382dda0c4ffa7f56e4e4261507f996a624d0dcb5b250b7cbb868f987ae17d08f2d2e5cc44ae457e15dbba5bfc1e67079b3a09078df6150
0x000dbaacdc374aacf681b9b640cc844ae6aee8f4e2259eaaba525827ca70f447690cf9f5643ba6fa9cb5fe8e2f485e87e639728cfa0cb2472d85b4eb6a39a039
88381546413195830490356121814345177109849335243162749316048866938595612502926212981848292492799412243073940471444121917248865926738905612439870244913151 470308997209515540864473569040520617325469278911650178370884796002325571066720585358083660992494271270440252406994959 277341642871277729079403614050277120367748667389478949139458090745358674357515260547643348485918828660579265053323792 -100229826327196014793504671993802676375439 390
0x00af51bf0e4343df3ddafb29cb85476e5d5a370384cead4a2bbfb7ce231ed4ae5623c22270dfaaad1a6540eeb135fc92feeef93fb6ff73cdfe271d25be757b61
0x00bbe0621c54e16cd99850cad1d883621a4ed6c72f441712aee66c6eb5f659e6902e7c7dae161323d102309aa47344606c4aad46f196936a3c4306ffa33ee73b
88381546413195830490356121814345177109849335243162749316048866938595612502926212981848292492799412243073940471444121917248865926738905612439870244913151 432086916466091141875806896340401537272545670925913298764630152651793454598720369046324257195436652022547340168694209 945805359440647200066715424133794726041661982033853571590307649238576878275432579082657293588731472587104416887100892 -9725131306558114060157204983537824878889 390
0x00e8eb12e41bcc3922e48a5c8d2aa5e2dd52311c5fee8ecc35afb845f7c5086d138a916ae0e39bd72161974c5e508b407a9c688ee558aa04bbb416a2ecbac815
0x007e7c920a6bbbb606e7c64b47a5e649be24dcd326111e4c40be14ccc1aba8d2a93e6af3f7fadcf0c841765405890835866151f4e3ffce5735d301de2ab2f562
88381546413195830490356121814345177109849335243162749316048866938595612502926212981848292492799412243073940471444121917248865926738905612439870244913151 414104301300374049287054991854168012371848993319312852551224406197477915574736853089980452389032417406543811217465989 934209342855446635820918419592183120727911126857729572902642792620240596419262519900058037245231674145132968604968788 573876771774685481879758220169762161139 390
0x00485f6c0e8b8a4c8459743f9213fd3bd37d5664707835bd30f9cbddd67d68a1eec8dcf908b4b7c5804b1875b618ce5ca5ffd9a78f4f34c4e74f711f5b8d0752
0x014c8353df04fad988e88b5878577454c753174dc9d9beba0c3b605ab109302259a2fb57c4d5f62c6c345c91b9d7a5398e94570c0ceaa4ee4680f69335a9e0fd
88381546413195830490356121814345177109849335243162749316048866938595612502926212981848292492799412243073940471444121917248865926738905612439870244913151 979956651820870117893665515569101679158593085064278536014317156804834047503855368655808469402383119566778409254036677 262746080782710643615438100007560624588595703085482158769848729294429414102204274301081760160957994127141302494546712 127725269940379231123250166689217167634075 390
0x010e3a27ddc9e674cdd6273d1526f9dd2c4d68b052a6a47d848ef2ffcd08cf89ea48fc10efb6f49139a05adef07eeb0e1cf48be43f6e6c01ecc554b4b64bf65b
0x004aa7a5d93e6396c7bec99531328ff7c2cf9773ddc3285edaadd993ce18a19f0ddd100ef63a46297fa8dffb09a21e6bb74f73ba89c9f37ca016342d4d955f96
88381546413195830490356121814345177109849335243162749316048866938595612502926212981848292492799412243073940471444121917248865926738905612439870244913151 677316439615041068955222787310805626075102590027577059405314501694069372299072863891085775741426230025550893770777319 960371245531006422143956127479435467280148796283855147251497355303375697833220507733112178006654093941044517844838136 -60820732189362688007583056596309728651207 390
0x00a462a4af4fedcd7350cc7d95c222d262efefa8aa47a8e8c6d568f6031068278cab3afcd0880b75525eaeac0be3bdb4b33a845a448ed0aecbfd1f772f574019
0x0145874445daaff398eed96ea58898ef8bc96d0afd55f725efb5220d869a131e20014b28615f3c9e0613e7a77fb6731d295163e30362a7d010091c225f439048
88381546413195830490356121814345177109849335243162749316048866938595612502926212981848292492799412243073940471444121917248865926738905612439870244913151 871056171462963253697930300230262880060880843243105861822123179775646165603818682423950158374625141795477466937981775 791908955239749643931631837234142658282529798842734081800701062730740240185341905278417899714582284260871800728487260 95774864856850822232595813889841013993625 390
0x00e51b0db0c559f741028c5bd7f4b60cdd39d9a31d7302e07e7130ac7fbb61d0509e08c9289fe61e18faa549506ae08cd7c1cef58f4fa80a09ff3da7a61109e0
0x016ca1dd18b0ec03f4ce83d0f36194baa0d2b58eee1c055c74986f73d10bb301071bd789da5e31eda6f6482d38d3b8529cbc99ca45f932de1e3466c875b311a1
88381546413195830490356121814345177109849335243162749316048866938595612502926212981848292492799412243073940471444121917248865926738905612439870244913151 361375245680951279920322225845872147280404540319671500347453099908487003956799708687863764210037628715099762285808547 882816432446579529831430043660337984878314855649677236272121794537411522157311410449524156237684486834337165744548680 -3884031072058861499321643328011567260413 390
0x0100d20e52efa73a6af80865a5846eebd30fa40828163370e5951c16504214728ebc1f1ed4765bf28fa92dca12207308c933f8a349bbd76479f5b9285558d7d5
0x00d5b5159b71a8f12b5161d8090712968425141f99d4fda3768edd6b962aefdde1dd9d40561254645c5c023dc709c3e49dae95bf3056c4843bd98ae61f34319d
88381546413195830490356121814345177109849335243162749316048866938595612502926212981848292492799412243073940471444121917248865926738905612439870244913151 321376257315170797075440308965266015201054180790804997789470022974126890337951672046573390602717438636505344149874945 611566520258202010906831818961007905656281048935682966336011826282995355970888885086290475718761625336822087194265004 -61393774074190325168914849767597839151017 390
0x00e45802f95371abd8ef831609729177c749faae4d4dd5f57ace5da15e4856a86bfbc9d0285cb05de2ff1c2027f44d10a171823885e06a724c7e3f32921d9a3b
0x00e8bfc8e9d23f406ed10bd870ef69f43faee669774137c0f521f9858f522382a97ddad7fbb7de8f40b2eb3f701d911e0156a41272aa48b055ca71ac22ba499a
88381546413195830490356121814345177109849335243162749316048866938595612502926212981848292492799412243073940471444121917248865926738905612439870244913151 1147084799677172683564927669979168753068147630066944864897465355891915759894547013842963514821290369509878360846168985 1019446668089586840125717142286040576904462026336636463151632156291558050863027614923892010685775347546973351798254552 77988970226201206222903455812463679630919 390
0x01923c901577b5978058b2e323f29a8bc66eeedab4ec044d2d292fccc2f0c297dc66f6354f60872917f467fcff98d59d442b7bdebf8328a727f7d2b8f7e67d14
0x01734a35543d30e6e52f76af23bb18d7c8a143389967b8570b108c95025c4e05082edada781a530189f3376ffc8c5a46503666da021e2632dee25c0a7d42c567
88381546413195830490356121814345177109849335243162749316048866938595612502926212981848292492799412243073940471444121917248865926738905612439870244913151 509232128482274742043698428006185793742797314120273087629467264131218936889123442688222482434029540240005680368380619 336403858681130173617736027526274520506719024344782843369410759281948343338987403413416411059713017313275955568525168 101563041949717077404474530229572130600011 390
0x0198e36c6e70e5dddf78f4c180fc2f507ebf16e4f60de2e004c80e29081c572150be6c2c2f4ef2b413da227709ce87ba63df7425bc8202939939317c7642bfb3
0x0195fc746a655d0addb96febba70582834d366f425dac05c8587da803b83beb7b79686b63378e3b02b992bdf8e53f9bf440c75d6824d7bfb06b25772dc453648
88381546413195830490356121814345177109849335243162749316048866938595612502926212981848292492799412243073940471444121917248865926738905612439870244913151 802224936081252097211394794468036294516062402997981804109825949962272627521611563004403220508873318144480536888255157 87607709862638121845065379802463147269037682439695992566227735765454279990754421382114649251958091870505119597157012 124582554428345610378665227628995047457725 390
0x015916df37253638576afdc8288b99a6ac8fded4ff149e10102bb212bf2a115b325ea0c71e7a2a6506c8b56d4e38ef25e60ca4d61bdc73fd3f71153669c3b8a5
0x00ee72b30c8689afd612cfeb4902f64552ba02a9fff5a951bc812df84cf9fa7a07bc15a4667bd164b05e211ddcd3bed70b7b9ce553303cdc2710c68daa7621d7
88381546413195830490356121814345177109849335243162749316048866938595612502926212981848292492799412243073940471444121917248865926738905612439870244913151 706994232593011211982988565500797347705357811420206675342158191798407744996756060010868181857942418852449938364415707 380650443939929339246124681052408319169845662817947313251787138570614770621803982238363519256272986088757646953629420 113477999278805511754044254465126237694637 390
0x00987dbea1979db38679f30597c14f8b10b146bb619d57a743c24edf8c355be1742587e9c2950e5f916629e5bd2caad23b30855854f3113208d71ab474966c7a
0x0074da72727cdfb4473e7d708ecfd800ece83f33aca726032cf87ac6e2ef43b352047a9840d9ee57a01c453077496731b4640aa0e1af0f861557dc0f76630517
88381546413195830490356121814345177109849335243162749316048866938595612502926212981848292492799412243073940471444121917248865926738905612439870244913151 115975195332191176946445560383039743985180440417642546938591733705118892715507165033025312203308662134860564301869875 238181254781495313241721073238394669196606388364147064241585301037052770422583638557532645984945305658109967173615420 -50149527277503737107428271072450263514965 390
0x00c687f15fc31afbca37ffd345878a9f2595e403297202f6b4e76db1877d0117c92954f98d56dda5b5962d9e8ad3d8be20b8e78aad1995ddb982049027b56ce6
0x018987b3bc58f31255ab2e115a4eb1d5a5ac6613db9e2be7d71325c9d1fb6c66ca089a6dd33e6f6874e7b2b851706142d786545e01f4f0bfd7e4f8a61995684a
88381546413195830490356121814345177109849335243162749316048866938595612502926212981848292492799412243073940471444121917248865926738905612439870244913151 633204603934049202668148486448370994076790175704865511560816236305237385347918335495120368324767789751187056228997399 500206052876135520247636528673891526626267954082918585109104006070514794848549906682297297668731079685149188916660104 -103437157362704549168083697591151706815497 390
0x0065daee010a409b814cf2c8be8030ad1e36f2c905f721c7f431fb33e49d6050b93cd12df9fb4c6fa85472dba95c258e2bdac6346b8953c285a1fcc6ef16d623
0x00cec85d7bbf132781fd348452afff06bd0ca392c23efcf312c3f865605f441a3afa053236ebd647283fe2e447b79976d254ae5c475120dcec7ab980b5fcf43a
88381546413195830490356121814345177109849335243162749316048866938595612502926212981848292492799412243073940471444121917248865926738905612439870244913151 611255506415264694375661485906662204515032930270092167398216859787931845878598530391937987917359446790374691026488695 485807921178508228357884756625688466137897978303407643855265644965345834969462725225932670141417957073040605890770484 102677519151341590107832600337057565670257 390
0x007232fcc8395c8bb9a553c63c8910ab750a15bdf7efea053e8c133c80fcfe265791cb35dc44358d967bc6fd12cb9de02f2880c377851a3ecf03ebc556e1648c
0x0077bcae562f2054cef6b866f8a15cdfba77f1817f113ac0246bd120867717162a76f7470003c1dbbe16e71249e65925e7ce7e035e143ff959d6dbc4fdbcc1f9
88381546413195830490356121814345177109849335243162749316048866938595612502926212981848292492799412243073940471444121917248865926738905612439870244913151 707925222036904934022099330161231952135327743125343748217406702959774025732396116222844347820333621668323529468667575 962042632992799244968450740572039428552120029351953927852106211212260519164404668417338873624898481612232346899501556 63689880934146620548086274284696756060367 390
0x0086ca89ec1ea9a04d312e2658c0863d3450baec12fd089bfdaa66d70d03b67dba14a775f5b3bf5e304863e055fd6af7e73ceb425ae13830829291e3f24894fe
0x00df9d1147b078e0543311b146b50246e16072e0be7cd1883485a0025a193220e5025504fcf7229f1312315ee2b586a69492cc185e1296c25225484e918128cc
88381546413195830490356121814345177109849335243162749316048866938595612502926212981848292492799412243073940471444121917248865926738905612439870244913151 783997819452064174555752951087981978015179098844559178270013069142654597853584358212931325020922384456959423409149985 502716590354823639365258652045559603253688637396311352706714795980014195694448109331964551313985473315528545210328252 112050242374898447269345732028769401219319 390
0x01621175b7e15412d0650c4427e70b22f5b93877dcb952c8346f85b5a11b7e3ab0a457d9fcf96874caddcd4c1022e1c534042c14b0534caa3294b78fcd6de8bf
0x00db09512a81e77ccbc7573617876264972cfed7d6f398e22854e91450856393ff8b090783bf6736c7d59b5ccf08d33ff56deaf493f0587392d57fbe1b41a372
88381546413195830490356121814345177109849335243162749316048866938595612502926212981848292492799412243073940471444121917248865926738905612439870244913151 200147349162905890788580900485687903551908029299751091968858559291894577538504796754734295322467066919732729027538307 354265490075699764397451055038376734277785176685930513514715051799840957470671898197210292131238294821013936091702020 -61946651676996858385604387462771304917637 390
0x0027651c9a327da3e100916fcc260f1ecbaf56675b9d4efffc2fa6a6876bb546d2cd961416e14ffbcfbf72208d44bf7b259354f247660ef03e6f214ee2237206
0x00284259da5c52e636c1d329c7938570bf9fdcb559ad7f2bcc3ebafcdbcf069fcd24000ae0d93b9311c44d84664547634c1615135080f17f238c0e254c03c138
88381546413195830490356121814345177109849335243162749316048866938595612502926212981848292492799412243073940471444121917248865926738905612439870244913151 195938814733386185131463478394610073720294670634705184074039446183651423905729005845871973867208752266717408422892067 668789941693073954940227046151465033524555218496429111125166402397614246182851192569652489862996084576229561878035912 9767795297586159092088520073918059090045 390
0x01ad36fb787289b7f81f18dd4e2d562e92619d17f9f7c1f947532ab5e63dd3df3268303dca7c0b57eb2aa90f48ee1c5a046391fa8390da2a6d1182cf398d3347
0x01703e7ad11a0759c10cf3e8666ec637d277e6a2ce582e202bfdf4c5de222cb82174e74a51c84756494700475ec0cc72e85b44877f46f226756327bdf3a59989
88381546413195830490356121814345177109849335243162749316048866938595612502926212981848292492799412243073940471444121917248865926738905612439870244913151 1113380324730405469083382893487810968018932361565491760207537367527131456784299281740326288538385054955940718672101343 697061399804331414476789690851421742450581576508173677231276313994977460298294296621842964360467067950384236044240112 110652036120821183210353911916088977276767 390
0x00b0d65503b72d43061664a4572dac24101e40dc1f729a156923367b24b404328359c960bff72da71c88b43e606893905d492b5e4ba1ffc9c62ea75b30ba5287
0x0144ca2aa9d6cf529d0440182ec8f2c0c249e893e7e7de4d03be7971c0e51284bbed786dccec97c10b61eac76f074f6a90671f31cda481f749f1e12591c1eefa
88381546413195830490356121814345177109849335243162749316048866938595612502926212981848292492799412243073940471444121917248865926738905612439870244913151 293536518256062774382362012041957158416452264437886723399824431177253182599565259236195241046235626855975294141690769 575328893624305248722599778234048458818628558301507069800880179838456291804190559599830415585649250884890884826359044 -60458261443209322833537193108802115067897 390
0x00268938ee538cdc0fd265b87883fd4ddb5ca498f507764e92cb6cb71fefb903b510eec0ebe35e9f36da8ffd535dc329304fae495d2bdc66ade47f14e64510b6
0x00f9d6e3fe1e580879796018ffeb67859cc12a504e71f3c22e3134dc6c1a56c5016df7d2e484b512afcd19635259f045c51dd329581d8bc32fa9785d4d621a82
88381546413195830490356121814345177109849335243162749316048866938595612502926212981848292492799412243073940471444121917248865926738905612439870244913151 530683784405575273146381743970751179973222529121845533246071811657371164915478510879619952398859331371224654083536035 1001802517241770744017119313567871915918246013408320072045005795964949221207808577704758740444556660107631792783571272 24489787714767765410859243143772152269309 390
0x00def239b56068bd385c22f1d192f21dc5d3cf6d0a76c0d2084ac088800d65828150226a49734da98a3c4f832933a9267e3a0d12a6eda052b824ef33bf4291c5
0x00237003a46ec234b30961ff05eccf13862e17f302cb980d53ce786d96831951808c70a1ad35f2c61336a7b0f19bc9a051b1098520292c231733a124b63858c5
88381546413195830490356121814345177109849335243162749316048866938595612502926212981848292492799412243073940471444121917248865926738905612439870244913151 583949634177629934566280434151133689172094348814496975870563321141590074560713250725439977268234820258537572821118999 945705218565680957406693027193068701246762702223889077648739816343256571137658867259198261465103431171010650007422552 -51806327302386594906777467199192497582089 390
0x0150d4104bf375a824d79200565108c4af465909554ffa1439e1353d0e3b2ecb968e8947a87350252a6452f26cee6f7a178c211aeebb9561be7ca6366e0a686e
0x0159ed4aebd27daf977165df852fbfb16d1a68545a984b662e83cf1643989d19723e54683a6b2956ed30b3637ea8ccf16ae68a7340adb4d2edc422f19b2563c3
88381546413195830490356121814345177109849335243162749316048866938595612502926212981848292492799412243073940471444121917248865926738905612439870244913151 1046882014633731355052004151646638290009657069906654089025501774385752880677905000067114723490245176125290118158561901 305446453355407215283777592921118552524214253769473030349062709317231782005007092767154906200581468654024417681408988 -128117041744524592072566528098651123430773 390
0x019cbf75ee0d80b92b59139f5f83a0f1630b33bf8962b9b490324026cd7f1c678125dd09baf8bb6b76cfe05140695a5ec3f46386d0d5de0c382c7e048b413bf9
0x0140bc3d02524bf803282faa1798e7f1496da6c75cbca35501a4938938ef98400340d05b221979247e2e4debb93939ea98212f83fe0d22b56c7d478f58aa8442
88381546413195830490356121814345177109849335243162749316048866938595612502926212981848292492799412243073940471444121917248865926738905612439870244913151 757025424474988414456472025300104297633123890217218616829449115239438590611010013707459175301434500335528856077143407 806325726100357105534879981888315871230046576276911220511350762810943736246387329226029091628421321271214120862066820 -88085919576000475178530829938453959845113 390
0x00bc27c4c830f72565614e28bdb3934941f1ce2f8dde14b678d9a032044ca12cebab9957019a73a5efbccfdbf70192824968a75e278da0ce6df2c91ab475910b
0x0100ce7a80132d503d3c49810ce56eaa0765fcc894dfe85f07b9e5653c94fbcaf571f373831ff214c5acf9385d79dc938a4573b6012a250d7d19643c72d50f2e
88381546413195830490356121814345177109849335243162749316048866938595612502926212981848292492799412243073940471444121917248865926738905612439870244913151 272503222726993371268496911566412963693233715086411613372330245327940465007557211110567624395145896424117740548654675 671422796766565573172804711807722411833952336832813205871117294761760263641586352849217495077719110527653023836948160 42827971247218364254114738057444647050835 390
0x001c66395fe3ea08ea8fd5c0cad4fb55ef7ae2ea0b3f41f7bb8ac7b3005048b9a56d85bb84a9ff6a09ec910d9921c34c1bc5156b4b1f349b1f79ead805592265
0x00b16bd061e88dc2c80cae0a6f75a739eca0d6d45839eda532a3ced08d88e934de69c3b961e139d36b808a1c8a26cd20ae9860a7f9467eb07751ad9b846a7094
88381546413195830490356121814345177109849335243162749316048866938595612502926212981848292492799412243073940471444121917248865926738905612439870244913151 740610288759754762528299881760486250941376234948602629671434143517437852579929088254103112331765646205335759580454135 1123982127089399603421071759457931391980007437032749446421591000396277455738793689031283518479080663522675167478029232 -25121924495338190212997320124822328702071 390
0x00d46c5b73538b976577f4df567273ec2b185b394bbed48d1f873cb118e38eccc6a4f67a26b3df26110977058a9dd79eb5a060c1c28ca6e33f10c2b276ed7845
0x014768f73f74a36cadbfe308541efa5e554facf79af0a518d9073613d91dc3d9cc150b7ad90b6eb11e2d8ec169a455e1c0bb7490d870f3f18095320caeed8904
88381546413195830490356121814345177109849335243162749316048866938595612502926212981848292492799412243073940471444121917248865926738905612439870244913151 264539244388888214823000071833306520392298521004274222123062317760705869001353125424231722968571414379131411120548607 744789161609593622757881092296650101609542558344700788155822326226327973125019916445285984153823376158999492851685412 21904015024767417600196021538806284479895 390
0x00e8f2a3023377be6656759de1c86610266a669cad7688763cc2d19b0008c86a5eae1d95e831bfe085c8cf63330c510fcfaa1a0dcea8b4313b4a9a45a46fc54f
0x0180467d1c7b81ce53b554b636ab2700d2595481e0be39ed56457ad65e1c5525905b8edb3edb1937db7b88cb9bce216fdd7740e3b49eceb0e1f441366d2ab665
88381546413195830490356121814345177109849335243162749316048866938595612502926212981848292492799412243073940471444121917248865926738905612439870244913151 128105917041361388029692375512922770991740059621597618838336631459570228562631424373196259656611927708193522737356899 230980461010939941864775456707932771308576245320929904914200745731497551102121841744069956755340462734369194489259580 53533314573759507761237545293821282576805 390
0x0147b615f9fd75eb2b991737cb88e5716c7df97775032286e4e5c5844477956dbeb1419ca4552689cc55b4addbeb493fede917767690884169ac8f40f2f2c694
0x006e2d35bdf19528ff91bf817d3e4d0afebb1a38338a0a9b70dace7e3da469d60d8b8b5cb123b46b793582f108b6b422874e145b04a5f632ad4a180501d8457c
88381546413195830490356121814345177109849335243162749316048866938595612502926212981848292492799412243073940471444121917248865926738905612439870244913151 891839248619456111327058593073705971216901159582030549887667904916545730465737151831658882844918529201559903054191441 541148526433917297077264575361777129112289704700426834883881389340067757134883992721484716495932881649517149084815708 -114601401739776879635995238845291660930617 390
0x008fbb6c57ec588fbce991c8e583cd35291f0f8bede21b2ac3ad6189fa8dad862d17a2b961fd716589f0b731d64e0f88cb71334ee4c0285fe1f62b6a8d6511f1
0x01878c8c8ddff82c8eacc88a4dab231d5a96bd7fd4e858605a940a7e123365c6877902e62960a4d9fa64cbb5676129c0efd06fc7dbd0e96f58ced6fb1c595d03
88381546413195830490356121814345177109849335243162749316048866938595612502926212981848292492799412243073940471444121917248865926738905612439870244913151 906386667654990689579161356552673191280111208308586420091291529438944794635165940387095329444735035442246823849532029 114072996002290546435706911488481083148530548271464841539967701505506473262210919911821721776215008332574236134012692 128135539742574369533730179590115711255621 390
0x00648e7a7cec816efad24d85e0fdb334bbc813e40ee73da07d72e118621e1af8079c415ae4bc4bc3427952a09a1677b87f08b2fc0a2378057e186f288a46def1
0x007860ee987491b82819c740017ed4218120af7c21bcd9e9bd7802ccf96d1150355756f1fec3e4ed6f222c08e389b711050c776fce39a88c860141568de53e7a
88381546413195830490356121814345177109849335243162749316048866938595612502926212981848292492799412243073940471444121917248865926738905612439870244913151 395324596050077154035275988958588097556533840867750324865535465998630313821908189108390343442987746265765397875089975 377209596629619456951128905307809586238055752834570050507553390119156230834516565953833550729652743853210733809871800 88889481672212191077928442183164404681495 390
0x00c4abe1ade1c2c4a40bb37888d61fbd5c64fa92a3a140252b32327973c95ff5f1a62c016b011a837a9e3e021077da204de9e3708bdba17476042a57022098df
0x0105547b513756147dadded0ef9e5d41a871cf8799911add826c48a5580ce8b634b6de1c301d01ed01e96a55487b12039410c7f06a7db0b6abcdf8447deab53a
88381546413195830490356121814345177109849335243162749316048866938595612502926212981848292492799412243073940471444121917248865926738905612439870244913151 366787358072121532587176300679476828638219883079032821875685914415930032066378577461852288458940010150036747480976105 877482422434996848761900344722244666965560065966175006297482538862584086255014171510682494068481871990633630683689332 15203742337267160386664068903110305534511 390
0x009a0077320f4b2b38d1232093868e6ee48bac5a77cd658d8098a54763e169ebbc5ba2553d3a07529ea8c3d2fdf81a02ce569b4d3b55fdc817b01cf6708f5a1c
0x00a998f73faf9693b421473d6bd319536ae2297fecac31ea4c17a2dc9948e56ed2ce60d8bb7c385c7db495160f543b8c7bfe9306f3c049e991bae42c6c2fc383
88381546413195830490356121814345177109849335243162749316048866938595612502926212981848292492799412243073940471444121917248865926738905612439870244913151 981339287817640834778829065037612289892114755827153092103478840194353026089414863602488754766229452572976960139401965 836460681928029622675745416209882272829403529613242627639835034138758497825956085011806625518046130384722754324065036 95849819789379449581555146338288441969483 390
0x018276ab8034b74cc97f075a13ccefcea217e4987885ed1ed07efa0552abc48a1817942646f6ee32e42ec154dd2c3653087f387799dd99eb978950c0529c6621
0x0063c6ce070cba95d23ef4bd0d1c298642805011b39ed51783214dba2d683d9fad9b9fe7cfc98c3c073104cd992b8fd7bff7d304399a06c8b0d711528d89bb5c
88381546413195830490356121814345177109849335243162749316048866938595612502926212981848292492799412243073940471444121917248865926738905612439870244913151 857542309388605442480746128673598223763937745579606192499258751501700377352968930859352774129298959992335222177588045 389872185725998401223333277181967958127621531707208500922369880377335244783755667681056676445043708314212719167728908 -120113817404406570920077076094464533055979 390
0x005f3164b254933f996bed6d8fbcc2ecf1e31e931e615bb0b2b36e5bf2a6027a690c09e2a57809fd11aecd32085c227895736ffb0bd2fc09aaa579f59cabc2e9
0x0039ae0641bb5e926c58b73797e9f66a80c45e322180462760488236a4edd4cabe998064064c80a2a4bfea86683ac0e544d4d42a0be56398702f6cb305b3ab5a
88381546413195830490356121814345177109849335243162749316048866938595612502926212981848292492799412243073940471444121917248865926738905612439870244913151 852799996173888577856561009672556625564795795464871972003159855180551672275429240276327048892127983055934563345104355 1054557388611245778696005226052544632827263382203503006309626534165603676218881992129656894841161894366848378135719148 -59336052920985241307988644587987990975771 390
0x01ad5d24b053cfe78ebf2b6636e9ead5893d6770aa09bd9fd8c339275512c464e88ba1d2026c968ba0f51933793afdb643b659ca3d2fd295af91909adac39270
0x0165884b417e758b1d49ee1ec1b69a06f33b1b0c521ef1cc556cafee65d59e47f7ec4c90c5e58c97c0006589a80ebee4faff84678761dcbcbccc677bac30fa8d
88381546413195830490356121814345177109849335243162749316048866938595612502926212981848292492799412243073940471444121917248865926738905612439870244913151 58231680858989173308516354112757813490142158582987663367211803245717072293796527278276965933850134423050460796226995 309279820753052001831339481619716754817565818462513553578987104855210738821132239244451500214616203407800882123605892 -23255789749395617868591009336319588118571 390
0x01a38ecd90cbe77c7316c4478607b34dc8adcf6e1e6d7f1f8a253adfb47a41ebda051750e197d133900583ca27d47eb2c61f9e4dd5aae99940f0f0727b45cd47
0x005665b926a528f85f52bd2cc7cd62b4160a09160a40097656e977a58f5327e30510db8de65288fbe496e12d4e831e3ae616055ecf3d15db60fc6d1487c86ad6
88381546413195830490356121814345177109849335243162749316048866938595612502926212981848292492799412243073940471444121917248865926738905612439870244913151 241636801128838327596124622521154212328430798310869375981973082065139174707492910880673150675782938912895559397209107 119474908418707368679808499793337699094835532147231821214641210985390378212000119976139967741640885382939311446170012 -77925001759096763993071346583379421095925 390
0x003bd0d706e2b2fa47e329dcbf64757345b8d0a0136fdb7900c6fffe9226c039143b2454ab1c2557912703aadf6f8a228a3ea7e5043efa0a44673e234901625d
0x01acea75b00043b9a7406ec95fe55424d6aad80678158f816da1c03e47010c47c7f9b4a406b05c4f58ce1e170b5ac77c0a7552df61339087468616de53c61891
88381546413195830490356121814345177109849335243162749316048866938595612502926212981848292492799412243073940471444121917248865926738905612439870244913151 392680621468176929502212303942503178479806065434402462001444914136273881564829147413025046295350842062205272022666495 911189099121829646705151126672347214214818629317559886506309647118627880604136564219775819857601338387618564007360976 -8080081296470242125290492258343444428673 390
0x01089259b81a004cd557d51c147dcf1e4eb3401116c959050f5cfc96895a08f8e7da6b5d01aa781bf8df7be3154ad7d230094ecdb2e1518de5c4aa0b35473ace
0x0115a16ec9ee995a185262003231c79ddca556c2fc8c938457b03c54c9276deb4053c8370ebf40351076d6d7a77a9fd98b59960855d8b52df827d137af8b682f
88381546413195830490356121814345177109849335243162749316048866938595612502926212981848292492799412243073940471444121917248865926738905612439870244913151 502174390989661138166106686462795273266773577965301917593728154154832392931882590360161231845120102255510008759369273 981806425583682854163258616009719033324086627753247294680248466738214361089619610087216058791330341756119625087725632 23838382131173222013324510233475471833543 390
0x0045582fec1144e69b3260212e6bc6dac680082470fec4b700a427b3a2d9f6973dc4f9bcde5bef6fe6a7f2ced05e01e435f68bd580abd37fc30efaaa8a982b6a
0x007faa5912f5b3427b8966563cbc67d7a209c729d3b74d73a66f500c64b7eb9291e6dcef51fef05a8a69011b4b1ee692d6dc3e17d6a75bd4567b43a0a3845fe8
88381546413195830490356121814345177109849335243162749316048866938595612502926212981848292492799412243073940471444121917248865926738905612439870244913151 597837119739681210610597468385841963322215127259094971188537046706832271591297038297946948091287253551611549291245499 1068831071884279976815564313353264132138418624767202095947702348113124195654556504130491035657216857373371973344872844 9378529516911833241812356333122173296717 390
0x0198976ebf0e2af3dfded62ee700c0a9045cdc0200a67eb97785c082582efd7f339766bd565f379514dc58a9554e11ab19657a66aceddd1491d2424d489a8af9
0x00a01a4e387d8b8f493c1d42577824985690a2cef7d9a163ece42415015f9dac087656488cd4756d45e27498d7bfc2d8b0046283a877c8d2ef2c6cbb8a628b71
88381546413195830490356121814345177109849335243162749316048866938595612502926212981848292492799412243073940471444121917248865926738905612439870244913151 377672481828322380836047584036986767615062377477305152108520084390420696811650911425251421844345745197795502812714339 642748814733221682600481779718432475668006905931062329875138122658698689227750612462663103481510124746347466046085512 -66989876723767084478993161848315697519811 390
0x01617cf637b162467bcf443fff39d44d834298e056583bb3634c5993aa45258825b9a3a70a897b1e194aafb56f207cae97e8891876156b9adcd0cf777eca0883
0x00c56acaef32c4ced1b6084429822174331e66f240a21e516fcb12c3a3b6b20b2042e728901d907fc658c9ed7cf03de5efbb0ded95d448bb767a650b4d3318a2
88381546413195830490356121814345177109849335243162749316048866938595612502926212981848292492799412243073940471444121917248865926738905612439870244913151 411992996536754480054262749950623580266597015837455031276238460997620574186632694223548061820096707339550673902202399 5231338427170443630155157260002376249669818380223475320569830500448080602947427007795017109843144971732876271189768 -99167936552909553603032331734037167131649 390
0x0080a2f430a5d9cb9d46e6baf73dd7a8c571a10fde918a4bf2b75c892b676d03e7eb1fd4508a19bfb320e11be759c763b98b06f5d54cfe4a4a5bb98ac2729c57
0x0173d6a862906a6a0df967981b06bc158326c17436d5a3bad748237b1c5838a1810f58ac1aa15e61925b34ca5e6d852791a73d285e015b0b632d7c2fe57c5497
88381546413195830490356121814345177109849335243162749316048866938595612502926212981848292492799412243073940471444121917248865926738905612439870244913151 882540790671771762971545506709969315290459311358963989051491637138911010565150484994974093179066448398034176939479907 1021217023484287000205017683491586535746674108318592115431291514318190537792335042937652690593872266698926491200301612 -67590229688533078164178403813008185998235 390
0x00fc491e76d868c5f2deb7f573c2065e7cef74611bb6005d4f6dac8f52a6bc7d5cd6693407314aad2b497af0c6f9239df5b8ba826fa67c085b7a259eb8a52d58
0x00ee6a26b0be4cec3e4b3def9f33e287b416633bb853cbccae740fdaa5f0971c77f52d423a8da7b342867ae36dadd06204b366ca8278ae55691b62cb9b89deff
88381546413195830490356121814345177109849335243162749316048866938595612502926212981848292492799412243073940471444121917248865926738905612439870244913151 485861051209980123278551248060686770712069359845687836361979749109060010432082023070210756419746737099863806001034121 972981162676536591412811787356072883707433789395799380806950156293220195968498149780093948670784207919739604019651732 -21917464023437456782293785140010936202767 390
0x00ab095c7c6428fda4c03eb6bdbed1b3893569487f7ebc442c89ad7c6c3b8e45c76b40ac24fcc9d6db34fe8fad4cc2dccad5ad654be966e2bd7de0c6b85e77d5
0x010ed794560e3ead77ca0a686cc104d1c57d0920ee1f94382027e12b9b7b13dc0e6b340c487ea43a22d334138a931dd7362f82990bc8d60b74f15c13fa62b05d
88381546413195830490356121814345177109849335243162749316048866938595612502926212981848292492799412243073940471444121917248865926738905612439870244913151 856651035986632379431415001226617361367951875197087405386490789451890181121791100830630884560196204246098505952305243 278939598742691932608740787995823686679127076446588668813382317962664186250943649448916747796549992250498853975512628 123525901939997170395585780383382995722157 390
0x002f2ad4c961d85bf0c7d91ff1ddfbdcb2cff8619c1223fa47e260747d107f1cd1645e5fb033384a0984fc5cc611a8e7e5696c00f06e14d000e9f783c655c7b4
0x007e2a6b3e627d6e2f1ce6d33aa30a0aab76ee4aab537eb651a5d5d2cfff1a2d3eb7a01e5ce183ae35aadfbfe01d2b308c4a0ac53643e851ef9867f13b35d85f
88381546413195830490356121814345177109849335243162749316048866938595612502926212981848292492799412243073940471444121917248865926738905612439870244913151 1044388102144597299170509638833398505632557738521990269865322296692076326777678421325759490128319084565908766692649689 1240918195350281497520759016952530805406498667004894914826360429713799371899348680835064839597486949013981563994877004 5863543725598078282544253016808546421057 390
0x005af9bfb20529eaf441d658197265f6b4f9015710429422ff8de8f8dc12cd2d421f9700f5d1f2403f86686bff705d6b41b09bcef6b1fe4294f332fb91a25bda
0x011998a9cc6ddb9b84b8f617e2408247f2d3239c8756a141c62ff50a3efac6a17950d6c6df2fad6ef3845ae2bb9544ec63ae0c329e5bd98dc076a012c5467830
88381546413195830490356121814345177109849335243162749316048866938595612502926212981848292492799412243073940471444121917248865926738905612439870244913151 414013172299852484168442911162506726687665731109322624354156560854989178828566612104357709609723026393048316100727195 908997844611467580841919628770819639183084341856140650291696631180993996893261835333390543570313698681298684162013224 22899164494898464499849907490951060645627 390
0x0194b6136aa0d3e3e8268f307249b3368b735837826f43b151235c292f244e61cf24c18a53bff1c1726492771c93cf0230790195e08b9705f570e5430566b7f2
0x017f34f9c178ee15659abf4b01882b54bbe20d33769e547c61f636daf4b0f6b03163a02c27ceaeef3d66e06b9097ee951c9a7950af91acda27ca019e28a0e819
88381546413195830490356121814345177109849335243162749316048866938595612502926212981848292492799412243073940471444121917248865926738905612439870244913151 920911374120755448238655123974811971767414059197809376062358996393300964076296300285256912773665625630812512148520325 475149533744264356250945982664424212011640925354338209187539640133145317129193113712019295333175443826169154262128468 118851222287488201097399908335947275296499 390
0x0111a4ba3505c1cfda3face92cd217b99ccc6adba33d9322037dfec394b48cf75becc6c82daffc968ad22c5454c29be2986c9c2b0d74b09d40f21cb62ef9edd9
0x00e77d9e477ad31e3f6f60dd905379c96f4d58a8b6139b00ba0487af63dbd7bf6659c39874e356bc78a8c685411feda665be39d45705f951b6e8daeb1390b3cd
88381546413195830490356121814345177109849335243162749316048866938595612502926212981848292492799412243073940471444121917248865926738905612439870244913151 239986280089608988120538518015215872515415435793688408010401322345449237439874429397031018732866075409004572424747229 551032910753607213375666704515117710053557640648570271659689617168911073250915232481138236131333111987113286608247084 52537475233069519207256132036178170440357 390
0x0130749c9d220cd50ee3e49d3abce8cf72c495fd7f36de338152f1ccb5d355ca7dbd60f913d07745f02b410affe39e7bbe1cde759c39fa2dd264ed547d585b1a
0x0049d6ebe015de783cb00f4438b0cf6a620bd6bbe2c5e19730fdb2b24e0670aa14d35e22eb7be9fb56b7dd60068365b12c554ec05f203bd5ccaebfbc07a028ee
88381546413195830490356121814345177109849335243162749316048866938595612502926212981848292492799412243073940471444121917248865926738905612439870244913151 362825613353193083141851034663188913526708990819922172660550896907771407325527215714384778393196805838036581760407599 591133155038673357003565960431721684050957912091267530093745123751712804785379229782413240540675734186612140858425720 70064402221036451918550300869455909683185 390
0x00b503a7fbdeb7a6e4008ff56bcf4bd0b5ce1191616da810e80b83624a97c967cfb677d218bc46ac3c5c864a2213663ae2374c42578098bfbc661635bb5e4c36
0x019897266d1923bb90651422ca3824d3d458cf66f98b314eb25d5ee58ddb1e6f4047c15be820eeab1c73cdaf1d8c05ebde77c8c831c723c6d60cc87c6768e9f0
88381546413195830490356121814345177109849335243162749316048866938595612502926212981848292492799412243073940471444121917248865926738905612439870244913151 744017854510936648303160068439478135726624457383376953752336178622051649455252555863140023298900876028609535063539855 1123151438930395390527669040967762425530706210408639017747594068568987116113601765480219886944336943127229641912579168 -26310021352371564408675559385222976827761 390
0x002bfb4a2314eddc7dc0fe6c320e9fd6f3b93ea16178199a32013af2743e20a4cdd5544cd176218d5cb4d388306d020d4f3481658672ff8e181e70ce89628777
0x0142ca93cbbf7ef267564b15ae98a2563ae3789b76445a07689f2097301f0d7f60b5089d09bd8190e2aa459adc9d42fcb34407870496003949d989ca73a842e5
88381546413195830490356121814345177109849335243162749316048866938595612502926212981848292492799412243073940471444121917248865926738905612439870244913151 1256591440786965396781213944837171236107345009278378568436741721101499722756232163761093898176828507308012323585862575 1243913334044944086674089991025848805872035104656117554764362671245484784436158626793184134128625118580672020568024220 21913225789630889519876274594605159347655 390
0x0051fcd7be43d76a4a76cbd2451631976af11ff865be1cf7706b184fe6872a90fb7885a5b55b60a72b41ffb95e48add2c27019bcc0347ab98d9a2521f6b5a699
0x009c46464fc348e945f41020bdeb177bd9ba2ffb3e98311ba7768993ce7b5aaf86a2c90821be1c94cc2b794b4cbab6cba00d91c8167036b5d5d5200343781517
88381546413195830490356121814345177109849335243162749316048866938595612502926212981848292492799412243073940471444121917248865926738905612439870244913151 446936040935533219511478500564331754659749919623969514118228965055649495050540961658121218813878601020084576219707959 843883216540734191859222971349534212918479904758759793252032076856692818850768234046627374911191647881761001519037968 49340162249487179987536619669627170832969 390
0x00dd535ce44542ec3537a0375e67aed557a40b65788676a3e71bf7ed04a688780b3abee72d2b12a8f3781c9e6056d7778693fe0ec404a5782ac17643a8f6c986
0x014c2a716a107ddb7d59bf7a43f58ddb0887697fdd18136c69f29c1c798086b59f06fc86e4e87d2eb852e95670e9c3218e10d63738e5ce222f6b251f0cba5330
88381546413195830490356121814345177109849335243162749316048866938595612502926212981848292492799412243073940471444121917248865926738905612439870244913151 12122704228797740117477873225127407258295334480302858943022609874896657571562625235859597255178826582508029541783851 164636633712981078569121601019631993101079845290602575615843289106141807375423315108016901484180048420156325702428308 -6127121625659138709134583086158966047453 390
0x00ef8e037d01836a2e04512357d9a1c09f4a45d387277de68c7ff203708279aff55d84dce5eddf4ed28112665b28fdcb8cc94d36938d599d318b7ff546138d55
0x0129278135218c741b0df51bd1fefe5761eaa4633850b092dbe2426af9b83ab4992d2d829a7c899d9b61b3dc97777c68091bb2772375aa6847bf19f792c91d63
88381546413195830490356121814345177109849335243162749316048866938595612502926212981848292492799412243073940471444121917248865926738905612439870244913151 685832865335788559194431726305745649431565716836134872799271277104565495212043383735038227277635009886748153881409565 1122049158441883096534226129828564662691212695892313492766146327046750293466204435729153845487851531613105528007732264 -1180557052318591133383029085595636284483 390
0x01788a78959be28fc50b0a1745c452ff561a20b59675b56a6404199ceeea165af1ddacc7b39cb3c84c220081cba6d58c2cad27ddc711282f0c519ce2bbe981c2
0x0129cf1136164c59b31099346325ba374445fc9e39b4a34110e28f14059ce09edfcc3166d1a5f06bb3a3ad159351c681b8bef939e7d931b2d3e95eba44d83397
88381546413195830490356121814345177109849335243162749316048866938595612502926212981848292492799412243073940471444121917248865926738905612439870244913151 547935575810590142352704707367436061580212255474841610327336058497655320317059982017072660755155537654031871660529261 1015839148638259616282509554461000186851296798976038045228780258398021896856335277525912138328223036083243772106476288 -23685458229076731888504751265879236187757 390
0x01524bf0142869deae9aeac7c507859694bdb21153ded5b9eb74aa19c5e723faa4f84bb9cff8bdeb4fc59140c0ca667cf528853e2ef9b509b1bc713b80035781
0x002608ed03bbb72b079716dcdd5cf39cdbfb52f1fc117d2ea8d56c57428010d980583b291aab7f2c61b6dab93f78951dfd8ee0622b3fc6e2fecb2531bc9d2690
88381546413195830490356121814345177109849335243162749316048866938595612502926212981848292492799412243073940471444121917248865926738905612439870244913151 864856020799957570781640697956635867178943700182829317924188654064927764575381398024568894500382924795548436622036039 1066448233098516471321809548530428661669864508920526334604959935881468250101186957896163037971027067976801767398727616 57836751936220367041816194379716477387847 390
0x01271a29ea36ea21fbcef702b35c186dc20f1e9d359a9dd6ad5b5c592cea706292d6af5d75129806af18776ad23b7d874a704ab9118203dba9ff8edd27fd5667
0x001483d1b7094fe7b6f14d421abc46d440a5498563ef7dfd4dfbf27e5d54a53f2982edd0950484a57d69d502da3f5906d2c7e4942dc78710f62cc0850674513e
88381546413195830490356121814345177109849335243162749316048866938595612502926212981848292492799412243073940471444121917248865926738905612439870244913151 1111489816318960333003483886962937381940192281861070647328879888684774601305368201064661945086699607561830626475873475 717023371768651180381992727729731455469343631230027655219515330520107876087532853339373514416484814399812261958777112 109170216486532724840003392202945461780259 390
0x014864488ef4ce10b474dfb0a2e0e9f717b636382e4228bd82a2e9e1fc3f7c26ff1b0e3915ba86bb1dca8a962b5857d8ea08beda5c4c898cf00ec43b85f69897
0x01ad16d9794f48a20d473771ce552aaded7b7a4da289ada46c799fcf2d723dc08ba9ffa14f57573a5b9e691b390aaaca54bfb79707869bc022f054d3b40781b3
88381546413195830490356121814345177109849335243162749316048866938595612502926212981848292492799412243073940471444121917248865926738905612439870244913151 655193366617237681697701820026623769011920739166207623123951365575814083505138316368383059899374749390723076874230125 615814768883318985307391031355828751634686348843978974864315300580879966999897489434681754094310259485095392779612388 -97704982540634698818536552478062211271541 390
0x01905635ffd031d20fcf7d10689fdc59bb930eb56f32b9befdeac7f6c5cbc677601f2f120742f83b4c50fb4fdd572af11e7fde62cebed54c06f54ee9867a192c
0x00ad40f74e1c8f2db4e373b248a726d01df4f0d18dad2b11868aca8d96ff5147697c209f8265639b59ba93e14f07bc84a8ead829c7971ffdef20e8f1cd1072cc
88381546413195830490356121814345177109849335243162749316048866938595612502926212981848292492799412243073940471444121917248865926738905612439870244913151 847048947293176263977649736340057703728139357747286628543574555700677683940062133845313104950431385938829396187432877 955680362467909522880319348972608347333036821173460760350854511907680229833590082497856410579337484285318625251725212 75605848202514574856142649799879818918475 390
0x01910077e7b270c2f8e61c78709b760d2f265e4682ad34cfa5e0f4f3509df46e6ba38812eb7f2ae821e40daa34b8f2a0e1299e327908c1f41139bd2791cb7b42
0x0092675e4d816bb6f433fbf8d90dc2981c0cd7e6b21966d811c4731d77ef837b0ef9b96f466ce0a95e71b78ac36e81cb1bebcdfdf51939fb2de77a3971cf4f87
88381546413195830490356121814345177109849335243162749316048866938595612502926212981848292492799412243073940471444121917248865926738905612439870244913151 395266675969381751533195633034317582170143576701277403742024769171674806072897014715103536578991882771990194913249625 386745425628681900066775225852077989717169706132149912841255552305452603703462632138228948973148908977238737316308860 -88418207320582688029654056510927342759295 390
0x00847d30444dd56ff771575f62b2eeef0e87e2b13f1a79f5246fb9342bfd4b52663c6c1683d7fc1b66509d7ece855fc39024f32b3b1b3abe53c03b1c041fd5af
0x004bee2a07480399e4203604046b6eafa9230196954ccd5b0a41f6126176ec0e6d1fcab5853fe593906cbd3b2a65763e647cc8578b62745ce87102062b9030a5
88381546413195830490356121814345177109849335243162749316048866938595612502926212981848292492799412243073940471444121917248865926738905612439870244913151 731596664955353454257938140962323677923391400051783091701397651694777529204612994273121351724359234537500183955142569 501783076155344830806735567713882742970979885664243913356566672835218835361918303777463907936042515034275944974559728 109404446328964598839735615346985537111081 390
0x007ac682860fb3fddb5a1a94e130fb83fcaf6bf1627f10344ba1df9d2c303ecae09684651f4a9aaa91ea42398e96fc85957bf0e403702af9e1681ea731e9e73b
0x001bb2690357ed25f1504489c6cdc14197c4257f73793fa43633f7a59b1fa55bef1f8cde7d0b782bda0574548adc29e8dfd143f9cf23fb00508157c6d390b57b
88381546413195830490356121814345177109849335243162749316048866938595612502926212981848292492799412243073940471444121917248865926738905612439870244913151 99477950115828687294875314056845688474498101813976922264987926742845999469233619827214097261227281571106573560978299 268486292463793189588940796595201293721941380285283205412949793731266383517620539984432498000092365043504172673358908 -43712201532289695190862149102479215995469 390
0x00aa5affcc0714baca496c4a50592321b3b8e4cf7f6644de8da9f6e30fe2fe4c8167be9e0068d7425ac7aa98b7e88156f9f873912204529b4f0825950d05d4a4
0x011cec7ea973e4350032eb61342d51907e138e9eb03b72a5313aef54b90ab5d54f9a8f3b89b85cdcd3e5679590095409a8b86b29c0ad64751e946a1ac8fb7b1c
88381546413195830490356121814345177109849335243162749316048866938595612502926212981848292492799412243073940471444121917248865926738905612439870244913151 551638041937895997464837930620392033686111249837541521156813156806790218099438980736962111815840311885994083125197575 1017215430737200432521843426070828943996323563354128046917144026336405245872903662868347379591052379439879044039696820 24267648987320888315308385694487789732255 390
0x0076a427f53cca91ac1e02f9f9fc17965ca677c65b90a35572ea9f914d9fa07cd30e1026b3499dc2dcaf99b9fadec221196da1254b90f59c233654b5a59c8c25
0x01ae1c5aa906302ead916208e4db4147bf327b357230636d82ea020cc5221713839b269a80b8b2928df85372cc007a28c8b4a5ed77bf67e11df0e17b4407c54f
88381546413195830490356121814345177109849335243162749316048866938595612502926212981848292492799412243073940471444121917248865926738905612439870244913151 535547247073490799020515032244278620313727322911138610701842590635944974637847495780678221004232595316722459554528581 67034099853813560843438201817883211800775222635779198410104557874399616986343209450867108401659617716842309412798752 109473308774177432046447278205009771099973 390
0x0091f5f21fbd27f30c5ac37e87d51946fb861781681d74f9fe4118237dfa2ba4a95664d3a1f359db794f292dbddb90be5423ba9fb31039c68e9395259f3f5db8
0x001649a28feb7630eb52682f5df4e506dc051892276cc8eefdfafda09656847f8cc44e728c4df8730fefd2c08365303e49959600ac82230e890956478bc263c7
88381546413195830490356121814345177109849335243162749316048866938595612502926212981848292492799412243073940471444121917248865926738905612439870244913151 221768139630228146179518116003101987381052714318975130678551030080728970471503374313113704419781199577143331443817331 28697790403243534039578890677889247870670331491781610899195090102456786413965090125934957264475250164676976057116128 -75906338868994370448924575468156833821043 390
0x016b8530f6e29991bc410f208c281bee41fce8c518072331acb61f5440bb0ca87fbc7f065db8bc56deb9251a85832becb228c4c5247392561a953928728f207a
0x015e32acfc09d5ea880f3eadb1cff7ea57fafb3183d169addba19bff9cbd787e097d673f192e2918f0ec27e33e3183ba25d638233c43bc4e8ec01a30dbffea48
88381546413195830490356121814345177109849335243162749316048866938595612502926212981848292492799412243073940471444121917248865926738905612439870244913151 48528421976906917057991963016517431309295381594050082015078528070821995539991479729120283309822237243037894023809595 54671225273639829778278426623510558974268512632464154145156025022228425603373386676137772225753057671353048443194112 36389046739567596607321094953932123343419 390
0x001c7ae98cf1dfdafd48c35de8dada9aaeec9d34db932b74107396f8bf075d7adaf0586fc1ff5deba9339f86dc5f0bdb548a4ca716cd117e0d651c813a7a941c
0x00939738f924ff9e938742f73edeb452fdb02515c984b653c24c81994d9bd2b0e2f03ad995d49aa833a1f85ae945d1a9d1740d4eb64e258f65cb74bdd8bf0a2b
88381546413195830490356121814345177109849335243162749316048866938595612502926212981848292492799412243073940471444121917248865926738905612439870244913151 74919850561269634461837349394387261257181613972666318617053515168967548768374511662013668022496571713137938210870821 395979727039969606581812221385470152312270656425714033565506051035875083520091804704528210704934760535209356667324292 17320548076715351910807247587358167475693 390
0x01a3d44aeef09efa88e0688a0a0a2aadc86942a09c22212c6e75c1b51b6f683fec1ed0ad3ed87af1b26ed0ab22752c5ccd6583be9a28c0f12964b192fb203442
0x0180f099f282e0b8b98887c3c16905420cb2bb0d71cb9bb0d845372135fee772ba44a6971316ef5af3fe166ff316f4add2e2602dae1b692ebb9b6cb232b23dbe
88381546413195830490356121814345177109849335243162749316048866938595612502926212981848292492799412243073940471444121917248865926738905612439870244913151 43331337853806109795185128945105132938482236360336600253863978498719760127790831478125079571089177872158213219279279 270935267840603259794820862856504687023773337182413953576786549287567285847994995385608465039611834437963666360148476 19609720639487011074383061560745167470777 390
0x0114913b6e570e8cae4e2d25f4e80597128418aea74dc0ea959c127710e4b83a2a94af891e0c9af55aebd3ee825eb37e969d4d00a4e976f690ac31fb4fa7d096
0x01268a8376d36ee0eb700b39e943836624eed8305af433429a85385976e5ddeaf9aaa8042dbcfad7b4cba66407c793b09f78f530597a7e3f51c7b41788bfa884
88381546413195830490356121814345177109849335243162749316048866938595612502926212981848292492799412243073940471444121917248865926738905612439870244913151 958651322153394042709097696886029403023490103506261817274049651024850753334461394256901114085949974059118411316570999 1212662376574717416879545296403286123236033948039263784149179677989940189075280235166933158600197311312204341080340980 -17765977756045865151297833284873702131825 390
0x00aff1854fd11ac09ecde33a9933a551bc95a0f8ca406f59b9a10d951c163841ddb576a990b74f443ba5bbafb860c7140a3374c710b88ff4a60f88f51f77505a
0x0187b5327a0040cca76f200429290b2bdd4322cacd4af60be1676efb992569c0fd6d917afa16daf8d5f5a17ae6ca5fcace671968803b86c17055020ab83d5337
88381546413195830490356121814345177109849335243162749316048866938595612502926212981848292492799412243073940471444121917248865926738905612439870244913151 691672185717545796275279874176011848311045525722373239655757830853030611080330285627040306891847639061165873699790379 1011963783910197817327643104049192570020630073478340270466998765444421271931809827157240516577424898157016689539361112 -52297741287710780132746696517643572776331 390
0x001af9e495d277e8727dc77502fd7f211672ec2d6010f4945e5c147d509c6a2ce1b4652f7d64f348ece8d7ff48c4c645cb9f2ee915e881fb02de51362218ec4b
0x0174d6be5f2692584d2f50e3e214bff6b22ee98553c5d567b8451b5fdd9b6f8ab4caa5007780b920529b5345910f2d7c21e1b6e8d7d63f25a0ce11513c5024f1
88381546413195830490356121814345177109849335243162749316048866938595612502926212981848292492799412243073940471444121917248865926738905612439870244913151 309419841855783809209532064604136008596974754726387989656646576219905040324763259766458257732581620642205350277504209 72041331152173693002988848027597136143803299369527429426475459633202809430329457861815380624266260033818154420364768 87672522402643815227317620210218058972881 390
0x00161def24e03367614ec2f76df797734f4b8ee34f0a48f1a5d117a9a3581e5179f25f6856771670e896568fc27e5bdd0a88312fe4872080c346131636798027
0x018553a2d827621180bc50713d7d8da08f8e15e06205b4f812b57a50eda02208bc87e1734d85c01a9175ff7837cc5154d4a90f0b5adf998e3995e6ee57af543f
88381546413195830490356121814345177109849335243162749316048866938595612502926212981848292492799412243073940471444121917248865926738905612439870244913151 710468044157207371211474738974911662176103096074754858004737247063155347053374716444531872452954960982257460037504269 547419291213402466427111594620990141644666056456167806823055711633248714346315834986284650561307407550934462846547588 105685696642017678964794225339052318107499 390
0x0196b9974db8d087c6e4f47010446ec5b329f68b81330f495f195f45d578dcf08453f4088a10fa7db311f5aca39771550e02e3486274aec1a80b8532487da1cc
0x00ef9ec71d1d88a396a1820978b27acd224a9c53e30e5f7175db11ce7d0faa58787b2581314f16a7353f7dad02144eba154143a954cfb5cc5c2dc8f0eb1c9407
88381546413195830490356121814345177109849335243162749316048866938595612502926212981848292492799412243073940471444121917248865926738905612439870244913151 996054482684268715558264765889454792439884741874759398216138942668973533780571456951493887460550041119885210296673315 857386679157303845845309703451961512603155712051194210342624007436510810742423225999152528558737897783033742050813572 94216597933908209068158346820353474569499 390
0x00f16e72aad44334c6e3dc0bdbcf80cc2d71191fb9121a66eb7d3e3d99f2193a27557fbb17aea8d5062159f218abea10b6c3e0802db369634c5d283e6257a5a4
0x00203a7c789187098344236736c4a3efd3c0b2885ebbd892827a750f0665adfaa5cb89836da72c33736960709c414c41872515d8ee3aabff8b7b0514c37d2884
88381546413195830490356121814345177109849335243162749316048866938595612502926212981848292492799412243073940471444121917248865926738905612439870244913151 479735566253539766202714043204508600084169921854122157672663821240771688212040478777801181001515289882577758551566519 369964455754373026365938967635474502979601437510445342454775519578739904430334034900058533781532958451869800218873948 97648763893683045301061561275412525506929 390
0x0049d18fc8f2996a6f6b40be037dad587b28bc40c59faac5c468c39a718b5a90d0faea17072fb5e0eb1b0a2b9ec63a4f059da839e2bf4c20fe289f051ad45a6f
0x001760e1e98d52bacef6d9c621506527abd7c5e4692ae2fba1af6e7aaa5238a1db8c12085dae376cfe8b877b8367e12ee9e42b469229a1e18b054643f0d205b5
88381546413195830490356121814345177109849335243162749316048866938595612502926212981848292492799412243073940471444121917248865926738905612439870244913151 387389336968700537357431380146749519374120948235095550904484229539713653890752016167007414359778555558740304990359349 179910656848889847227451761787872584783934704186512702364990953042979430097043850502254327380599839562039478649999100 94809777765095106574440435416618557145475 390
0x0053ff914f571d1017a740df5ce2aa8522d1d7f1b92652306f9ed6fe1a0e5595a8500ea2df257eda77afc65373d2dff0f11a7a656381043668d61e08865ff970
0x005838ebfd84d1d16cce7b2825aeea27a6af9b479233ddc52d7d5aa7bc867a76c835eaca127ee5b7de5a06e8c91f9c2fede563d26a2239fbe65f529dc69aa41a
88381546413195830490356121814345177109849335243162749316048866938595612502926212981848292492799412243073940471444121917248865926738905612439870244913151 938783047883929714460631553152532944043681754820159368357925962263206356453314959397823381399753478146591893100612775 108801626731803906793686144989507289747018595735611808242170824214646604421163492620308051623952672400163579181580600 129151086195029510824612689780970131180665 390
0x0012e5129d645a93d90b6d9301c4e8bcd088acb7f83409378a9d838525390633481cc5f1deeb95cf256243bba89ebd78991ecdd27c190eaf9919279b90b234aa
0x004af1cb68f16d7b4a898962c73b95aec2fdedab995449858bdccb546aaf78d6fce4bde0f4a3bcba7201972cf2c7ac99c8eb21276247836f700b246984ca7702
88381546413195830490356121814345177109849335243162749316048866938595612502926212981848292492799412243073940471444121917248865926738905612439870244913151 857296942255714928866790119962076594605254033676965507510109983883935155273053545306108551614041422778542147324059745 1186483626187257977986717574896219080478123994912376359991771835324458698433013921583277927237905910779473204493088928 14727004264244638930320188625736181092961 390
0x0053e80b3190d4557641e069c2019321c0afd7d87e2a9817eef2e51237ac25bc934c4fc11ea5adc7c405a188af48e05ea8f220ff440d6fcfa8f53b40d0d45c1f
0x00865c51298015e0853e92cac27da29e4473fcf66dd9e9e46241877ab8c6876f0042249be363bad5b7a6319f0329b266b5974ae8cf434ddd0f152261e3643d8e
88381546413195830490356121814345177109849335243162749316048866938595612502926212981848292492799412243073940471444121917248865926738905612439870244913151 238395809843523958041175637060918968821968714694054029480755385041720313735808387653953125646264862837632814834303885 690579624389129661555826598889597673448262255588857799949880327791071466922753141269337217647507539283552791365323092 -27622778969403434369470592356695456785451 390
0x0145f1c935e8f44f60eb849467ed9925fce117785d3e2524187103e8054f0a7a82903eee9eb51a0b55e6e9f815b220510350b540c89b6cb8d53ba8fc3cf83630
0x015c522fe1c3d4fcc10348d066bf53d538c0a55b30512a239ff60d5f40993d8e8ce919b78510977f84e207f8a8c9dd3f7f1194b890caf68e0802948f681bc7d3
88381546413195830490356121814345177109849335243162749316048866938595612502926212981848292492799412243073940471444121917248865926738905612439870244913151 205697817683258802057630137461816521989983243387648400348786521433073517298363432688212051652746234454574675958534445 463734725162282993258865063297763405939599356388677150772320522003969430409429752287519553270656153363207096266250408 54379168788443428774663088096270539636429 390
0x0163b28817c44abc14f81a4ef883cdead50553548916acaae64208fc2c7e4c41f2c70df32af744aeebcdd42a18004a0ae2edc94c62cfdce3d1f1a81912fccf08
0x00b599b128301a8101acae2bf923e7989a592d913d7f4eb2d4b994ca72aa4118b1b77d4a708ef5ccfb67b9125d868b0669394ec0fb441f49f45e9336259497f3
88381546413195830490356121814345177109849335243162749316048866938595612502926212981848292492799412243073940471444121917248865926738905612439870244913151 1021592454029889037639437781177157038529791290675052632761584401115583551317768757763595462042122586874412472639592779 126187195614304752357998357725198570292344175836941469800068344939037927261089480804669385523859952337577349804149488 -130995190463438988323791266988447434070731 390
0x01476faa2f2775ba53c47e24379eb1a2b2e5a08afbf563e30fea69987b05c4f879c90fa45f251608f123c5f3bdb626b98b5082a987a4592b0f0f26d5b54c1869
0x013556c651642dd883526f2dbb5185d6298319bf9824acfc51d55a0e9e7ea06248668b4df31d3faf0aba2cbacef5c481099790251263c06fd07aa464d2f12783
88381546413195830490356121814345177109849335243162749316048866938595612502926212981848292492799412243073940471444121917248865926738905612439870244913151 244950908883514646133493489494182223858607072657715456032661500164407816335886160863988865116447209087819348344678135 304783056464573760682430242065800567443900115244846343978182846565269893474242198044007257181244163502181907913482188 -72519544283664358848716901494065317313039 390
0x0006b47fa3f49fb145d17a5c6d5180a0f50b128d405896a20e54b6546879185c7799183c8b2821dee10fc2d4533745ed662501a22fed7d9c0c8df58ae76d4b0f
0x01a1249662e12682cc3d41d09b338c0061631083e762f22a64cbc163e6bacf59f141f16060663eb801d4bff6609cf255876d66cebd43d613d286d2dc1d0548b9
88381546413195830490356121814345177109849335243162749316048866938595612502926212981848292492799412243073940471444121917248865926738905612439870244913151 53205073194074548409906262485784650117258109662226366678608275672898146425651420131758992080552960175410834664538027 305333156724392509402531675115396766847146239362199380345132317185650527155983719105515985593397760260419002262769712 -20765220822508409488292734089717445324075 390
0x01628927dbb98bae8b996d07a2e22f4139238941c9ebf37d8d4d204f8ddb2670cebe73bd38051e523b3ba42a6324fd6538fd627ba92f5c0f3bee7f3515a40b44
0x0175a8b5595f5d0bdda870a7bc767a739b1dbbaaae75f1401b8374eae569a02f4ca4ec5ce71bb0df51dc385dc95373b61ae77df4454732ab63d87c5f2f4574c4
88381546413195830490356121814345177109849335243162749316048866938595612502926212981848292492799412243073940471444121917248865926738905612439870244913151 337442934604968279511216321518071664474747570566680086084940055079302023760397500638903003785168103438535200566870987 599567401796066857301338640750713139334583477268452655274579839806447847471838936015116081052814149361961051711350120 65362673030879400746980148228881876082987 390
0x0196bc3a726816b668828c2d6020f260a4112260f3a70f4ce3585297acffec3b8c3edd09a55b7be31ffe14b57ace091a89379cd95729fdaa3ca194ab6190a2bf
0x01046402790a3f2efb603663d172fbd96cd0787febe41f81f83a74d5fddcc661f620890b88e2d5fd8ae4f581e111dac49776c242804ebf8298fc55d5a4e447a8
88381546413195830490356121814345177109849335243162749316048866938595612502926212981848292492799412243073940471444121917248865926738905612439870244913151 760136685488363968085690711548510782145700366986619297029538523207465389385753977902759941352016841356623168642040047 375350888689809945333923207953141027909179851005338031571912132377158788415972179548133320739708198741707105229974940 -116433246783677651530501609686949920513287 390
0x010df5daf983e67c31f1e6fdf8a84f6b56f8c8031c7371e7b9facd470b75d6727411f1e5dc349b4c0a84d61aeb4b36a9e963a39ecb9f559ddee142faaa20d3e7
0x0176889d74cfe6a82c425a3de4cf9c11230aec2c7f9c1405aa3f10f62246c8416c2246c1204ed978f2b74efead30372b77d8698187702ca4e48b5e4e4fa935d6
88381546413195830490356121814345177109849335243162749316048866938595612502926212981848292492799412243073940471444121917248865926738905612439870244913151 944800944941119477055295630061188853134136110631126014421693781863503033190418281115614540931842631487195149118504687 1080164229227941264381026398678770356987378627712261721025169964523325831422951561978546551842885423988537752208930612 -60465319668623745110475773205649208279225 390
0x00e34e7b311e6c04f3a74863062e21df4a8d4e298c5ed4c6ecb3c9bbfcdfa6f7bb932b2388581552c8fb3c9c00342e3bfddb3a478b0258edf5ff5ae9bee6a639
0x00e065e77805047b8930d46e56bcc050f6db0be6c511a17ec3cdb50894c6769422e2e3efc6b7d0fc60e30eca3f6d6fcc387f41148a844b0e7e1f89abb2cca107
88381546413195830490356121814345177109849335243162749316048866938595612502926212981848292492799412243073940471444121917248865926738905612439870244913151 135644575201643239980672343429326477349766821678865753161188616627917024222415069002117649061425378596519267028704103 450036022459449852263117098376788346702518059532590017348630618717485808171505104728663571696847087780248128467304808 37020264029258892738044372128651970900807 390
0x0036ff12fab46baa7521a09f65aa65926d6e0993028902ab8f42209122aa86c2181ee379f48de7c62b2e62a81bcdbfc5d970b616cb565ada2538921ab03b5af3
0x019ce43a0236d10150f2570bb654188b30bee950cfa5d860fbf71c6e5345889c6783851381d6d9e6f3bcff81c73b84ffbbf11ffefc82f772c6c828b440b8685d
88381546413195830490356121814345177109849335243162749316048866938595612502926212981848292492799412243073940471444121917248865926738905612439870244913151 887672753492980956610328097162445884265521463464835605057660354357170640348162634650945645457012125764613554323385081 739411412065172738556858867640686951644759846349125594197351029693063596533205162108498316866898893837589364564562212 101123000882271050126983456744113428764767 390
0x0013142937c98664fc6a69475565994cf5c448241d23a5ada865319c271411a77b97f9027ff848effa70b38162cccaba563214a2be1215f86f86836066e7b088
0x004b40bd65ab011d53ddbc73a41c1440faabfb457923c63c125e5789d6983bf33867c8177d45430c33fd73512b0859b5f8d9d12187895f106e54ab1c7a493237
88381546413195830490356121814345177109849335243162749316048866938595612502926212981848292492799412243073940471444121917248865926738905612439870244913151 622487439002458528870480564899084709228315342282343254930148684665627842775916466580172710407961046752933378542321919 1084367440897329979277348644081474614394711439813085288447489703138944348652055255917711315779450683755324864769061088 8510194390960611082821687138367508947201 390
0x0093ddfcd6053d712b3e6f51189364f2fbcf9fb9d7896861153d328b546b41a2b7bcc835bdcc42f3e738dc615d71f2ea7b5c85a561d28b341a53b2417746ed72
0x0029cb1f4ee15b61cc71e045966421a9c6c9c9119d4ce1ad56a17808a0b2f5a0d1f865f04a2e99961366046842f5a7ce54862c6841e710613afb5413e0fcc5de
88381546413195830490356121814345177109849335243162749316048866938595612502926212981848292492799412243073940471444121917248865926738905612439870244913151 22329907402481532566508909928097722536459234079031530613131512909241715453625379452479141809734039768028687776120349 129659617909819927321971274228099649742163145570225875279421409400610995792605719709862047262902213158994976923283132 -21006318602909667262578392284769115597349 390
0x018037c7c5c432cdfa04922e227f5b39be7bf0650bc25f859aa4c853ae4c15f2cd74d523418725f5521c39c94c73845d1b045183b88c6f6d1401b1f0c0268028
0x006ee735b6915f342ddfab275ca0ca624da11885b6d5af96b714da68c87e8254210c7acd55c9a680c388dfc6d3e653db62072d2afdebc4ac4700ecc284900246
88381546413195830490356121814345177109849335243162749316048866938595612502926212981848292492799412243073940471444121917248865926738905612439870244913151 1214787762491653650228567736173121586087420640550936675070340463903892834000523417132777467941707577069296243839832947 567305162445559625913905321391343067644636594855862023122559803458052981501279137558425826019515998479771817088241112 119675496271610755213386693578231509056045 390
0x0060865884e27dbe7622eb5b3cb9b07108c2738376ecc2ee7809d0aa7a6337f78cbe2c530cd70ee68a6ed3e96bea4750660e637779392c98a943e0738be1a382
0x01abc2d62e5956b5ca7c7c85d30f9540f4774048a1ef714b5505926a2dbdb912c0a13d903e2a3018f2c462340079445bc91de792c51de0641f6a7f266b9458cf
88381546413195830490356121814345177109849335243162749316048866938595612502926212981848292492799412243073940471444121917248865926738905612439870244913151 226278383986570239254228747299126407132987980477022779496724349354837629690034148981402363862375537013579079587340825 718895833915482122381918590392077567608640275290757723555727476822657103053694549618291587486581328507966840288536932 5423305362721419758375997811157127060799 390
0x008cd5fb445aa142d529cde9fb909aa1dc8ef1100c857e3486e31305869830f4703054afad39b93f612cb0f0c5398d6e0e0416402af56896014fa832ffb3b101
0x01269ede352e509614435c9d8af39f9d88d287f7f7e3b10bbbca33c8ba96d37238148b03e0509dfc5f759d5c3ef7b2f5f8474c611d4cd0e56fdd48c00dabb068
88381546413195830490356121814345177109849335243162749316048866938595612502926212981848292492799412243073940471444121917248865926738905612439870244913151 437217174669991445587186464005665326162485269803023227656511717527918451834427652491528987739712954330923045282455617 35451130597150947302203097673992222448625620124387046026725404461970936605717686724093367013391730605799394440351412 101477621297969332238528159338300690045545 390
0x00df934e0d54ced549823833895d2d73ae53d82b042661a640d51188ee61b61f448e3f26dca24165708f964aeaf9a1cd799bcd9094bc2dd9b72f9e1cd186e235
0x012a40d938546a67375f97f2576264d5fb6eb96d40a745ea1d78aab045b9fe713dcb69ab8ae112b4cb29d9b91af38ce088352151594992fd1c3945d8b9583cde
88381546413195830490356121814345177109849335243162749316048866938595612502926212981848292492799412243073940471444121917248865926738905612439870244913151 330705672095255791751694152540614190057808908460510386769922821790280760570200970488498161625053583285391946539382899 849842730270941840322538645359544475371895146196125363369739543137271874043542628892611989399398854142372938540495256 -5157548777083833393719793713541594550483 390
0x000db0b564ba478d53d02590a3077dca3f2018d473a3beccbfbb044ccbb81d6be333a37994ed4c72ce56fb5f10611192e13100732715442b454ffe5823f9248e
0x01a0236dd1e249aaa1e211af65d79385a24d89624900d516ae409322ac2ad6ca53854e32b1d8ca9586deeae130d41fc150713f9ee073599048b0a1166917dcc8
88381546413195830490356121814345177109849335243162749316048866938595612502926212981848292492799412243073940471444121917248865926738905612439870244913151 1101975159919393205374345781757168107078296300970740911783465140461385309910313421720226314315025208246799898722829459 1245078822790527085855092126422892698374058498921381962262767980254469052416158126070809836119223727521810901418429248 -12725127994334651779490121570377684312941 390
0x003642c96d2bb9834a696c7c568e8d5fd13112aacbf5b92abdddcc8bc8f7405828ca56ddb7ba250294f2d27f6cf87cb12199477af8fb6be1669da0732be31eaf
0x017e12075b3a3132482e346a19ab9864e9cbf78364072596ed52a404ebbddce448c8ffc2f28fc96dc2b9b9129a878e3ae19c4b25b3a8d684c94fc8841b5abb6f
88381546413195830490356121814345177109849335243162749316048866938595612502926212981848292492799412243073940471444121917248865926738905612439870244913151 982294230067883183544671072994428990895424864604600435295322771132387320816670442098413338927753648794621940714614525 1170735056633003455414146475914786421941858389758076655844389453155104894744332037942716924436455096759117283855782060 -40020679435299137713298660920773954973125 390
0x00e7f3e0a9272a729695c5fa89429105ae65c3ac4af4814b38dd499db8266b7f46c256639dc47c36b76713fc99e53d6ad28851754b8772d7a2689380f507712c
0x00f81ac06b786534851d729c339ed0a7aaae076287a24092748b581ad1529ddfe4ff2400ebdef9505632766c2fa6386ffec5e78ce55fd562d27838403dc5b832
88381546413195830490356121814345177109849335243162749316048866938595612502926212981848292492799412243073940471444121917248865926738905612439870244913151 732584793141605806190327077303396815177421819562404467029654352796329221702266275544316344772881408781958657778754831 350426484870511736529374036317417860063847566627909226602642584235339623060856113095240524226375362403051724191479728 -115933585222038607389495820594926955827057 390
0x0028c35d29dec0a331248114f654ca093807d9cd6855859a5c1ee6be3d6dba9e69b0c1ca02e43fb5263b406cead0ac27c17c17f64b58e28560945d2c6eab61ef
0x00af5d96068b0aa6a65c68f8bbec31f793577ee613fd23077036b78d96aa0549bdf7a8d1852b58c04469fe93d570fdb513b87579be2e2cd1c13bd5f5620362d9
88381546413195830490356121814345177109849335243162749316048866938595612502926212981848292492799412243073940471444121917248865926738905612439870244913151 35514578577111974582106919073261068281515714049836998244486640449557814096009267227193205890013928774817714380350143 283667213828878154626062195047295228984737108047643108810777770442016849376411346017370443653787112043292590691501588 9412242079989631725648257563601999795433 390
0x018183ce51cf686f8d7914f6d8734bd469b3b1d6ea905e17a0689f5dcb6ce275c69d31e0ab200b3a1ef72ffe9935fc0a8ae3dbaae1a3271198839043c576487c
0x0048b0caa02fbfdfb7d032b19f5e0f6e3690ef1f9a9877d003fe0e709b0333a11a7161c5959f936a55a41c5fa1ab486e2774990a053b0dc0a33f3f916ea76a1f
88381546413195830490356121814345177109849335243162749316048866938595612502926212981848292492799412243073940471444121917248865926738905612439870244913151 193698124329449363026794456437793192318088693702511383332715048409958975570629934197074975350595326612123823263775047 289176391547134274895960013409629005281832934318640379786719598800803996483204356570052605116959271683394397076075220 64466905858048951420833975418690430605663 390
0x00e75450b44b0efe9df2dfec65ce74fd1f382682f1258cf14adb8614e344db190d66f92177fb3921c65cf1aa3ee6e22de1454311ac8e2f18cf71a05691a726cf
0x000399238117255ac3b08005a087838e1e93d2853956c9b29c569f2698c5f692a230b8b895947195540c44d86e533007006422b15da90bfb10486c98fe0711e2
88381546413195830490356121814345177109849335243162749316048866938595612502926212981848292492799412243073940471444121917248865926738905612439870244913151 1254844104638005449575394626720209165345329417985580532015704573527309649661011895193366735356668473993637939097907683 1039490128183468600122121337265604317715156965251348289328617090039899679031774668700594255919787054607711374273273332 -75903969838006717082055857439895211519077 390
0x0144d8ac8291600786ae0d9241924b173ea5ffc0aba924a89ee7e748d60e193cea224561c29e52ac13444d87f9b17cad13903738020cbf512ff5b6ac5ee8ac27
0x0136fb62fd71c968b5851ae344ff55314aa514c2098665d3f29683ccbf7ecc86c2172b7306c037f5f1b15829485fcc9450dca3e076a37504620e2d4d8e6ec916
88381546413195830490356121814345177109849335243162749316048866938595612502926212981848292492799412243073940471444121917248865926738905612439870244913151 601014653925993700627301338885142090485867534288921983227179495912305990865906904470553129583968778078223570890281977 324972945183064481388602540519314529140784585554778829356300864311731083200929654605920196988056379072671433821172688 108932950216985584980855399733417692478585 390
0x00a98bc42c970f43c61d1afe003238ff282a4d30d73f33cb2d35b982f1a7073efb7302901160e364556d8b8a78d2ee8737c84e22d828b6956de0cd591944d7f6
0x0016f837dd1360b6688e4aee8403c619fd4726a6844859bb22b0f9dec9086f31b59b07b31d0304e8a28652aa2464b9ecce7b814498b45ba3db4ecfd5270e1e5c
88381546413195830490356121814345177109849335243162749316048866938595612502926212981848292492799412243073940471444121917248865926738905612439870244913151 380151315850969089923679227363156478103306730868702976781539961589921711009208734240715042934093882736120076986751951 490961858649168621431914639100016126198022977749415799059064238687239484102534787419832895978024257929156748906329672 -80524261719533316706936570091405034583633 390
0x017fe4f550d05a86cec068915cc4793eab72f00e8bca924dbd93991c7f465f817f98de9cf8c14c2ce255bf5dc89bc1ba20c02736a3010e1639b68799fc00fecb
0x015e8e1f26285dc83aec59d89271f62646af631dc87a4ccb6361e7d7b370678d2ac3cce9d4ab5a485682e3f18023cd4e026a963dcebb5c01cbf3ef274402f16c
88381546413195830490356121814345177109849335243162749316048866938595612502926212981848292492799412243073940471444121917248865926738905612439870244913151 754430227336242975280132711070512706676326007107756235170939929484989377702568510549571076414611087938036448603314239 767371636564916858494874875111094078782317303679300494167154595108321676719587325857683273231025012084688018252788996 -91777283466666611685207625795367880141993 390
0x002b5d4a09e7ff79fdc0eec1410287df2ec929992faabab63d068067914893c823a224815230429e7199beb75f4aacea0bb8fa45dc5dd05161593f2eced769fe
0x016a4f6597162cbadd2170a7ee690adba8bb8082bf2652343df712ca3e9e444ddd35d9f265d8bd1e91274017b97b13c1cce4e4e9a91baed28124cdfda7df9722
88381546413195830490356121814345177109849335243162749316048866938595612502926212981848292492799412243073940471444121917248865926738905612439870244913151 839506480736266326587288480056992510818137229244250785302702751021090942309910207879120191062781242156042950555673365 1186373134119327991796552661509361109197447735705121623486664350943225825066401293751895417582984580795686119316201868 -7334894467673303974317714101771798066531 390
0x01240ae70650091b56fb301ef7a785aefb3d69cf1d04e91c8ffaa938551b9847c33fbe903441a428d74db9112993272a92104583d20777927f5aa0b95a20842c
0x016f5ae196c6f28fb9d5aa96a539fd123e78e5fc015532212d8264e4fe19d8954a74c07c6886aa9550e99cb5d3c5594967de121a1bff8adba516f2ea8fcbc7ac
88381546413195830490356121814345177109849335243162749316048866938595612502926212981848292492799412243073940471444121917248865926738905612439870244913151 301694613472998264005484446956569579662378781696882275436620255892114352292865755154184876769092941231981619812460349 728735132046021213129446670404283304079780004166525855489628230678714146531379092255674294746601659427531724171375980 -39617273193210095305840908393582467383035 390
0x0005866ba8f5cb0a94d3838a5ba97dcd19ded416903977c60c6ef0f0018817b1520fba910b737ec2aa87ff345dedd209bed06fb998615aad64e0ebe42c404bab
0x010d1e04f939e5b2f6c17fd53f6e699661decf14c5e6f46a560da9eada1fb5e89213821743f013678b9d8ad265d937ccea6345d66d098ceb23d2f4efbcb5dfba
88381546413195830490356121814345177109849335243162749316048866938595612502926212981848292492799412243073940471444121917248865926738905612439870244913151 89780926194311432116110461458038512210019483895597032280073821577204825376849329814191424527800239927439025891649511 464181726203964063897120264749853970224552074293708086527283401513266202431451965984749020487627509646312442091782392 5706254286830199847007514134747588762823 390
0x0090ba5a2b33976bb2be47b9cc776f090d3bb55ec8e40bef26c7f5e9a9a66d60a78ce4307a94da78c59ab3047c5d7b66b067db150f99fe19b873d8debcfcbfbc
0x008807e9c515df672e52c90ea14b2beb2bce46dddb2db572cf128ce3a7d0f06963b8a33e227773782d46331660455e09cb0b208ab1f555cd58c7a9397f880585
88381546413195830490356121814345177109849335243162749316048866938595612502926212981848292492799412243073940471444121917248865926738905612439870244913151 386675185063858315135448450421769033060765624171200484311095790074608068618479800480203600523722175552543512147679689 838946851377593830756251215052039404167348755870864799303438283343054360825689569312468668468130208349956760687152348 37113878645935996290868116895294246698481 390
0x002acea73999187f4a403bb9f58f94be65814c45e56de8fa6ab68fd1a3a0ebf551bd8b45b6831baa196a65016240f0b66d24dceecbe4a9d688f4d9d57985c3b2
0x000638b73b06b0f2e61eda2dc2317b360d73ca0f207498bc16954e20bc44e10ac7b899bb9555f7a7946f70d66e25d270eb6aa6b4bfe144149497b553100ea2f7
88381546413195830490356121814345177109849335243162749316048866938595612502926212981848292492799412243073940471444121917248865926738905612439870244913151 386046896150420701909059894431516684160856594253126672830089838899313936460199914351357572779603082507353992939715999 341504836239931752641246828012415260501411191101348173580048380107899751541160947278533314577100444454945050109241796 -89493007384633205243514978097283903819447 390
0x0100a8fec9cd3214a90c7a0718e5d103d4aa4537d013bcb7946229589cc09619a72f6d75ed3e2df5be724808d88b8f6c74be8b7e204158c1aea7d98ec4248b53
0x0155c17e8493996ccc679230211850d136c84b59cd4a115d09b466425f4c72bd5911a44d5ddf2e609c924bfcc8e7c3f74fb9815b69214e358d5cf01ce78d878e
88381546413195830490356121814345177109849335243162749316048866938595612502926212981848292492799412243073940471444121917248865926738905612439870244913151 780681620549961139907967508561857350853037255860688441256000429626673520459077229282170807960053024723401970966219789 138112781072329544636044596245336640826459621325034573032959090361106985360050184554798729151479508443564310877825452 -123138073632283448639500278974510197717931 390
0x015c4970e181b494825feead5cc3dbb87b1df06818d6a5d2dac33d6f20f84865c293b1b430b9e76d6695aa45da281db566743435e040b2d4cd01c87f933fc95f
0x00595d4e9e0bd301452c1335b04b5227553deccadcccdcf4945cce5e3e8e26b27985300754e254731781e72043b4eb829ca39e9db93266895544bfdaedbe54f7
88381546413195830490356121814345177109849335243162749316048866938595612502926212981848292492799412243073940471444121917248865926738905612439870244913151 180701531858958076960326412006343871098095179045875597628584343749078306513892942897409468139888618031370149880905915 623979927796532053861934898074727473336976645082381764907108621297615651514377366802724468427322851403610434586983632 -19520038923017337078433025655364524611131 390
0x00c3520a9d40349ca9b3b0dfdbbf6a7bd6c9325caa97535b198cc8baf3bc6f55600110174023784938749d709f53d851856ac4a1044e6b88b29edcafcc2e0682
0x003a935e97b23b2d751735f14fe66f524e33a708ad6acb9d24bba4bfead54cf6cb4ec33943da5738214b86f21e8b2d2a167d6b82c82528ec634689b21289545f
88381546413195830490356121814345177109849335243162749316048866938595612502926212981848292492799412243073940471444121917248865926738905612439870244913151 860447443232074034919632401808103954930595585751599658824203185870543054721437770115239849541130746930651078747740423 842235143144084039412251975237591338013037118540895378700755023539790813328631070951299407472775357513923671947588772 -90263268929714198105671824703303209558433 390
0x009f4aa746d6a8ff79d68c6ce7cc1fa444cffb93ad3bf70f7526c4504b9eb50ead1ca3a99435bae4482373a1f7cd250a9585f2f440fa2dbb0cdfbb269fe20f28
0x0187d89d7932546cd5912a932497003a56b7c69f51768fd236f8afd6656287ee059264939eae53a4efd2e7956c6e211e438c39082fbc206344c00de90cc11249
88381546413195830490356121814345177109849335243162749316048866938595612502926212981848292492799412243073940471444121917248865926738905612439870244913151 182811338158875533005777504982131639842432950082174648488446525522322756676384753405793685497697333535005844954354037 652767958547158943108414455553928017133149507255055598666463547805553154186104068458018355704945103897099393171744280 -4084593976093061470286742869869647573013 390
0x007130dd0ead0199b4262fd5a0534c38010effea69cbc4bc73530865768457cf594060941b43c472736fc28b8ae47b4dfcade11c3c733208cb73eff2d213112b
0x00a6e8d897ae8b83d42a7b82067fde153027abbb4e3865ec5c625b66b2a0bd8c4779d8d34c533f9b2dc89c0d99d0a54ed3891f844ef15c95292cd9f65f0914b1
88381546413195830490356121814345177109849335243162749316048866938595612502926212981848292492799412243073940471444121917248865926738905612439870244913151 1214199541919355171047586787358807741793240077990308517677526608407132539898300527909529052652401163675520105166508613 62373470663565657627163050406372090505774539738948521749953311663771028776607181680966757056391008448256126009668292 133861934878253400687641419821663922663923 390
0x003a6727401a2fe0f42197c00f77e10bb146b929e1eab18d51af3f7824ba135092da1308529adbb7239bceea344d05363f082a8b90fb01e12de4fc5496cb8ec0
0x00c3ac48f212c14066eca6f65ac6e8c248d4807c63e88db7704a549c8db29f0f6616d9ceae433646ec44b6572512d02f7a4e25be77100997841c41a3b7caecdf
88381546413195830490356121814345177109849335243162749316048866938595612502926212981848292492799412243073940471444121917248865926738905612439870244913151 885226518464270361898088566449948846624093413882627469155701348095448211692869583526778452185651560740081046355130539 493110806286383660295061926240505859333957087044237814939824792219699403982078145766320509942058414743850567687111292 -116790037562818018104496381104307478655901 390
0x00b17842a6621366d62130c6fc71c8bc13ee56ccccce3d8a11cd01998b416c305b777d64ccdb55a8629da0bdae3e103dd2cbfb77e23be8698d8aed16a1f5ee62
0x00854f16ed4bfe046a780aaf36a605069a2c5135d0a02ac181805ada1c39bb22cdac6b338b61e0f3b1b070aa00c222a645d75703f19cef54324cc25b26c9260f
88381546413195830490356121814345177109849335243162749316048866938595612502926212981848292492799412243073940471444121917248865926738905612439870244913151 788716051833561154072125986137882153211110542926784618175255863522485301171634604283707439990519201478384881423252825 527705321109833599329825854284166521223561456189352381220672065526902934507466643256167598411272265124523866489663656 -110971083663122848902629428986662345746567 390
0x012a1093dcd601ea650f7dab28d9ccc73fa5b454913c7554a1389babef31a01913b936ef3bc2171151c0b82bfe5af0938c1b3beb8a748373a65b1bc370122c8a
0x005dfd4b672fd33c2e9e561b59bd9cf74522e501b1e3e50473f44946e957557d35ddc915a211b723ce0f3f2b73f7ab1b41f0dc79940aa9dcc17f53087cf011d0
88381546413195830490356121814345177109849335243162749316048866938595612502926212981848292492799412243073940471444121917248865926738905612439870244913151 1124320046684699870930527661350254862376328601433296153712095080374774896982468343907604608397242855907836648260303447 990851479151115255631363365685700392543991006176263475557175568797020443433525719076617542521773934043790369544453812 81659167785515266855282157013771195874415 390
0x01a2162006ec49c9b97841b885c2ae93387ed94d0f625cfd779af5cdbaf559e50a0d65a82a3b63d0200a2cdbac0e2da10e9877ca17ebc73190f9c343731d1bd2
0x010304e29169e5dd800dc6fa858c722f31c6323e2c0dc05ba3773d52a4298e4caef42cf6d25a4d6b327f3b198804870a305da46d2d250e7cf0bfd58b5b821136
88381546413195830490356121814345177109849335243162749316048866938595612502926212981848292492799412243073940471444121917248865926738905612439870244913151 320969151436884220621645989843410449533874550402226264939151100900719451370016562266810367984409145747681393892033187 535367050938429131836516216443088113696412137399921155745651777172232531172207294966445882825752806699031542871639960 -68915778438813922116077893989856199165187 390
0x009ecf856e55af8d812c23f919973ba043fe00db73ca2237973683dd839dec16a83173fae88c768d8b1f00f24d5c81cb106c1bae1a92bc3aa620dc19babc18cf
0x016a0bbe9ba4a9ab35421a101b2d792430065d30796f0c9e2b85006955877035f8658c7f62f740d0bf7861eb7c5f01239588c18f96238f38435a47a251ea6263
88381546413195830490356121814345177109849335243162749316048866938595612502926212981848292492799412243073940471444121917248865926738905612439870244913151 816883715109278103614323003865098918944201039060525316254204497861386073388981020561818606039014287750219406640618633 237243662627523294945658014594901601720475288342850512087126212913404634856873931656854953407384395839606833730753548 -122965540252615824492296995312399529441393 390
0x00663ae4bc2e5f976ea7063dc59ffad02b987eb1bde94268a807b30a44cc2a1c6347c6896ecd803dc5dbcb8ea490484b1fa55528e7bd034a4e8b364c6633e24a
0x0092edfd6ce694be8e82eb0856fa4af72ab3cc4dc86b8066415eb370acc174daac7e3b6040fba1a5131a511005f205e7448c51c3dc82866952c4c2b1957c8c0a
88381546413195830490356121814345177109849335243162749316048866938595612502926212981848292492799412243073940471444121917248865926738905612439870244913151 1042215803782169042059303749294299387234138813938317574098199636180156833784301443833305225861305724167702390081404225 1214314797095513400246784515531948735593314895875470204398656428591113178767467829281288849271975835819725665626086152 -27617510081600013180511826500905052951711 390
0x00630436f3a47795f82bdf8a5b2f0b5eb2a94176ebbcf18c1229cc7cd264449e91d433c63be6100d1e85ec3269f52dee37b2c32dd141c2eeab33414723472537
0x00015047f91fded852f7e47aa5ff09aae0cb82b441b3751cc01486ed79bb1cdb4bbfe9be68b2972eab99e7c71c23396ded1521759e6b7dd7fb682d5b4d024060
88381546413195830490356121814345177109849335243162749316048866938595612502926212981848292492799412243073940471444121917248865926738905612439870244913151 837854907355577703351521457658429734912362206288906050090463188823459812259771059985334961423667509844725516351390915 1182793184170302942106812910752042339353387816976521447885179953245787181832943532922586116172465263390496328631490152 -11575261457665629982153776556563536473309 390
0x014f03339cadc362131d4ebde4bc918f357afc7c853336af0faf5e6440809e8f5e70b2516ce0b589057f7feb532b1bccb5d89e2404161600c035d2908b87305a
0x019a1d1fac3c87f58522651db899d5c46fa9ea4e37fc63352667b144cfbb085cc8ebf6bc28ad565662abadd8cf96d7182e7649e782ef6993a5b1778c21c0c1a6
88381546413195830490356121814345177109849335243162749316048866938595612502926212981848292492799412243073940471444121917248865926738905612439870244913151 144677203563423566334471699102377178058310466211532468848276047430242866052633394045197499353711076829684420035081211 580121112133293028721889483545247051761886567902407440575961811179458307431554493513993359830342784300223541013584748 9128390574406023245940945676581353140083 390
0x006adebac10a09af25382f3624e71c3107fb50b09ee478fd1643d74f0ff8662a8306f65bfcb67f648343606cb7b18311b25ca1fda85a0c3ea5f86a3f169a54d9
0x01047d77b736a37af89b2a8d82d18840fd4033abf268a601964dce1be20402aa3c11a337a5581670fb0d46a66a0ca205b0f61863e02a9a3cfcf35af4938d3433
88381546413195830490356121814345177109849335243162749316048866938595612502926212981848292492799412243073940471444121917248865926738905612439870244913151 684684670657079677667389007054285787465407596133573285245444449978317061226180061997453711758197670393608212266382709 1035147364361274669305730643841638106917478634746310913402618340792927390741914714887449544211470318297053125657170552 -45907700997673545253291271199559772037909 390
0x003255552bfae91cd92771b6e4767ac5e17510de5ae5f358322c8eec6c9d4516e0b883ba666062f23b8e14b04aeee67ad222561699c6bca5f813914b53a24dc9
0x007e24ad2a38e68b5501b6e4011f00426314a60faef15724025a95e285c3cbb89182c8ab3df115612be051f321b96d4649c4187f5fd4ed85467b3dcac578c23e
88381546413195830490356121814345177109849335243162749316048866938595612502926212981848292492799412243073940471444121917248865926738905612439870244913151 144475617916055010572950328904157472234082603762541131501781446938298993565066313692826173958481540290626170225347921 274263489606998368017024748996903466043867070258185957488459568466361531396338665559547611347738366395540247173219792 -55090485864167944484282926201437931579857 390
0x0181ebca27ae48653f2bda950c54d7045a3d6399d7944bce0301ac79c60f598ee81cb5c641a10958ca0a18e5bb2861a4e22348fe9ec7a0771eea0448913d9087
0x0119538cf0a72c933c4c5d1dde805496b45622a83baca3efdeb3e9b0d2f015d7cd532c3733f1dbeab307a0aff8abed0e8cc22839d9277ad948d8f6a70ee9aade
88381546413195830490356121814345177109849335243162749316048866938595612502926212981848292492799412243073940471444121917248865926738905612439870244913151 807482702266956129518824581957763911330522481757665032167727167807147427295423073278675727150214910475844678292817289 698839906381740820930305457404762095979139273001325476990644613550919362116390002234565200965008776752305337842479012 100678331611805612892186412266857477322161 390
0x00d7b6ec7960616dc2098c597c1fb4442d5ae3aa426e238e45b6af70441a20e61e27ea89cae729e3ff60784352b51051aaca24beb07b26cceaa3ce9b8e389865
0x004b86d40f8a532e446a7796dd272394342da57bccdd6920f6f3642d8f91cde14fa23c7ee8a3c5a83f21d2fb637f1c549c931fe4c736d21f2630ea9afcc7fe39
88381546413195830490356121814345177109849335243162749316048866938595612502926212981848292492799412243073940471444121917248865926738905612439870244913151 1068570753328983810164919121764983744510013767523333028922146798055195390508703656823512362346005257464571789099532335 77580615969853089492027951634967483905069585534122034943064286165081789352675393139112583899043987623690801121251732 132292096151956638746167670328763660510471 390
0x015a778eabd48e887ca420a65eeeefec11dba44ca0ecbe0665bc30852cc1c5f5195c4b5d4dde47ae8d7ea6adae716e2712ddd05c6e0e5d09c1509b56d3fd0a69
0x000bbcef1270d6113b5cef515a41f1bfc70d21ac4e0ec4696d1e9bf0dfff296eb14d487e495cb9215659195103c54f149330fd88fc736e613514fbdc061336c6
88381546413195830490356121814345177109849335243162749316048866938595612502926212981848292492799412243073940471444121917248865926738905612439870244913151 992634332009811703920798013112020147766604800171241689300592474056622219871094192042087932972226942601031821775462555 354629406774809091091657378026335495358151836381663124639088037458845233759754678006393532368751021151835020418311272 125501703838292914233659740594354615962619 390
0x0144579f686fb9a1697b5f2242fdedd9588bed9a506e8f519f832b810dbddcd3d3a02ac51c5afec8e8d10e8de3c06c5f7a8d61cc4bcb40e31c8122ad8d601d6c
0x003644733daaca8f4c964c9b2ec3a896ea9e405645e80973bba1e1d76fc2daa593b69a5a306856170bed30a45bf72004155b779313a8a7119cb11340a0b5ebb0
88381546413195830490356121814345177109849335243162749316048866938595612502926212981848292492799412243073940471444121917248865926738905612439870244913151 907285525840347256332250196884328413555275364782652040830756505410516138139089544654180420598258723166932796232875059 1113872984914684247109653399002885106754638577687468448779872657760509031043613217093217072577834242380834976272046252 -50348828695845353826856119835196919646741 390
0x002c6f3ecfebc10ad7d3b1564b554e240328ff666a992b836f424415d5cdb4a4fc3254bace01d65441fcac894b5cf08436de53843dd8c884b2831aea52601c13
0x0055178f8941d2681e8fcdc2cd80d4aa302f58ae19b0dfd1788a0426c522ad146fab31d8ca35d44c01987bed2369cd40762ac42789be910c87f7ee2125e58e31
88381546413195830490356121814345177109849335243162749316048866938595612502926212981848292492799412243073940471444121917248865926738905612439870244913151 468237305220781031141550328203588136862003140779172641806386190954322326227973533459205741489165467339444123192736025 852411369096664894802409227507824463560565520398910434588738908429558784120934194895794953492396348645498062266458640 -51555558258994899769200969739216101232025 390
0x019aaa53bee290f45cdfe10eb2d151f61b70c59ea4fba6ac06335e8f19422be07228bbd913093193065646e90cb8f39fd523f36b94297d98e4e1801482950513
0x0089d41c3e3f4cfed525d9d643a06e6a96c5087c1203ee083821607db428877cdb62262f0fe6cd809c2cb3535f43e3485d641f9741477e12e5a73c3179d46b7d
88381546413195830490356121814345177109849335243162749316048866938595612502926212981848292492799412243073940471444121917248865926738905612439870244913151 337476602898108296080145271336389571682381070212543580741571584711777436903237203790309084617168063163566575154828493 716168039232718781989679291085020544573442991791134567537665169317794426241627379443429418078988647088595095592034272 -50370127151248612516901712305875440296243 390
0x00b7c8233212954d6bb452d67ca66f997f510522e349d3cf521540ab7b50bc6c0864908afaf30ffd59345318d712749ab67e6649e9531c572babc532bc8f1fa5
0x004ab9eff2579b9dabe6e94689fa943bb47ec29ccfe57a90eee2a0066f5d86c95c9ab7eaebf4c21c626aee1c72240e0a2bb9fe609401c3b508cd8bc56fe0f9dc
88381546413195830490356121814345177109849335243162749316048866938595612502926212981848292492799412243073940471444121917248865926738905612439870244913151 800329615843980842202045717330064334652918688965467087276528877680610230052498794199552607467536533895384608086990799 1076820697554880313680819085522467287894983039618793150802909084211604441683774162690807938106637002224958903408547588 -49681013859693254900673992199648139021209 390
0x00488c8a399072046a216e82cc7bab78513e43d4bdfae8ff9dfdb1af974acfe6530bfce1d17faf556487dcbfe20dcbe31695feab6d24b238f8e4b8f402b9feb1
0x008530e97ca1ed145cd90f84afd34347fde0d250a5ef1cd3a277c6b733aa2e186aa40109ef7a36224de0478551cbb929e233e009ffa81bc475222110871e4aa6
88381546413195830490356121814345177109849335243162749316048866938595612502926212981848292492799412243073940471444121917248865926738905612439870244913151 1028226562735603538568517593075698638278356001555036158909228950771709652269457361239812137227396145485877009893029025 460055812547656362425731548096811541997751173640977029491963902960664936424316569580788994716131928541091028256047200 122395183332888340227266760875209188522335 390
0x00d145a9d53718f7ba444d6539583305bb904347f1eee178c61d9948fd4e1b072836212a049f29eac6f78458a4c4e4d58d1002ae2f51d39e533d518c9ee2a983
0x0055847622ed53e458d3855f5e79626c7bad21245a5782882a8d20c8220e0adc18a75a11cadd4a99923fe58fdcdfc4dd3f604fbd561912a4b2e4166acad9f7be
88381546413195830490356121814345177109849335243162749316048866938595612502926212981848292492799412243073940471444121917248865926738905612439870244913151 854905744391705948723643083959198449302183509676279398499250528007224720940907643994120923819697111161534475766554643 296013764473295905866997802042358252375978927611467410363013930524475975282536307974928238379311253735657150456612568 123010472245194863456525054618210435840397 390
0x00e360d89b636a38bf696b61f3b47c94a5815b796b861ecde487c4a0eb002fd4a31ec6ce64bd7abfa5257412aba26a8c3686a00039e681a9e45715cf03895f85
0x00e311083c8355f18326e93b72bb069786db23d8175339a17c539fc54fea51e05a3914a4168c6229155f0c690bc2c78bed69947f6d20ea6e2131dfec8d8c8c5f
88381546413195830490356121814345177109849335243162749316048866938595612502926212981848292492799412243073940471444121917248865926738905612439870244913151 1010637325770618686668566433991802668759213181171666880649356955822830022777077548700116882360117713534845716758095419 661462590128796315383543984924227779852271626571242588103046328881196247641457241181299761397451127951395873803761048 -111034817312112707462826719452054900413029 390
0x00b5f5bf0c8d4071cd6ffa06b400203c347b0dff11d195ea42071017d51896de5f7b3f0c2b725eeb38a549b4d0e8fc8580ee51f15e0b416bb318580bf204e4da
0x01085d6d27939d41bad413f6cb383e0fe43556791419eb451fa790aa67ce03b8c114ba085960f5417b277198c6ab6434a3d0486ffedccff887e170aa08afd7de
88381546413195830490356121814345177109849335243162749316048866938595612502926212981848292492799412243073940471444121917248865926738905612439870244913151 467427365491615497095069801545831940106014819395168924319199495497694101875171447818847308923500581862839190196489403 951298914894938800820163824880120043117187608437374342997219024279181765022540341106401149535668487298019625259781468 -25006431939610360253679265962888044702067 390
0x01a3aba61a19520f710988445e55a85e2739044e1c961c72544123da2bab1428e6b2b2de01b0866d3783d8a86337e7da19e8196ffddffb1c53f83adf7409173b
0x0115a83b515e74de976e693f76b65e8680fb347dc8650720650507808a96fff10c45e015364ff5659e1e267f0a68a84316c6bbcbbbbdfa7ff5787bdeb654df91
88381546413195830490356121814345177109849335243162749316048866938595612502926212981848292492799412243073940471444121917248865926738905612439870244913151 73384629933694660944199953095122994499421172160474754388979575154448960326879547230509003750956426622131838749842219 64802244015093713424527157744528402079898962085482261174420127337715846317890230123081655499583068350678809825624628 -44557668658282175406741483150204609887581 390
0x016319958f190473af39e3ac44892326bb8b26f1e80cb0765ea723129f48b1d16210ca866a960d8039bbdd0bb366e7b6be43e604572d1fb4d778950ec1b9c711
0x018482b85cb7c8306b352b252695f8273dd81cffc8ce9e090090efeeb0e7810c80e0ade9727fea85777a8bfd38782dd4cf0ecc3ec9f5cf32f6a8a3bfe875e188
88381546413195830490356121814345177109849335243162749316048866938595612502926212981848292492799412243073940471444121917248865926738905612439870244913151 791944185637488581469469582820838319272646153671752769250708460761407715856997192367058710025664509383628849397726363 1159867759578443853415617246898674563607447557953476037873426510035266069943775834084942309112187179491854471630702852 16683256553388821754040517298032701878483 390
0x01a63e114395eef73e84cde31cdb5d53fd1201df53ecb25ef3f93160ef3307487d568493bd9d49c0146f15fdd24a375538d12b8b32ff475b1e1a561e2d7a6cc9
0x001858a803501771d8ff1733a6cf32bbc46ee8b6c84fb4b7ad4a45654534f3b892dcc3a443dc5c9fdc0324145238ac2beb8f78af481d23fcf4a6cfbb65dc1cc1
88381546413195830490356121814345177109849335243162749316048866938595612502926212981848292492799412243073940471444121917248865926738905612439870244913151 404151061440495708953169511335592233564489012359789237357891924053436809885565787028005563777059630413512904519870817 136963681244606005949882946450875068262286031282271383497015495965081344830487517866632732738840866654642034476582420 -97319089133815705561979883002510752560137 390
0x00c0e21fc6d741b057bf44f8b359442bcb0f6f461b3ebdf4983a1d95b9c391320c64194f740a2af5c2ddce33825da0f3bb1f1ed8bd70f3576829d00a49a52216
0x00978cda2842d8bf8b9d66bf65f9632518bacc61846feb6ce70de565829b2ba10a3c00ffa8f7777fbdee2d109dd22ead34276f829fdccbd302026b618bf70a3a
88381546413195830490356121814345177109849335243162749316048866938595612502926212981848292492799412243073940471444121917248865926738905612439870244913151 574635345709452337877801902212117016400671924444188116913328147375093037615211634077416084949273261789138883200150751 1051939630905035678201768857743967704430515353392708385168799249046310439623930042277114214873021948410340040640974968 -11792928579137025826003334469268214761793 390
0x0162599f93caf74df87b5259e9ec7bb841d6da23c77a44b6c12f8784bc8b9fe52ec4ea233b3abeea36a8edef398527b28d23797b0ab373f448238056525a6d07
0x0154421df9bf0228d0c8698651e4bde8a05b990d2d078946d4c48da8ccf581ecb2b5ff9ba65bef0c608598947327d4b747fa9aae13378b68f0901668ce5351b8
88381546413195830490356121814345177109849335243162749316048866938595612502926212981848292492799412243073940471444121917248865926738905612439870244913151 418825979081961757425569678931978836190458168108058330486963130674048853641994736825228826630391336568599679609358249 539409363603749898274462454024918019949426208567548827753907114363433377335088169355511175183380501159498758996013252 -81689654332244859516930319046067993934511 390
0x005d21c053fba93e68613d7ed3c00e164fa2f54d30183ca9acd77123483468aecbe445cb6f66688dc7bd8bfc75b1e18db5e094b5b43885fed146a7815c548312
0x0043848d46af1a711495ae8d4b11f8c3fb709db49954eaaefa269581c405bc5532b9d2a5e67d03f984aa3de498762465e52a4020bb6ca6a830a2c1ffec671fe0
88381546413195830490356121814345177109849335243162749316048866938595612502926212981848292492799412243073940471444121917248865926738905612439870244913151 595615193471983656747763176354663365233118314168978610623585723174650234910777170266797506341531328069304210901586735 534920466047864432129492446556199698540662836897452250112672204958030916903280863121893732321412398323478337360850268 98705545721089147012380769555338462958521 390
0x015825dcdc99ec7a4de3f3d4366bce2723488a1c8e3297b92b3640283411169a51d328c708605812422ee9c9bc14be411ad758ccb059acd48392159b4dea977b
0x01797b08e965290719f77c9046ecfb253dc6a5eb88fb37108f9438d58b94da68d134d657990c497ccbb5ed00eeadd58275a2c4324cf980e406867dd9dd20c831
88381546413195830490356121814345177109849335243162749316048866938595612502926212981848292492799412243073940471444121917248865926738905612439870244913151 319771099961248000319163336506216415371448995017809254381036433971137424509667198449015100468339849206700674550400705 831047721566134963053179377477857246411493880226426675167629238225935139152084969070665550109907460159116511941221236 12350832244439672304655369482829621099543 390
0x01273d32433301f728f695e62733b639217270bca8c9d3461b420142a96e3e0ccf01bbfbc78f58bfdea3f708739d138ea0bf076a9d2d40545172ca03f4bc7cea
0x00dacdc32168c227195eda4f666a326c1658979a6f90e2765b8d2d10f4323d0573f5ee76a50d1dbd8681f0e39c91d35548ccd8c1f48b19a72d4e8ca1052866c0
88381546413195830490356121814345177109849335243162749316048866938595612502926212981848292492799412243073940471444121917248865926738905612439870244913151 860682428707363147326065769142305060425068671177174485617766819941581765472080753474849566260507241195534965225931699 1003865964591821157806717886356020696050461135893752098871070112090403319951430657313857153662429038421188838951898900 -69090265773193441284841994807982377825685 390
0x0073eed6696d71a268c94f2abcb6c297673699a07b04c5e23cfff081d41b7c18533ae4711b6f64a173c6d55db6e5e920684264965e2dca016ede025595d2d040
0x00fb3250835095a9c03408dd3d2fb2c4103f82a79618ae5e50514470c3691369ecc5e6857c0b65bd59afce45cf84919751543aaf679b70b81cb04c7e649e39dc
88381546413195830490356121814345177109849335243162749316048866938595612502926212981848292492799412243073940471444121917248865926738905612439870244913151 1092685172319836010505276592639735503069430382498383111809211698425358528804307086631936576814243010805114204803804159 1062144566570592524938348188785369333563702850037127948361520682907448032994306939556428823825488017176804932546256232 -70022115217371035129152358655414487764769 390
0x013daff293f33672fe25fc5429acf1cdfc84004af965b55329b7120ce2af925b2b31aea60ef4d2c9707e08329a7c18b38d85ad31c912ea0df97ca002e6e52c6d
0x008ef6181fffa24eacab885c1d0079cd26134387f9429a8eecc51a5dd1bda63bebc251eeb6372906db277f4ea37ae51b0578aca9fc3fd5956c029cf033c0aef4
88381546413195830490356121814345177109849335243162749316048866938595612502926212981848292492799412243073940471444121917248865926738905612439870244913151 260433625827182950648570344813811973930150057680497312793358225602168694011774476365031801302735871366976241256510709 758944281486073419040630626473173175035659838423123801067448766583628528047579798577439228247222802036828327174952888 12091034595714649977632169421635962799979 390
0x010e6695c615562a8ff4a7d934dd208897a3be9f6542d4ce00f55a735cb79ad06ec8628a6e7d92fc3dd1434ad7dcc6c962a7c0f8668296fe22091e92f848d153
0x012c235fd34e89a1eb064ca8e1053edcaa0a6badf358d55b01c2b081a620b7651b12ffb553790279648123eeb66abaf118f9833250d46cbb4dde981ee56732ef
88381546413195830490356121814345177109849335243162749316048866938595612502926212981848292492799412243073940471444121917248865926738905612439870244913151 58553605787844846006561669902428934937275982402290247508780770663243033541222458537824850360465094371050407866095889 267032969235208678014348299952492479868714094592912224141189704848312431520128446464798460787443182999859105262848104 28724070457276652538340901260948057348657 390
0x019230d9fc803f0770a77eeaeca66588487e8ef68876816a3a77edb94646ce826f606046f992f3e8eeb7bed01f168132a84d57c8927dc47adb9a1061ee2fc82b
0x000a90fe5b3707f552a506b9720ae7304dd2b9ef16d4280ae23867ba091d963d6a910e4727bd72e3cf3fe6070047b8a28475ab2cd4214b77e1223a899be22fd6
88381546413195830490356121814345177109849335243162749316048866938595612502926212981848292492799412243073940471444121917248865926738905612439870244913151 1256102036959640101791596411163182494139978112389357083334670453015486021240453474606091321867060781126182139656577485 904862271465260698482386188978835192432724365099937519413302903181090303932040095106509372977554955048763539701440088 -93398691363199307599180144480201554215789 390
0x00634afb5cf160e9bb550056112571bf081a8f2d7ab64fda071cd826fada9923028774e704536fe916ccab74affc9f39b92cf1a4b982ada9f8696135859db7cd
0x016af81b54f243e7a9dc22f1e040eedcdeb1c29763f3356a5fe052bca646d49d757226fd1522d1c0655b858a5d37335b448206f108d73912b5e679dc0247ef1f
88381546413195830490356121814345177109849335243162749316048866938595612502926212981848292492799412243073940471444121917248865926738905612439870244913151 747001784594606377767158747657884306468252873720649470052885964317266936928586650489169976660772162602625247769893121 885734393587159455785049693092235565073573582505476118473368844071675476404312802360896180245244911198984334358040372 -78252371166908488878084273051688254164777 390
0x002536f67399669bda1f1d4f6eae12795f8345a52f89dc3d4828af66f092379c8f5a2cf71eeafe2d18e8473ac14fb319d4e7810e0d7a9595306da9d743ae73d6
0x00379f9b212e5dd59ba119c07f2c8e36c4618d8bd0d42e4c667ad7f7549d2b6c6be8a91493569f2d07e930c2dc80f809d2ec0f0ee5d8b07f9c9e8fb53c5014ac
88381546413195830490356121814345177109849335243162749316048866938595612502926212981848292492799412243073940471444121917248865926738905612439870244913151 588167111632264609227116443926276218886568612642423900813985839351531822697655572369624294012266816885862591810186735 356828314964370527274051153199866842789219195631526716736175786749349248533750751605726701108069787696925631305037776 -106896870512973336800873195312658184498833 390
0x0053576ba2b11735b90dca3bd2b7165f79862b050599118e3ec75a9983c29645313cc68530ce0083a49d5758fe6d96e7cc17b6a70887f2ff764bda8f9edf788b
0x019ceeaec1cd37ab7beda18f02f1b7fda482e78f234a6217e2f34404c22d35ff831827e94cdbf282eba5ed18a137ffb2f578f88c5f55c8838d3eac889752fa87
88381546413195830490356121814345177109849335243162749316048866938595612502926212981848292492799412243073940471444121917248865926738905612439870244913151 638845052312219879672030899023909519297960528906067693795078867153109533455371116327207208444812737873036602109470937 808649122816890106117649162628582767568206637704086545413893732269874540031798118835556265819358664624251957662425488 -78811299063478918983573165829415933004455 390
0x00e7e08d95de5f6ef8f8e4ec91ad9b31361b0b14af65e35817e820be9b0725084d3b075e1b093fae96998832ef74e90fe939fdc66deda216ad2d6b694f501334
0x0177a239feae44d694850f951e5de9946b7669030572cdaa2604ff10199b164eaa712ddb455260d3ccd18e4c22ecb0a9deddca2a89e76e4e3e0b4342c4cf9f02
88381546413195830490356121814345177109849335243162749316048866938595612502926212981848292492799412243073940471444121917248865926738905612439870244913151 559394038310928095162299404690376014662088264000551020637689584490778376815639503743934755211575620281070472427438875 954977272777812614226256559749099506660697256787114540911560479310169257206415529725110108312793188327200322358489680 -45842457257036342699780195855112103300965 390
0x00de9ddea9364fb6859b5b1e32d2257897c8a03abe8f264378636d7ba80d3e8801d965c2ff0bf8b92fdb9afce89de19df94c89b9c528bf645de6fa6e5a84de41
0x00c1647b0f5700b5372f2f1b707272822cf57dcdd0ea67d48430c1a6652534cb77a07dd5adc3e165f7cdba8de9291f1fa8de643c9f973bc1f1824f4731875e53
88381546413195830490356121814345177109849335243162749316048866938595612502926212981848292492799412243073940471444121917248865926738905612439870244913151 386255395154808108030509370787577645929040339410164620314189206638786191985745031248946907293081470549719155839727327 763300049771927582448665973696208903621010562199225890967362294284553586638183657352286642299758088531162340954734112 -52349933592107339758855752113743369571105 390
0x002807bdf220e4457c3fe167a0f1be2f67f9c2577b37e8a5feb944e206d18fb0642581d41d6370692b8097ca1464dbedd448d865392974fb57a5d7f580f4aa83
0x0125bca28c49dc50d4637fad890d0f7cfc3183f5bfa41eb6719e40ef46aafc5c9458a4167fe1a4a315e18337d3778838fd6c40d611b900ac15be7e62b1fd0d6e
88381546413195830490356121814345177109849335243162749316048866938595612502926212981848292492799412243073940471444121917248865926738905612439870244913151 462848078116516930450518442785136412892118555527678130351292184446514886118175698574173359223738612328332850598808955 960964509771457088535960979977600590186128428236435918741722100968915420979268740800602409089936282313151382609891508 18268413519282880044134267665784660473459 390
0x009da474472484a4f316eaacc9058ad1c4941085c9df09cdb1a6efbc86208c12214c50cc9c9307dd6f9814deef62310a7a71c8886cb95a5a1b7d0ec5672a6040
0x018e23ba93b37c1b2f785972e2ecaa40a7c480243a942b480f43db7291852ed6275d6e1ed4c8f2b5d49154a68b5eecf8c9cf3bd2389536d85e31ea57114d0f36
88381546413195830490356121814345177109849335243162749316048866938595612502926212981848292492799412243073940471444121917248865926738905612439870244913151 668353233229952701312614530852792079458550091448793456536888181595357890626019003548013801572081285882936296052770525 525510367920364367669658530382620789427259382040347457870120115691864854071595627779273551376484500172211965526441240 -104359125358831346970393857332842367743875 390
0x00039b24d99e4def4922826424b0012546f4330dd80f34e6b0ab146ddcb3d947393364ae32d06cb793229891ba23f9fe7b2b015cedd30c23be372110b11fcdd1
0x0123e26530e70f256fd91e4a02a29e548da1d11a520b1c815e14fce5f7c36510f23b2ec6dbc55490e92110a3dba08b05bf89f5dd7bb866d1250c8b7d0953844f
88381546413195830490356121814345177109849335243162749316048866938595612502926212981848292492799412243073940471444121917248865926738905612439870244913151 631652854437504466480853588570086568041601802422324849034217069727786266932048887779651458958239241868822059820245875 67891966124037625681211757848368030543057034145232721120128986985229695566209942653483054483328031703665608353683752 116000009933901483617659323477587486825939 390
0x004f72e71dd28a286a2ea8100348a6f2a829fbfd382432583c36935135fbe748c37fab0a5f1054acd3d5f999ad9a55caa15705e543d62d85f9bb35bd2fc904c8
0x01465a34b1d306093a7866e0e601183c0b80bb6ffa646d4cac4083a23d035a3b80e8c0bebca4f84ba1bc88a9586f17659f971279d7927f4022786301171cd9c2
88381546413195830490356121814345177109849335243162749316048866938595612502926212981848292492799412243073940471444121917248865926738905612439870244913151 1122998264652679811649600039919934350980109224294982680383944862005431865132523848812355162281023730067904484177086209 1110705441595764480166638769218248774960557002698110321220032188883677955593250728174740680734947360202654582001461028 61759213369865814336047027820155796844649 390
0x01941b8ede769465ab033ed6d2d45f3b32dbc76d16fc934f8b462857dd66a5c17f856ad81577ea801273432661bcbf1f6cdc32498bc248c4fea6ad400ba0ee5b
0x00e0f27302ca929095fcbab5f66a6b5302d77770a093175be67b0d8c921bae9807ad2f9d4344ea6293dc96ee5827c2c6eb17257a4a90e5c4434ef731bf7acff4
88381546413195830490356121814345177109849335243162749316048866938595612502926212981848292492799412243073940471444121917248865926738905612439870244913151 351902696213524321397031419554720468826551625572393025977530917298734498111758015302322105541800397940662828315035509 738467618270005826129231185493613394545346916571866372669675441703970128790124082890405334177921332897555153807425828 49691202199270025166224242712532255624899 390
0x0017d891c6ccaf734fba187b54c76ed6de725d5703a1f8005040570d3f8cba2c526be26b4867b70c3fac20bf3040c7f757721d7ebd96f0b75ee644da3b8e6392
0x013af01376f702ae280b02838c3609eb246c44400269016a26ddf0119b45489f85c40cbd9a846423dc8f17798dfdb0565294373f062a7894bad31c0e61bb5cdb
88381546413195830490356121814345177109849335243162749316048866938595612502926212981848292492799412243073940471444121917248865926738905612439870244913151 216441120833168763654307838195427435890934468303655357959524551494188812959531301734948832628743985447928737032745839 96495220934602295003704313363218844412210436457835690616950642512266076008210958526229423523089014065395138121485412 -74432230245954577807943871530831850224761 390
0x0132a4b021b6a53f1d1e482246b1ff5db59a35889aa84fbf60c4f5ff14797293b45d410ee73a09486db47a905c48854734595b221806b769806040fbfe29d8da
0x00254334a6692395dce99f07490fd48bab1223f08c72c60e1a3d6e8845cb0ebb69111fa279c7ab27e4a0296f0000d914c24874aa43d5cff6cd62d43b2f1881ec
88381546413195830490356121814345177109849335243162749316048866938595612502926212981848292492799412243073940471444121917248865926738905612439870244913151 731094945383197106177300075766933641590905238444591201733157010834942644818202096855520994426769558128697848228139519 647906907519421233871248643065885209883149437122644640929734134861853472062790990219660840843597255086287974039103632 -100312035436637842641209669062950174111361 390
0x00e4a5e8b09d3025f615149eaa3a8a52673003e09e9fe56e3cbbdb3cb934adeb63a4f0c9a87d96498ec546622c0dc1c0b82cecfd08689d2878d0b3d7def1394c
0x00f9676e9925068d44b8b32a299dff0826471e5b7aeb380c24d70558ad4d8d9122a294a33e476c8f05a21c725f237f4e1f9aaa4867d19377d18a491957f55f99
88381546413195830490356121814345177109849335243162749316048866938595612502926212981848292492799412243073940471444121917248865926738905612439870244913151 673118413211545633691433029600671621899715096364791127734039573762661970902205831864905654848520473729743967864793939 164777048919271104832758445145171147768471581051794837131710101628789523412231341060034362316417616451473247105138288 117353744721408661921532053103879093247789 390
0x0020edca164e9868abe8794d0c3be1c737526453f5d935fa8cc827d6d4131456152c31898722b172713a3ebeee51ff142f64935aeddbe5671d24948bfbfae05c
0x013cbc1972a1befb3417f90c563390549d3dd1813065495bb164ebebb49363f63e5db686e437847e12b3ad6e87862e949854f474a3cf9c2de02f6e5c3927d3df
88381546413195830490356121814345177109849335243162749316048866938595612502926212981848292492799412243073940471444121917248865926738905612439870244913151 488407821008842889528344430137125501715022718422248420956784004387273223203834954229859942501284605899555261786189349 567252101108681175869401228636362207948288686186632960958874315044094293199378198742890067643117306550162391390867700 -87152989500845401558298300303753490996525 390
0x0049f71f4197ea4e12e5790ae0536a208124c3a5bd5d389b0c5708caaedb44c4af4c9e1845748413a2ae90b30faee79ad136b07eacf7a3a83808de6ef95a9841
0x01a40151222e2795a170b0925bdb591bffab7912db93f198bed590e547422cec07ef5f109adb97ed9dbe906cebd098c2c0dc64c3f2c6cb0a830cf9d2dfdedcca
88381546413195830490356121814345177109849335243162749316048866938595612502926212981848292492799412243073940471444121917248865926738905612439870244913151 1034147797912724147500515925940082997633017627359282475538796724791719172570029462160028774228015868760174898425408691 388312070865721774947680789831213247578638880400603408496678435250621512367711006279609824800953986612676583378495908 -125299715686425613911012695324550407534933 390
0x009b7c8d8829d71785ce95a3f327a6561e722e607aa089b5ab43ab850a08e56bc9f6a2ce6506ffaa6436897694c85746cac6b25e80e5b3266fb9601caaea4bf7
0x0096b564d24ddbba76a9e9f38aca36685efb5ace2efa9d7bafcb3c221922c936f0938be2377db663fb5c013292db6c584c18357ef578681efca5b968d8e171f4
88381546413195830490356121814345177109849335243162749316048866938595612502926212981848292492799412243073940471444121917248865926738905612439870244913151 518875162503591742437126766103495783758317582204559846066963543021234791061192295088875396049996414230655261082383199 614819316592267934243024020545749674420799083862933108169111803977598037169042326892284467244862842832147104040466732 -86495760499342737698143968754752900045751 390
0x010aa516d30bf6513bf6420a14eba823cfb3cb57b3d9e629865b6708fd4729156160fe28fdaf950ded8752f694adc01f8db4a11bccc12674b69f1be000c56171
0x00bb1c8c82d0f8b166bfa107b497e7f17415d2fc1509041b7c332d1188e9463b6796414cc4e41d0e1d5748ae6ed854f8a3e24b2d977d2462215323c02f5fa5ae
88381546413195830490356121814345177109849335243162749316048866938595612502926212981848292492799412243073940471444121917248865926738905612439870244913151 1156135770608595539772304315496081182354978458202068023080803490313660684375906914403316876942433370830313941467560899 1075582947856486391747405438936251557502575732784179934973141468896059479625814140144262111898394768444132442185783164 -69093999705250284808689101428374587988923 390
0x0004fd0d2b7d0426482f3d975dd21a4758f75abb6e8b06eeeae5c3fb8b32d7630e8d0d3df7e6de70bc5f6bc3a89e2d608c2e666352ed00e2f19f8b537f19e508
0x0050a48a4ada38f3fcdb1f14e99e77a2b9cdcba7a903f4530f8a7ba678e2340565834390807c59b92d2ca2a03557abfcbf4e9ef7a506faea333b95683b414f7a
88381546413195830490356121814345177109849335243162749316048866938595612502926212981848292492799412243073940471444121917248865926738905612439870244913151 879845716166842863708666729647434883587181691951448769251686038866887966400563919258573426536669163591799534962064685 104666805618198820154696492016302694352162053587327364754581519575155594566509070171181153994797509016689512001157428 -127362188878355040865247457561380678385141 390
0x008dc834c23b52024a78a87b5df4adbb9202dcbf4bf85f3654574bbaa33f16817556f7bcd81caf631cc2d3b6f084c9da2ca131459ceed5817f6c6163d5de0e90
0x016c71a341111e58d9622127c76a0bb2524c467ff027354870fdf246fd70632e8c3783d454ed2570290bc770016133ac76a9195f0407714edf564f3a391b82c1
88381546413195830490356121814345177109849335243162749316048866938595612502926212981848292492799412243073940471444121917248865926738905612439870244913151 207247591555130783027603215298403122913012869810368403297243156801435401599842652317413425737897711391060972813828425 575698287092872799017400324651997804289878523417747074681817504895508579048091278843354815657647223386017128302922324 40954809953188436845430057901187391492943 390
0x016a3b1f411dc5aeaac755fd68af5a0b828e8dff457182fe3487a60b59b9ddad1cd45f3ea9af9af0a7d56587082f7dd52fa2509f588dbf8c7722406d2b26ddcc
0x0163793de7cf10df212d5a414163ef973d9fec569363c726723b64700f2a143706e4aac7adcffbc4b95e6f458bb9e5a2c864e04e1edee2c431185c1f51f468ec
88381546413195830490356121814345177109849335243162749316048866938595612502926212981848292492799412243073940471444121917248865926738905612439870244913151 404572821295574651783150772045055881780831959785219724844052663625303851199532686186737220565327260539039273168755261 488814758140206730170612072171622581012936270078205881748740620368422083213240004018353787199565618264717043907724492 -83593817613568402246863489953416114472827 390
0x00f75183afe3264c051d7ab780f8a81a54e18a2686d3d7e2cb7e87afcce51d9c57708cee0aa30e9becafb803653c6cf63e89328704c0e07864f5971f06a41de5
0x0129aabcdeb587ab04bd45d6957dcc1422b916ae4e084c6bf0898e5471d8be1224c9184f56c9c609635b105065ddfdaf532f12f4050df29a98070341780627f6
88381546413195830490356121814345177109849335243162749316048866938595612502926212981848292492799412243073940471444121917248865926738905612439870244913151 146976720694061140636388136802353441307703631595821024537437218360646065543155675777599165513389773927031086197301609 590764733782184936914779757132303729085583650320235151928026795489801349674745743653552394767169460594164987200710472 584968351237704092476834264800196338551 390
0x008c087e0c5da3e87f9b358e4a0de65f94dac9e57fa865023bb3a60e7e81d7348617d29c9dbb6c2962afbc6122666177f5b0c0d63095a5c653bc6bcd061862f3
0x00e70c73e36e3d5bfc3286559f2d97d16b6af57bb70d07a536a44a7091918dd79d2869ac1fd9ff61a832c02bc99b6e75e52509b9e538bb25ba4af6a5d1615d38
88381546413195830490356121814345177109849335243162749316048866938595612502926212981848292492799412243073940471444121917248865926738905612439870244913151 310388991011069389667068360375457959896052080164969571994147599383177533502576976581511683356908952698005235215885205 643349064298296519051195246001563456632642010921736567506077443137964053700985260452945370204754849194079436326579152 55524471811101586320881939965173785220629 390
0x0178835fa15a419acce90cb49a2500a80ef433f334bd16d72b7f47db37e91516249da20d2028f80a3b53f085cb4b9116cc648fa0b2099bf24f0520c4830c398c
0x00ed064b6c402e556bd0657088fc88b05527436e35d1416d1a4ac767e00570d16aa87b5fd89cd6723805ee289fbc904c8b5d7c86523997b1a2c9fa381c9f393e
88381546413195830490356121814345177109849335243162749316048866938595612502926212981848292492799412243073940471444121917248865926738905612439870244913151 263993537452139090001741479663292539454966986248670113324356447112522154611656963481692210328459441663392883598750955 516382646424191505345498468888227096397659967450699454523680265303052712850674944298218941573720366271263355739993552 61047154328036914661352390483784739070571 390
0x01145d9cb96cff1a11bcf9f28c2000945a5491d755b38cc4fed638fb03b628dba4f9538f5ba1e87431eb94ac42e7e0246085cba4da544a35e9beceee0d31ca16
0x00765aa2beb66bf0d68348b2a7bc31a94528a0cf9c8f01310acdb0aba6128cd6ef8f06c612dd2e3718b2a87db07906ba0c3dd608f720b603e29d427e9335a231
88381546413195830490356121814345177109849335243162749316048866938595612502926212981848292492799412243073940471444121917248865926738905612439870244913151 503694105589607034583768813920545433362387275511522756883409051886571979234338090635640601808342478544831535175154309 573546279021557709711760620772700365816358222861534473484022488450847884221088316800474244523747754354899143390716872 -88198420944323124335192286018868504152101 390
0x00bc2857708599b41b2ea6f20eaa8f01bc3acdb8b192cd7ec24b51ec7f683a0aa7dcfd253beb65f8a40486065c555ef767f7700c6d5765cabbb945a526b71391
0x00158c9b4542f7df85b18a97c5504f7a4e979baf2e39f665d91133eff66ee19c564dbfe9b66219b7f984aaad60292c54f4177d423e28aaa70a8b931f418a442e
88381546413195830490356121814345177109849335243162749316048866938595612502926212981848292492799412243073940471444121917248865926738905612439870244913151 308664121341741328989580879165655375970145724026252559560699973898537091699845456583622311496453831684382795687159909 192413016445189716899252256095898899383169529117400080445828708528886110591197539517689460988901911755935193683430168 85498648288904761718108217406561544724219 390
0x01933627123020639d23ec227ed7e896adc422a120fbd2eb86bd972cde5158d2bddcbc4b29f8c28b95bbf92f2b2f43208bda5f6877725a4cdeb799cf90258e2b
0x00b0882aacfc865981da6c559474e9485444b47788c9f0a478896f47a1e53ad7d05c1d6d24737c8ce731f5360d33546685f608a7dde2e17986568f9025c7c8af
88381546413195830490356121814345177109849335243162749316048866938595612502926212981848292492799412243073940471444121917248865926738905612439870244913151 319408189502478009924519850792614738439676477954870925913158432214541713456704157636091355293186552099072833854310439 838396945356603880695769088747731461803115450927775571129359188449062329223989729512402632335008040850977208893989576 2448063814499791272874722024909379362567 390
0x00a6ff64b9d7c124dd4ee5091bea839b0b702d317d08e2969a3a0da32a816115b85d22af05ff0dc43b0ca3dc68d6f7ec1c5757415723f2fc42390887fb468cf1
0x009990cb4cc2af3d5ee34fe61cfd21ac05cf61a63fb7de6950a8bb65b1a44a5a9e5bcf0487732ba8e40f2da747ba5aafa07f08f00aa6465a1561ec7ba0bc3fe0
88381546413195830490356121814345177109849335243162749316048866938595612502926212981848292492799412243073940471444121917248865926738905612439870244913151 102386977323623327549309198132768278590643758335409358158422376759932026914547909020093680150436992672379841430707375 431999199332747849904527773177232658681536524173833501642080234030872083302354259736871803114820597168245011235302320 26289912810669371182479926769365927794735 390
0x002d16cc1d00f446d89b15f6574a62faae1359f0dfcdedc30e8133aaf3f72dbc4d37104ed6a4c66000c72eec66502c8db4445f550381dddddbf28dd533259f4b
0x018dc5fb6751a95d0301d2b30c975f4dae472bea7dc9b166a9b39f3dc4b7f317bb6176b727afd3016a64c5055270b01c9bc4df66c3ff57f48f82298ba48c7905
88381546413195830490356121814345177109849335243162749316048866938595612502926212981848292492799412243073940471444121917248865926738905612439870244913151 917609897640930368281652842721097868606394867192337007634420139830553626538748112464003686128684015829763156836800343 249612584669653564657738243347506008956357016998588563789070225223668834178275892299376234793521166415792346803489932 126291647677602364953172158024292958231953 390
0x002828f279dbabd20e28f74b65f3479e1b5592248b464c2797cef8163c9ec4065d954be45cae040dbb49e9fb58bb1ce90cdbb9ffa65d975b97f55b15419f349b
0x017586ff747da1113fbaee311f128b6897e3e75e031adff40e20fe882b336fb13b42e671acf6c81c3c2d2d06de3227419704267f0e7d27f8666ecda748a51666
88381546413195830490356121814345177109849335243162749316048866938595612502926212981848292492799412243073940471444121917248865926738905612439870244913151 979337117515463880735155201893139260885413901259612884849039763811802218230794657831271679133970915710664404636696999 1228796061473359157095529199226655332273815292835457763032754656230572352543873435008787478926781707778636313916465092 -2564529149826675261008162114054416778369 390
0x00dd4b19ec3d1d3b7b4238ce402bafe033b5efc86ab46343ced8585f261119910fb63141101dec232757fe9bb82f828698cd02cb0a5134e4dd1fa4484fbe982f
0x0075d5fb5eb1905ac383f24230442173e1a5e56a5ed4dacff3ecaf68b007bfcd00b6a058facadd27291d4b489ca0bda49d6d67026c50f70d4360f4a09124a77d
88381546413195830490356121814345177109849335243162749316048866938595612502926212981848292492799412243073940471444121917248865926738905612439870244913151 1026555349246365589131756506138792665421711560229879360201793564917748752632552134414412511538020203208879118057155699 807496934264572032264639183348291437112543712309607449307578058157415266374914997137207128502613273700159539929706588 -99944040922563201547485884149203634927509 390
0x010079745c0b4d756b1ffc63d7e61bcdaaeea276374796d809a7789dcd8b741dd6f3976ca080a02c0a9d24cb74edd9b8c833a6ca34325a9d72a0d5b7f1010b1b
0x003c24928ae87eaecd247657abe1dac85fb968db88a36704e35660f35b11a0927913ed6af48b1c029c4520b0e7451a428cc8fd6baf13f9a4d3ee88a5bb725127
88381546413195830490356121814345177109849335243162749316048866938595612502926212981848292492799412243073940471444121917248865926738905612439870244913151 930490375575538470520890892340342010738641513488551731684834429859562087155127317650640049509013884792701330460384665 492050695727483514055403795258085274434353628228661741145782012081547861220038169565598403698574304556783034304059028 -118377816250012680458028551725518753577599 390
0x0128b265b1cfdeb407941f33068d0d312f4273825bd41e7224492a713566464ddfc8184502ed6a7db35be9df9f14f862c8bafda406412081ca620b431799bb02
0x0018c74498db771a8941f5e0c3a47fdaa9ffecab914789fef6cc7c57eb6b13de4f5ea8fccdab6356888a0b53337dcc57b522480240b8768b73199e53984081c2
88381546413195830490356121814345177109849335243162749316048866938595612502926212981848292492799412243073940471444121917248865926738905612439870244913151 956108858902120625346128845002289519029530932466024046489406743996624761766549372689822503341516036088924974490820419 138917797590083653112454363519977051572026719239666089064821188789588585987598315631463136418814394234483460107690552 129299936787669034380524644259285833250979 390
0x002487496a2023bf085b41e8f966753ab65dec55c982d3cf4e4281a8a2949b8dc5eaf7f9e0bf861a1ca8f592149440f8de2a422e02a0e91fe64f25a31b010ba4
0x006367b2d797340e63409690f85967a98e41978a6cf93afff200af17dd1eb3b47bb28576142534db7ea4c7f5ef0c4aa2b7bfa325c6ffd5e1df481a6cd2ea958d
88381546413195830490356121814345177109849335243162749316048866938595612502926212981848292492799412243073940471444121917248865926738905612439870244913151 97006127449471412593299739328827273221324152467717606856424240787327785327967996231419685619876534013507736792786325 483139406063913650528981828212683710070365623752783965476789658749330046451576145712109568002115020928920682917197324 4499378234934943681803545523627208739043 390
0x01030cd141be789f55900328d8d434eac3488d9e3bc4170c73fa664880ace2a391f4465bf4554346000b3c36c75d8cf5a3f3b9791e84e8f6cb08f74312923abd
0x016c0cc2da6ba10a4c9c5c05b1088f3eb0b1b2e835168e175f34f06a274bf426b6cc89dd9cf4aaca5ee3666c0324e5964545c2ba5d9677e94c55510a98b11b85
88381546413195830490356121814345177109849335243162749316048866938595612502926212981848292492799412243073940471444121917248865926738905612439870244913151 828503352753420433958277048355160181014408465155505893935080941249483581155560876179030241096914384800407022390352499 1098395036150848747737871642182309807989348904019367310211396753155611695378691479238450350685931962603981631242876500 -47136555680615216459143213162378742963755 390
0x00ee1ba7d9c765d3ef3e736cbfafd790c13ff83b238df7ca684ab64b0693f9f7abbb1a43cf67dc517dd2624cbcce22ce43661e71350f3472c53157a462352c6e
0x0074b6e5ad2960f04cd4a3441d70b6b559d6b207beecf16d33423f6596926db86f83fa32530832906cfef1173bd678e60be7366daf1292ab7e925dbf1a4c6fa2
88381546413195830490356121814345177109849335243162749316048866938595612502926212981848292492799412243073940471444121917248865926738905612439870244913151 335751653648939598252090180190716626844722193582256229376825602595940188581784301194212054411207723042215319053323337 851831498780147997912266477897745518494325298988157840360949575488908544941214985601228948554062844686435259660281888 -9707336688193033234661850906501766692425 390
0x012319110fab92f7acd1e3885f1736a609d0113814c51c9f47d19851c98758bf59f5fccb9485b212c57d7308962192dd62b89cc16a76a63a76b973501e3eeb3a
0x00efbccc1082657ad64e94433ca5071dd721dd3861098e66be534b063c8dda8b164d991a667ac587895ee42fc1a6f8b8772df9396002fe41a8b1b2dd78cafa46
88381546413195830490356121814345177109849335243162749316048866938595612502926212981848292492799412243073940471444121917248865926738905612439870244913151 1041820071572005854353823980373389751758411849003150889449870462855614912347874031649844127833794771103410004345434501 340550023419488701434479281331058344242165701567150520447440206175314849846897201047372970896288617059446228885459728 -127014160988494288335603945893196012070917 390
0x01597b70efb1c244ac535e983c25331e7794303322c3aa6178a4c2d5114a9fdf4d03bb6805082b4871e16f8f7b825e9d03328c0c8d573a37fe54be47424f5683
0x00e8697ed9ef0367dc218dab93fae67927ba3beb9c65e62b87cacaec1ac712ef5a5ad2a22f6b920b71fb4294e14c6e1aea7835c72896ba11c232d345958897be
88381546413195830490356121814345177109849335243162749316048866938595612502926212981848292492799412243073940471444121917248865926738905612439870244913151 390211436808573141822328790933322500870072533618131720181670163161496574167104512490480595385100825889773237548868647 911974947625723192535520907407474454245542310451309102242637796864561432408014395589316795946332022507084563578742920 705501474837504412748648066108439758087 390
0x001137a1de7be2c741b5f7b53a27ae561d9d1f16c9ab0ba46b352d50dc99b18f6d757d8f259abdc56b59f8e03fa8ff7a87dc843dcf651331a2a39242c5383348
0x0184d8cdb1ec8b7aadd32f7b1a312e47db9fdeba9d82f9283147e494f4cebc34eb3b02ee5f75c538d593c18bade30ac8bba1731e236e50e71dac419ae1acb42c
88381546413195830490356121814345177109849335243162749316048866938595612502926212981848292492799412243073940471444121917248865926738905612439870244913151 374103968904298035150881486473751730831498968656829195873791002878770491838434312742469552413835768812610897672361105 376436971150056559578308405109397528675070254845600227154882745416734990905451358350676282411595269622942085675771428 -86528589323260212166224531915328295637881 390
0x01a550e3fc92134c98b68072186d9fb28964c50903a1dfd2e4dc9bafd75f19cab99f291d40bf4f091f7a5d9367bda7d3fc427bce5f142dbc0ad787929de0c734
0x006d94091c8fc572177c9d2189287ca0c82a3a339da285cd424864842d08fb0e353ece82ea2b39d593fa1804e564d507a25eeddba1f1330c8dcd0a6e75d2e2fc
88381546413195830490356121814345177109849335243162749316048866938595612502926212981848292492799412243073940471444121917248865926738905612439870244913151 285246722438415983018537878244813820326139635515089379165906177990056201905265985629814096796171757036963999712868025 549847827500990592711685009753312823121969753045720791190341557886007394713289060751231392273541522639399061950683760 61622712509763088207369557216303964672825 390
0x012980cea49866b139b36b8430ae5d5a22cb3830cf9b12a9a43add8e92a5e3a04c8e7a3fff192b4fc49ef1db548736fd1375eda16e11382e4fec75080b18c743
0x00da018d5ff9e35625b7166c69938a000021deefba6049e51dd5ba63b2aeadd63b0fd5ccdbfdd4f9eb6f8ac80dbfb67bfb637702fcbb1c9e5030e737b73b696c
88381546413195830490356121814345177109849335243162749316048866938595612502926212981848292492799412243073940471444121917248865926738905612439870244913151 521028049277946705044506826693694865788815974282794213943539639148131289048862329904131200228131599866950371406668209 534899528551329791952055400936984526437004658556437123637859182578259126224845796634159042887815687166593581278062056 -92505436158939441716332591847109233751343 390
0x00ac6042072aa1b37978cf4726cf7ccd52e60bfbbb710731ce5f284ebd3ab3d2b0ba5e9f914b97964ccaf0824e36284b32a1bf0a652119b4fb4e1c76427e53f3
0x0186b74004ac78c118a7adc898efb6c8a2e7c576870a9e94570a644ddea3c6c7f448880cd4b1d39ab5801b4d9a2eadace052ddbbeced296f24bc425ad2aa05af
88381546413195830490356121814345177109849335243162749316048866938595612502926212981848292492799412243073940471444121917248865926738905612439870244913151 374271533220307399254047134400136614674545266371950100378620720676324514836488610941324716297807526654862907898037789 796023062590073171829843189376155125714388418557646690355998442026585363012078151668294943162921541639964360753133488 43867701171879453645076699993646463253661 390
0x0027c68bed9e140c04a7dc3695749c3efd600ebf4815fe8e1a43fffb31ae79e75bdbdfac7685fae3a659bbb98c6391dd79ae13c276cc143e0f56834e09e24559
0x0104448a11ad97ed9569d474fccf4ef5875065a4aa5c157a97b3afb1f946791672ea9c70c9048bfaf07f1857807a266d1ef5755f706d61773e4f2372bd53d0fb
88381546413195830490356121814345177109849335243162749316048866938595612502926212981848292492799412243073940471444121917248865926738905612439870244913151 800869446176405787273933924142470277807387674127441439748750664526205227820407318610275055407772715036820591818249097 776047834829857919333112900543551759727040554687751682276625396206290623343005677033251307388777182319920266708752388 -93698220887880203376747283201363673520945 390
0x00d719f7de22488761795ee25f02553c2d00810c172dbe9bbef213ac1b4276870030205eebe0e710887b5e916725d9542734538207e0aa17e8428cc646ccfd86
0x01238b43a39bc370b9d91337a8bbc0242c53a62209393463978a5020eb677672106985e4e249ef1eb632830d71906194471db0cef79ece906b028a7e721f744c
88381546413195830490356121814345177109849335243162749316048866938595612502926212981848292492799412243073940471444121917248865926738905612439870244913151 657939831499209867823794488667131721867435190963413588308751906259006730519973590178896330742146386188015487346523299 914318200507433566896772152769577717765757147629890830512545971341745002811003321819051377383403104993340147160056188 -66452144148576592601683893318268755793509 390
0x017770c07d0366e900aa9749e6421bed9a90ef3c37beac14292cc4ad8e08b9af2530ba785d2d29faf2b77aaa08fe2df4ee48b98026d519b6b447bc659694df36
0x00fd22916ef07f7c11f641c7fa35edc13aa13bc140799bc54d4787de74764575b86b5a7ddfa84d5fed4636d7304e4a66d32b749b1412e8e15045fccb8ff619e9
88381546413195830490356121814345177109849335243162749316048866938595612502926212981848292492799412243073940471444121917248865926738905612439870244913151 956526463937685499589624928230721800332615513558718866033716333260280715850432411129999281401073970280003175530112587 1179227473468812766335265392143746898937557119434592366279711673844131737043128307208491589595782498678981127015315840 34726124490110168064156315805143041279563 390
0x00035dfda81ab02dfd8c1e42fe5330559984a086a1cc18e70636ddac8e386e67064d97d9bb838ef4eddd6e19fe77a6476067dea742ea827789df8a15ceb34b83
0x010d01ca28e7cf119b30505ebe5f761ebc730cc57f6d0fc24ce08c93b8ec87d804796f9cb474dd4f79c329ada1c184a4c26b3e320d35c5462090bb2f5d96c0ed
88381546413195830490356121814345177109849335243162749316048866938595612502926212981848292492799412243073940471444121917248865926738905612439870244913151 579770421598249501421547105863350727480425002934263839894304265965653168455117975032284198537333096280246238173434189 286736280725852502245183367324271240004374036848364587024575277243801631364885931703453655599049327639086429772652956 108667891052868646631280426365182202367573 390
0x0033aa7a780d8eb192c4bbb9f7de599e5dc13c2ca27ff0e3bb68946f8bc8b2b17da97904b58cf97f776531f24c30e11478fb988e2b82894bcccd8f4dd4ca0dd2
0x00aee675f1aa688295a18c2b6ffae40514fffb7d70b5456046dea218869a10bce657f6e43a0316cfc03db2486878df38df8479f1c93acf5c6fd2c5df0d6bb940
88381546413195830490356121814345177109849335243162749316048866938595612502926212981848292492799412243073940471444121917248865926738905612439870244913151 380679274984230316134426517094856039901932744743230938707766399855504945234081919088775717223649840497557432181737925 821706330884789537727524190722873132834357025700921076812330142634345100258605434408135011906812580602600275600953440 39778932863212867905047140006076739275835 390
0x00d0bb6f6a6e25fa42f8496b6026bfba08170c1ed9c8334edc9852094be184dcc825c29526e80b69387a385b259ed2a17659ce0174f57144130e82d55bb97efa
0x00da7b46bf5a66552cd7ad5a373d977cec2713d88da4199f85325412f2139a58eccef826323caffc5df573f93ddedf5e6df1a3993441a6493c6ee173f4078a57
88381546413195830490356121814345177109849335243162749316048866938595612502926212981848292492799412243073940471444121917248865926738905612439870244913151 732783033127599097852368946876461737185955549411830066650661629265765850684062853414890338939221913682283832042418249 541210419492460307855318416220222148115649066352369257521916914667503018689185372492313647446415273492147578812545420 -107323075719766153978266572693348969957425 390
0x006154d6efbdf55db32df510d08bbd35248ba28b169b5cf9b49086b44851cf341c53e0fbb555ad47b942ae52f699ecd71027a8e8bfcbc15b8ecc5d69d753c7b8
0x00ea845a3a3cf13aea1db5ff985c481a377124a9b3896b15456c8abe89304797e3262c3cf4c39321dc6e0d876ee04242781054363483cb363deea75d0e174a06
88381546413195830490356121814345177109849335243162749316048866938595612502926212981848292492799412243073940471444121917248865926738905612439870244913151 749709091335681804984667087103285706539951921744095791796549171380817517770756234306873969674261265598346691718965049 833726911237575486838604898821421359016019046618181236642063788606987310404529402000362013489496989834799560771111240 84655989435646037662826686411006313445465 390
0x00d1464334b19a4041e048b53410d620de0fb564773416745a41bbbc0e9a6f341594f6e0eee8bd2408231572b178b8aa18f43d05e66d755c5df2de45a4590d5a
0x006025c9e5f323c232c70dcf170c70a621519eb3b2a505474ec9c6a763aa4fc5ae25fbee98af37e65e404f44934bf67d2003a8e812fb6f5d672d97f43af85d20
88381546413195830490356121814345177109849335243162749316048866938595612502926212981848292492799412243073940471444121917248865926738905612439870244913151 400443191478025054778581174537857078720513170473373126195019024618814537682768455850174804783702137949987544475538655 307199808113052196677246278328194451390407368001016094369900539188891544414426249111716158204827549894337792722953728 -92430734282770448883310283407417935172831 390
0x017b684da4babd24028856ee5de02ab051b368c77e28fc5a4d26d3476c601b8b383402fead6102d8246b5aad53a013f8afa5160fadfc4713e7e1e4342a89b7ef
0x019ea11e901c07acd73755594d197a5a016d85e9c0f7e7832222618504b91a30103d857de56391f949a8644342a8a5ff9a2fcf7903b5406cd0a845e1c1a71034
88381546413195830490356121814345177109849335243162749316048866938595612502926212981848292492799412243073940471444121917248865926738905612439870244913151 746890993653238711236996951787567049989482954901449941014194522119902561071872559755400559725759981966203792663577783 1092675680179928745639424475413349795213189127910106901435227325698426147486405084061220673427344230493192955220008992 -38597795717285920189234112540339627430583 390
0x0150579b5a80d7afc2a83730d918108c0928dc1bd3890903170ea66158bac538f0564ccd6468005ad4d9025413f6ca0d481acc3b666cbf17bb6d6480f2be2faa
0x008ab4165a5d3943469556b23dfc7759c40d26dd075eb8055285784d4bc8d6825effb7b36547bab8eb1539c59f8d1e1fbc6279dfb896dbdba5946fe8571f3411
88381546413195830490356121814345177109849335243162749316048866938595612502926212981848292492799412243073940471444121917248865926738905612439870244913151 844037909509929147373305242791137676186425200561486117894450341345672990244489324075496085298638819389512604469756893 1171348951760000774708032282276615936816372220537245870099320637009924962842787158643302760927911672621580236054808152 22306276804650732017806110683692088853373 390
0x012b59f59853145a4ef5e894a19a3ff73b9ecdbe79eb587c811c082f35b4fc91797997df4ca7029bb69c56ecf6fc92dd17d78511a84bbf5c8d6e852a911bcd32
0x016c028d7f4035b4e80366a8c146e0a339bde5addb7023449cc0ba900f6c6e5e8dfbc2240f9ab655fb101ac28e0ae9188a237ea05eb0b78708988a64cd5c98e8
88381546413195830490356121814345177109849335243162749316048866938595612502926212981848292492799412243073940471444121917248865926738905612439870244913151 605867795236428637444010239358293307184687358734795394893274437523077320075194078195734236686729319255629198023723319 166962816450244882820227277467022890606795699448834780254988004496717874708398850609679627424015899481754467934293952 -113216956061890200531254429116334430241079 390
0x00a302ac3bd1cd34b2ed8fd53d38db01ad78bab5db0e3a340959161ffb9a6e05bc83f8f3b8f64ee6debe00e48f1b799d4408469060de3de4c2a9e3a369403254
0x0165f55036f9d213ff49c8ded63a13adb39f9b19ae0f5d85ef839982f0b477e2af02137be0ccca46c69f3da4e2f4c32a903753aa40d3c260ce523899a2fde48e
88381546413195830490356121814345177109849335243162749316048866938595612502926212981848292492799412243073940471444121917248865926738905612439870244913151 1046691348837121908099337173282945585977697253320181324571112156856254043395354737624429376147835666713624454547455019 795152983606678013441711358442306583608001561957713297606667974354756339424727632071364587705386508736690883985254608 -101561930556370570116587192497482324089259 390
0x01abb6babb829c76e54aea4e78de0c4270b98713275c9145aa3317e184a218c69fdb4b02f064bf2b55e9a28e79fd743e3e82496cce923290ab6ba10e800700e0
0x016225b5d554fb1aeadf67468f42be61a53e04d79e42224482b558459516c2b96cb49753df88a2b3e149a15529ef388a513b6b1fa7d3b56e43c53bb845cd70d7
88381546413195830490356121814345177109849335243162749316048866938595612502926212981848292492799412243073940471444121917248865926738905612439870244913151 515916741466801982785765215078779436045927564816525392382039261767334973792307045966398887526653560117872431868829235 676143836519700360446482575989038403780237729275157806859948811248691031220776266667997916305206160275071915854789332 -80845499401812180100097853794518482606571 390
0x01261a965026ca95d5d703dba6359bdf610694792c34a36b448393627273d06065515b83342112f026588b2bf209e8650e92763afe44059b948accb490e03b83
0x00071c9f73e55eb99b7f14aa1818ad34f93c49ed0e2c68632c0c6b5d158382370b3b1e0572063faadc8e6b2e2d0d6582aca4d3f7be385625fc117d5185ccdd1c
88381546413195830490356121814345177109849335243162749316048866938595612502926212981848292492799412243073940471444121917248865926738905612439870244913151 140327898861230241980793205773926598012422213206868323654513377929521181158323920149552472676035096929965647351928045 477693113196658913659365511698462856094905713675328539075843231310590630209382461349228677950672283066312236688020708 34629314854643274745733921415811706448629 390
0x017e2ebdfae9ecbb890935099e5a9f85f7a93f8ca76c0a9a36c51a51371b2ed157a4dd9236b67591301bb4c38e9bbfc6a62e6ab3e0c850bb3ac206bb40509447
0x015438979d5dcd4a576ab5ae3d0437371d14d221c96a8f012e5b472ca32ec6ccfbc66c45b49379d6906b78747e33f61b8c4bd529c4b2a8dca7acbb1d82a9cca4
88381546413195830490356121814345177109849335243162749316048866938595612502926212981848292492799412243073940471444121917248865926738905612439870244913151 1142834554027323159755545097306349127151455028420533125133821157970650681222584380068531115093705329628996671824173977 1100522376849084926279558489522967856935225416533150131104533982520301463214991825981690741753855655401134418257982000 64237097460919249482264785199644238425063 390
0x01982ad7d086974481032be95cd4f14d5d1de93eb3e7d517cc9b4887ab3c91f531f6368f3b6d6e95ff32f64ce341fb4cbe81f58a2c01447985b02faa8f62e1a8
0x0090565b4d80d09aae530053bce5fe4f9ed78e4c9b96b710bf4da5dafe6bbd1886333db2fe00a9a09fcc63bceba03dc4d083f0ebce1fa17346fe8b8008839e87
88381546413195830490356121814345177109849335243162749316048866938595612502926212981848292492799412243073940471444121917248865926738905612439870244913151 934903041174209029134534918181899785380782426681152592760506121403317621750673652794503717444420531960956046161926925 750364620270920475423270240106031366107707944110810736489350497841726519828290233012982331095634902847904125979904760 -102053185639418501832852819119714856607315 390
0x0089f3ce31e84402292722d552b82e2874985da1bc64a1b2597f66507b6489fc9f1eb70a5a52c3c7112ce6ee3e047e01152015cb82b0802b034029f5d79e1666
0x017df045c42b3f7c1a09ab0d7f08dd582f3ec228122050e15b956724330c1236b79d2891b3fb9eb483cd8fc8d27072173f31fa440dd52ce9933cdac4c4a91f9a
88381546413195830490356121814345177109849335243162749316048866938595612502926212981848292492799412243073940471444121917248865926738905612439870244913151 1133350836401778293805951706514484822479551462353184483910490086271582441311487673173250909444036957437192609595871175 158344285293820085539894026813092677381413153084535831338218720776749539711303530989236753771905738804117688148588340 132363190852751214252268624023040444459615 390
0x0107581fa20e3d0e9f9faab56440122377a10cc7b2945787b286502f0a0550533dd2cf9e78df1547ecdb7d33ba580c0d38ab9846817b0026337bb97a96581b10
0x005f79b3d2a511fb3bcccf6e9c72c5ccd94e3ed9681e6b61a3e5a2757829c3bfe5474cf2f06fc43c5253e7e947a42288b4f95704cb3ab4e523d2ad5efb0b45bd
88381546413195830490356121814345177109849335243162749316048866938595612502926212981848292492799412243073940471444121917248865926738905612439870244913151 421083026950173140898292887667019281713532778319992640616629457769165453789690436915939932280992129295594182329593575 549605577517132852813625940429923042663690265666147760570100046673769092890122687657648655953758393355363226322743280 -81181980827036003948701919280492720814695 390
0x0137027d6ad465e9e24c1af14dd2d039786bd8398c76815dc03c2269ffe233ca6e6899686cf061dcbb23dd535fd539e3e53069580db4bd977e7e99dcee38a8e3
0x009bfc492797ed45085d7e6ec6a7c9ce5695b70f3d2976e84e1825e1a19e8aa44549f0aa9b3b942f5993c2c7eb7bdc4c9ca62f2fc68dd44e5d7202dab7b1dc16
88381546413195830490356121814345177109849335243162749316048866938595612502926212981848292492799412243073940471444121917248865926738905612439870244913151 1087883570389786701476129909316128328831530017373835825853986226002258949507454843869948865248947723381196111936331755 576486235652755744527564048530226818091319405218330044780881406994558305080212859199215540193271093761995105122273472 -117851052001197991506046345920217708656619 390
0x01391fb2138f0126ff5860ad7320890c1cd6c5a7ed69d4a682588196d17f6b0f3d7c3eb418da39950bb35be798e10698b84366d3355abc185fdabbcb8ab08ac9
0x01671709da78dd6788a07842aeb23b1c844414b49cec754f2d3fe17b1113d591c66dd6494f4d6e02e654224ecbcb9194e5ec28baf7b8f6f22776265d15efcc3d
88381546413195830490356121814345177109849335243162749316048866938595612502926212981848292492799412243073940471444121917248865926738905612439870244913151 1253591483717516283830564050828470541027859226432843443365560309618830306232067197237344977640856213574848760279891255 395984107382743441234908282173140667871749532832202958107500366982577222459465595197894780610578206082711290503847928 127329933033537722446120470716425547063319 390
0x01817ce9be79efb74bb2cb204a3f3fd27fedd714d85de792346c6dd975711407168fc2d9453ba42ec6f8f7ec4691388e91c382ae6e775bcc22a66d9a1fe238ec
0x00fbfe906b4b95b4f008ce7b9e77da2168b4dbfce773469cdd0cae4cfc53f894d6ef176b397c137a2fb62c472467d0601dbde6a787f398710186070d0cb7738e
88381546413195830490356121814345177109849335243162749316048866938595612502926212981848292492799412243073940471444121917248865926738905612439870244913151 705088977829979858958645904586277339014268916827266750695021020706035263859101279038118879513111441206754549182128997 913478795620845980427466922155233519704837311423733771488965364839941074754044701669387349915000592964524119800345312 71073072532420617893441062641825360847515 390
0x0063b18ca68d284386e03d84ff97587db1fa37de3f7c58c2be89006b9c3dd4ae897c4c414c0e543495c11ba674136530972d398caade07c64787165673243e84
0x012addd61277b5b369783a9de9b482be8c4650f2f19257e91c9b53dc7facb222ad505daea12a55e2197d9b9cda7e0745372f7776793d40ab2ce44a9bbabd1c13
88381546413195830490356121814345177109849335243162749316048866938595612502926212981848292492799412243073940471444121917248865926738905612439870244913151 795085833732039079147909222232640524940283271327170455930477806718637710760147784349814441744542078084315667145861867 323089388735530579270949437597461825843189558663326401996465702076474174562719501460696152568640925581590351348490388 -119799376616687779646137122228936477196515 390
0x010f9d1617b1168c85aa263b60369fb57864e2f1d66ff84848a63f0c70924e93271fe6fd82a2f71894525a4e81f90943d683cc908a02865dd5a76f116ef6cd0c
0x00621b22a99b1d5d8076ad8a4fdf8bd957a5e622da60e437156f12bbb30cec60d826bbf93c1dfe29d491852aa471cba707fe5c6b07238284a094d3a089dffd10
88381546413195830490356121814345177109849335243162749316048866938595612502926212981848292492799412243073940471444121917248865926738905612439870244913151 263309271099546518164003234038356782038325457495427548554927002089636008160028816664517533293687408639346687811399707 670493062746841571347830692937177930082071520806454930623322897027611387149759842202098197200963607304505068625026280 40518701764025483187473761853221407381637 390
0x016feed989b25830f9ac88ba14cbb8bd87a95deeb1689d32cd62be93385bb2251cc0257be49340aa919e85662e159574eedbd4c30b5620523e0486d2e6f5f071
0x00be8d0a303608747d6dee5febae9b102ba8022867df0522da4afd9f7b3c88fb9a4d4126df85a84b1a3189b7eb8ffd82f3bea4cff5344cab82312fc9fcfb1edc
88381546413195830490356121814345177109849335243162749316048866938595612502926212981848292492799412243073940471444121917248865926738905612439870244913151 666908467472444558710927680829716589654289753807482165817023864313870321243466871860333695393807402773713989807734755 306613308302898857886525536733789736934372533662455845704889115327176206788975344990544342469563461708442844047774604 -113720605283934554682967465327202625919077 390
0x018a31a6266da57ec67a3a7398c1b23920d04ca14b99080f9879815d39ba57be34cd23cad9416b77cf2e68dd79090fdcae49907792877543c104329094905017
0x01a253a4dd9d8f66aa83e62f1faadeb32a4da24fc974e27507fb94cb13626b73b0257dac79cdb2984dda41656dd72d79d22df7bd5c614f15b98b4b6fd555b5c2
88381546413195830490356121814345177109849335243162749316048866938595612502926212981848292492799412243073940471444121917248865926738905612439870244913151 724157278106490957177976835564948169791482920071332397294677290452089155450719163373954657863341977465946217718085397 259694147554616440411543854091405827440157300231788372071881653114092571416123623505673198911269679123032166135427188 -118175270059122509843617095135264454461085 390
0x00eb4234baec34ff85dc97fee90fd58ae60bc4bea9093a46615f0cbf178d5271736f1789f232d83183e1200105943c8018a58ac1153307ae817f7724572379cc
0x009c3d007569d69178e3ce70f9938e8eed7cfea0f89c6950ace0c38fe56c66cca37a50d52a3b3947373ccf97b7d2f20a5db2cafcbe74d470d760c8265f1adeac
88381546413195830490356121814345177109849335243162749316048866938595612502926212981848292492799412243073940471444121917248865926738905612439870244913151 1194611840868828786619000910706504120868439321272119407102613151922419750350553124762408270350957944850616365846203197 1234979267022764158254802090170835555298291071321336396330419683359461434888368371966244786080033141315079825853657312 -26101943877335660454562992113724731266365 390
0x00c3cc11566d5a1e7c6254c23df1fedfe2ab04b23a6ada0d8b08424866fe7e2cbd02d9654d62c85a127444576612c1c5b33b5983c360889dcec8b0796efe08f5
0x00550a7bc08db23a56f142e9c4b5b2d77a77aa357bebfb7374a4d1ffc524970244214c341ddc71c76709f9c8cb32ca2ed1155f002b871ef82195c679b3bca076
88381546413195830490356121814345177109849335243162749316048866938595612502926212981848292492799412243073940471444121917248865926738905612439870244913151 641837876549653723448528953370344640792699866778155170353186379637586203489009305336065861985866673564972692162214805 362126663553934108121689265627503109921585965436022278223106601742578871636159936256550184855426476677238508200255132 110309814989235867661353038714551648731811 390
0x000dc3ad71101ae0b6fffa3dba31b85492fada799d4fe81b9315129c4825b373bef86cb1056cd3f381710cde957728f49a539e6963a3342c335db814ead2d803
0x00e2ca93cf9d6a3bb4c018f0d319134dd3ffad8df48195cae61076211381e9aa6c3d94e81a36b92e2fd7d898ad3fa2440b0dd6751d259543eb7d6949a13ddd8c
88381546413195830490356121814345177109849335243162749316048866938595612502926212981848292492799412243073940471444121917248865926738905612439870244913151 869247316478857206965772479442420698426162874101172718342491647226799477939646093935320213141069550485718382730530357 500047526489300044512858733644579654369297718122543177607213455483122917981017596065925395674892624987685364600322912 115858731788790578847058916363014039144395 390
0x017edd7d13488c16eba720cfdb0d1a56d08b2f52c312f4223e246193a91b6dbaf78654bb8ef68c40fb730a9bc58def5e48f0c6dd30d56805703fd2a95833d992
0x005c390c154fb1b346ac536d9889bd7e6087669c42262eba6eefe7f49f6be33e22968dff72a79d4c44d9a797b27ad3e982794e9d2e9ee58dc6bea84fe03ef7af
88381546413195830490356121814345177109849335243162749316048866938595612502926212981848292492799412243073940471444121917248865926738905612439870244913151 679375333617149712803066365045047702650050917044033644154676980552111462392646788304697354550704120719270351695876193 476488173179822963087322247042928208339681697997903894123639562901117602486300861689966951505546208142550428979005132 -107670846047972533698277465005763754172297 390
0x0024fc5185e3a1c37839cce468d06fc0ef38b983f7a7af9216bb3545b944f801498339b10bbee8c8baf0f78811a169ef3ee0c362239976fbc4edecf004f1343f
0x01ade75b98878a8c907b7bb02e7be4a8f138fdc0fd5678c86df4facd0c6517ca6bf069d6c2faf3ec0d44db8c6328887deb17a19ff6efecd202468c11955f6d0e
88381546413195830490356121814345177109849335243162749316048866938595612502926212981848292492799412243073940471444121917248865926738905612439870244913151 106798010617600856125987459327163610491828780603688323472760195718253364874303438766817032560178541968738229782295849 215190592346605750056915380550318752631362358350751289758093932164330389310012884902920766983570200264487720074784880 48930525070180877373174325833879194532265 390
0x016736e7c5192a295eb8fc34fc88ecef3295f23b4f5355d389c82927a0085d8ce62884b6d5c316a64f02876fc0593f03c146a10e39d1fcbd724e5abddd62f841
0x018f85c53db2a1ddb34dc432086165b3ef77d36deb98eb9b14b255b4b051c7dfc8c5b7e6bff99953dcc1ff97356920b3ecce5c8adc2a9108f21cf4b6864d6d2a
88381546413195830490356121814345177109849335243162749316048866938595612502926212981848292492799412243073940471444121917248865926738905612439870244913151 872987694193975475597284503954796291915166529537049397723000154422124214474609050608937705013714997296800884745610287 61610693600120187477427006943838620167636458320754834225565961206378342626381057562837309858423496549447939635541480 -127445942684827425962800166679642482761487 390
0x0150455235d6c9f0f0fa59447f2fcd05f1928a67cc905e5428f297448412a44c2fe5168be10b69dd8e3eb95efad8b38221ee629806b030342b9f41d524b53b6d
0x000cabb59be52cc5bcb630f937268dc996ec00af5c545f764efb07b7247e5cdc2f4ecad2217de78b815f496888b9135c3705ccf61b35c5fb6074571f8284154a
88381546413195830490356121814345177109849335243162749316048866938595612502926212981848292492799412243073940471444121917248865926738905612439870244913151 320239211675664670117204875787989248662358611853658325423954011099467364255108656229759750502101938756821265409749275 302812234160065731254967630810319642178110836619000654872142797794277570488058330755161943711891327158301829036977228 83302586375840414896103406406095665429779 390
0x000c4754c1afaf915e0a3f69eb3b7794ab04c6e314feeaf5a420bddbd66c4f51797094de37a9a147f9c29d74d9936622f93c612b67cfb2d0f554593e53a60763
0x00bcadbf5f0098bc490c9dd8cb9bafd1578fb9f5f8c674e3cc35ab1959e635796919715e6233d7703e033d052949f79ebef4efa64660da057534cbc9fbc67807
88381546413195830490356121814345177109849335243162749316048866938595612502926212981848292492799412243073940471444121917248865926738905612439870244913151 497169977145060682900292642182106807418222557563820544617062646689488708127688184799517385123792385119089013674682181 931032428633193985838418263998252467454603053804863198541134092667491464581449850958555924018684748745083544554894788 -39761371698354905191969968699046333262067 390
0x015e2f1e8d6466cc51fefe958f78cedc5e97593649b052401478eb2c56f2409fb49d6995d7465b1675143b2ae671a537264edd19bd6f01778c4bb9edb520e043
0x00ca9e7fc423123b1b29bdfd8c6a72690795c6293197e1229e09333cab8698e53963093212b04ef17efb9b24d3426b3749efd031fbcd29286ea77a3487e21a68
88381546413195830490356121814345177109849335243162749316048866938595612502926212981848292492799412243073940471444121917248865926738905612439870244913151 953495771107375048419774025504245374844765830945382686525924785154470852748924615821246225370018809760671584213179407 392309564577629931916116890532817915799973833417383675471996428494911359918941052826978026316653588730091013391383380 123196329089949929393528861731239308793113 390
0x00f7acbff7f5f22c73de24fe1e2138db37a41105511f69e9e72d11a44955b83af35fc3f801c2431d1dc80058931d28104dadb1f2947ad7054e51cef1b9c416db
0x011576aa8b34c7a0631a36b343bae87809459d24eda501e9a36cc678994e245cad2670e45cecb764538bc7fa8be3a28a1843199597860b66da13b5949d4dfdc4
88381546413195830490356121814345177109849335243162749316048866938595612502926212981848292492799412243073940471444121917248865926738905612439870244913151 286310621445721876191453514040155081669705866521074494944845258690367025417299295473527175370697423081253525779255719 796502215789113124232268232237526311042748161342663747176124278287754555333977159983912065738811370580517577307608992 -7965737975831140391521362777181626216359 390
0x00dbb441969a97d7f88aeabab05d1fd9889336e35b6ca10fade5bb5578e58778228708da359a391547f3199f6a88cbc6f68efab5b4a9c5bcbcf7c045e9c0aee6
0x004576a0e9e43d02b7a1d3d4bd0613be2393565d61c2a7e03706c736a4a139d7d63ca084e89f65f2cd146b8648a760c67cd9178379cd641e87d4454d02c18130
88381546413195830490356121814345177109849335243162749316048866938595612502926212981848292492799412243073940471444121917248865926738905612439870244913151 559106453327871757223301446043707157382027565052417624542395072109482798705486112047062193945760892636704538972299165 139373182662547513406369760175113720659088214434035738819699752933222267901326297600512658575237089262817679701630352 110434905755725484397316869288730045952541 390
0x00a78731dc6c7e9be5313fafdd1804b9f58b2198972164685bc1bb7f79c2c736d39ed35713b7ce48134d7e8665e6cdfec3b23571b2a7833ae76c1b0ad5bb3143
0x00090f18d8605c0a19ad03cf707cac30ac749664bee84fbee06be64f0ef627b6207da21badae6032b542db24659cdc1f2b44a0cd1b951342beee7f5b04ac53b0
88381546413195830490356121814345177109849335243162749316048866938595612502926212981848292492799412243073940471444121917248865926738905612439870244913151 802999252783712035484427797526247375221134064094705950018661905967100683092290542788209131464291521483399360740309937 650572590038773740944266098350440405780587405975236933269124332313686362034254543066651790543287445142416206676046488 -104052138289178554186065235671070376750895 390
0x002882a9dbd3df864ec8571affa22ff8259fdbc76c87eabf67b997d48d600423d5521f36fde45cbd875f01718adc03c490623888e5d68714a4fc32c5157637d7
0x004e6aedce44c436a48f3236aeb7502aea2cddf7fb35de5189e87cb033cbcaf71040c4cd583f36036aca7f48ffc6263a41c860a2bb358e61748de6d0eeb70865
88381546413195830490356121814345177109849335243162749316048866938595612502926212981848292492799412243073940471444121917248865926738905612439870244913151 907611833844445147541444150410385971883902310296709001579771200993619926370817284475612797142285285908629596916895397 536910609276786908376058039400320303361240216185875400300687663491067154436401352516111786781068497425738635655765888 -115386620594818512985740718030358230274395 390
0x004a6ec47cff79e236dbaf63cdea12b4cb92e8bea9d847fbd30937b22d3449c1fd0951f5eccd264e25b4680291a896b4dd8051f0a733b0b34fef8ecba52d5db6
0x019791a2513eb8013c9f03724769d9d0588cd16fde3075d148644beae644b4e34e3a7192071715f1e53262ceab8f43439a4123d0973ecf5680de9ddac1ecb30d
88381546413195830490356121814345177109849335243162749316048866938595612502926212981848292492799412243073940471444121917248865926738905612439870244913151 755768865370747705690392505676517111089443777280665647811437665539465407716974750583043772780206649732942755487144759 831177302640413899056586585182634870430116912475777137262197461185982514859812284056994175741018335553437549761721136 85348364187405023228935587358775845926217 390
0x005250101adb97f07139131a16db02553a13b0483201b15f5657d1e0cca720fc9f076f8ff3158057f9cd2405e679123b94a4422fd9ce65f74cab1543b74a4ae6
0x00a2456f0e1db25199d820e2be8208d0721b55eb2356bdd06b3062807757f29902b6c77a12800897e37c8706eb95c0b38a148107d41bf0493d1b024b6b4a1a28
88381546413195830490356121814345177109849335243162749316048866938595612502926212981848292492799412243073940471444121917248865926738905612439870244913151 1257834286991797644786060230674469538234289630566841864508397954532840641542433066880938969328484077656083938510006465 577824283878267847602105352513550497326987961885296754207224255806618482877067554862770430079626770364775846774293388 119205071874573722707291671186639846381079 390
0x014cefe50adc3ab31c43a8c2e9f929ca8722bfc28d1746f8bd43c779eef60a23e8f6122dcaf5b2d9711e359c799f30d48f0aff564f671ffd53a7fd00591299b7
0x010550277e5a3cb5385900e0693eacb76affafabe7910fa4c3244cc85ee66372c0c99b809eb5f8971043cd02ee1dc5a7a3dd56a5e4648bd5df536b3ab8916ec0
88381546413195830490356121814345177109849335243162749316048866938595612502926212981848292492799412243073940471444121917248865926738905612439870244913151 353954470518944251300453183168992571629954307160937681334656884266472053920131596294896087325689306593785145187023091 498157952757528172911929334901719466755245036282431511607041257186560009545549446175971517020592252918383835472913592 76640454434995635684807194323807514914733 390
0x015299fc090e38a71e273a9d9e273389b4b8c3bf23f74bc4757ce3fe1d4fdc1e767076ece623de3a5dc2dd366e039ae9a3a70784400e0636da9a1cf141c23d33
0x00e3962b0ff3d46a3740cc9fa0f8d33dba166e78d0f3d2422d477d56f0732fdc1883d5db83650f935581bcdfd4027f5e70b6d1975525ade9267715630bf0e26d
88381546413195830490356121814345177109849335243162749316048866938595612502926212981848292492799412243073940471444121917248865926738905612439870244913151 864741043276043935220375900449443615260045266933369786258554195274742629108602070777618015053672015731492704858045655 1185159400929489821643745894218046420705703325775273477808303337156388109717832498731408304327888610715903748635338912 -17882240474970019934155715978366432535849 390
0x0124326dc96b6f99675e3602e39fec13d943104ab44ed4b62b439ef6dbf8030b24453e39632f55f81d7cbdda8f5edab4a6ce2dc3b45caaa886f7ac02883b4a6a
0x0066d4dff61d7e4118b6b91fa2cc5de6df0c871c0e0f465ffcbccee51890ccaef42f028d57396bdb56b4366abcbe09440a1101d130781774dc26fff2d6b793a0
88381546413195830490356121814345177109849335243162749316048866938595612502926212981848292492799412243073940471444121917248865926738905612439870244913151 215419710362247946679650124229203579996144431763450942995580877380552380045962330662770246621688496801082058634086785 695683568498692298880588608206476794580526899205421641531438879572212915221760850383633303056017427934786287850082988 -12057274917084682425387326840148420167639 390
0x01178e486ef7ecec7ff5b68938f8d85e9c1bd0c853c069d26e926f9a1704c9739f3e44af8b197b852d1d9d4e87caef56a6116445d0ec97c3a8d239bf39715416
0x002beb80e7dc3602c4c14261f6f43d8f8be6373c8b16d223703d4d18c63664bb409d63050eba22d22f31ae457da19246a5dfb53ff122d854754de756da656d72
88381546413195830490356121814345177109849335243162749316048866938595612502926212981848292492799412243073940471444121917248865926738905612439870244913151 184217514618116247340932104821558596304132026333413620606033049279787849419164600761830224052957111100807863557059775 613595540938019132707148997175285595130892536003721556337192025986023406264481535648581727566608178554439909552587360 24743538687824093597506029647165765705025 390
0x019fa57e0dd624ce5de5dbbc69310f4eee85b56715011f2d2c52fe5b530fc7c43b922fe064224e20cd6d83da65794936dc27b1f8fbbd34ed006a4a38db1a6225
0x00e6b86829ae215ce6090552a0643dbcbaabedc4445470999664c50d0861980bf7c1781aff440ff03b54ab4957df4fbd66a2545f18c024672c93f1691d9a3fab
88381546413195830490356121814345177109849335243162749316048866938595612502926212981848292492799412243073940471444121917248865926738905612439870244913151 989003752862565046850236300635014628363647651980534114767060543096054260667609632751898414663667665713014427045541507 75294286261049730899851693973846794298277348112781604470678099011347475913748974106062757889699445489542579396796912 -130718364877378882518484121095929430510595 390
0x00b93a7b16a105511529c67b408a8e1031f26fc9961451fc6521989d3351bbdbb58877665e77629edf31e5a90b7978cbdafcfda0e6d05865973f4145bcdc89cf
0x0154565eba5b40c2f37859c5145f5f91e273b9ba136d1dbb3593acd2768de977b7ffcb61f996d5ac3debe9ddc5c1cf6bfdb38ee40ee42757c26b8d206af28414
88381546413195830490356121814345177109849335243162749316048866938595612502926212981848292492799412243073940471444121917248865926738905612439870244913151 548357808770165963889774154965243152232363480052484786291865085414407637042903238950925342226730449010611244292371729 1028209670784923688831500700799936909341420637295168628623222997329028428879220802951949515602118945578664922663463588 16784245366076550545452845291348614476281 390
0x00f6fc330ec0344356b7d88333af44ac47df34faf88e1e972f2c2e571559c371c427fb8e23a9e5100a7e80539f68f8230d4ff3bbf0b430d7467da4301913ab7e
0x006b26ed6a99764d7e385454a2f2211ae34c460fe5547f160428838903beb63492fda35d701e6ceffbf9320232d7a9e9c5332ca2dcb28e72de770d169f2c9c3b
88381546413195830490356121814345177109849335243162749316048866938595612502926212981848292492799412243073940471444121917248865926738905612439870244913151 444567793886432271545451962434541610045725918079426667374416261880997626748861025980543574597962941119609068556847543 957064290859839577985760296234994790210447796726000382709132792522496601155507342882022224718865862677545662864191652 9191409056592431915850340466178150183823 390
0x000a5264f05fc2e538855b9c5b9bcab4d8723f893d560241de7efda8b6a905f2062112882a7ff5580d0e2b0bdaf71543b95cb325b119d27547bc039f4673c94f
0x00ea61587937e91bc235b48b29167b759d4acb8e8a33fe3fa3f1f5f6b0fccbd483aa9b6f97b04fb3bf1f0433dbdb8604a1d8f39557874da8e3ea0b4d077f8d29
88381546413195830490356121814345177109849335243162749316048866938595612502926212981848292492799412243073940471444121917248865926738905612439870244913151 386565195688357248638389918083968700222996529357048405000655040035840870238302264988146537147190035582977880817023159 836679528916588086301296174496981855633685438011948943025715438179310554516103912662384112152247527768033700697720332 -37659662859321731648380093331653919743281 390
0x009730aaeb16b4fb824aed78414eb7be4f5c245a3f91bc39b1e473c94386175699135eb4b5c4d472743524c085dea3dc6b5f1214b372acc6925b053457f94fe7
0x0067b16f3435e9934d99fca74dc6504ba76046f7374b9acaa5e2d4f6e692fb10fb3391bc6556196c63622714b793a1e62d8c540aed3e712f169099aedc856002
88381546413195830490356121814345177109849335243162749316048866938595612502926212981848292492799412243073940471444121917248865926738905612439870244913151 189255548797546284479648186112543030681175235418680045425752663033672645851311487406027224566382154826783583221629213 478135241113153932183211594794079997658988975646694949505000623906595349316505500751618104126733253296278212744158828 49071071800830251464765111575273467079653 390
0x00f3ed3c333073538bb2d2c2eab4d6b2e459d7a64a2c5040cfc65779d8ace1815fbc70b31cc1a9062f2a9071b1c4e20e0ebd4e9614670b6b4964429c2c457750
0x00e7bbed61496f0083af306e01130787c70584beb48cb70e2eaf21b0b0e0bbba83ef535e90811df366df41796066455142d6d2837956336eac85200afaf0fc68
88381546413195830490356121814345177109849335243162749316048866938595612502926212981848292492799412243073940471444121917248865926738905612439870244913151 799529124103806314890537790430169338409031509547870119421746934050753435112644315332441963163960907746638560589276459 346101214744344463139375034092022285879785755786199149268071612275677593282178961755683772859591347488091998544326612 119265517772163002103296941474651655597021 390
0x01a5a015322a4bb095165fde33886576a06e9d615f3af9f186653a2152e57166f51aeb6cb4ffbf74f33d3e41c96dfa1f954a8c71e9ca99b3b8729604b68a8208
0x00417bd3e3491f19afeb42ad35019bac59a80ce9ffe24949691f05a3d1bc1d1fae6668730cde90b02a63528d50cfffc4489048d4f7e1e7eb9777eda37a468171
88381546413195830490356121814345177109849335243162749316048866938595612502926212981848292492799412243073940471444121917248865926738905612439870244913151 467290795046308912973877539036268051596757979722835284747372056174362558653580234136220613994914295406513849671781773 648501361455621853332519415971517218553457756089376881549063717202926446566711418835211149804907096543774820598120708 78126999659485627915335392388864688703253 390
0x0024437d88f4569d68c8fb41b814c6cdb9b0349f56c92e7fa88cd2c304f3c956ee4f2332976519276737c4a042c744342023ec9c63ac389bbc2619f5139af016
0x0121617fae400bc8e486f1314cdb99bdec9f59f2ca44b430535c403f5f981ccaa4037f2abb03345192598517b7a9e2d6073b7c2591336bb1b3aea9c0d9465716
88381546413195830490356121814345177109849335243162749316048866938595612502926212981848292492799412243073940471444121917248865926738905612439870244913151 490511064453594371344755926352010000333263249617138047256979740693395974359245787183095363519042314790923845055830885 984880393969113181542538243125978661395997990020203326338905090927129441687407944075196830009494322586522577417647328 -17265129118489307988987422992853158357659 390
0x0162492f0c0eca59b02cce511798ec09ddd54e0e67f3620c9dec5d582e2180b9fb2a579fd892ffbeef3f5c0aec36b9a1d3b5d887b635bd639b43602ee1d34637
0x00ab7dfc4c4458df21815c0f189d266d4cfba278163a8fb70e6d0f18cbc28b9ed530e267306fc97554d5ccf7f2d0fa6457af98c9d5af7b93d7e03ea8661fa247
88381546413195830490356121814345177109849335243162749316048866938595612502926212981848292492799412243073940471444121917248865926738905612439870244913151 523845315925228111810599632902605115381178434445176614086163596697898796859474237657104792883650337557481523899957595 646403212871426052457515260046943171981969913291017355496200232248258094127447962087149610265204254256255387731231084 84344414745072938671253007175502616678957 390
0x00ce72387d29e5e5268782765324cb47730c57e9624fa30d285b2b0e607cfcee21347230ef4897f97766cd083a76a7c1ba0844fddd3d675e07976db2ef225253
0x012b99b11d61796594027b6204c143508d587a19b62303a54359412aaf520778426e822015e913d4c209bc6fbd256ed2f44e649f31b6b341695a386c69633093
88381546413195830490356121814345177109849335243162749316048866938595612502926212981848292492799412243073940471444121917248865926738905612439870244913151 1191540590149242621169300679290127177209906713428546136871631580217223402151133464019773467941856513805414657864343587 944482858909876291544363376507117842968726413228948271301877292947637325347057541735709875842003086857648252138024440 88544641452655280086866763551284277746563 390
0x0040ce212bdfcbd11dcc2ded05eeaea4b801ad57cf29202b349f238e76cf900c5f4be2238268d2cfe72e81ffe7a234188d303dc0510e82953020189a7871f409
0x01ae66aaff5381c0103214fcfedb9e7ec545b24f8ccca34a0715b4b0e096730cdbf735021cf3c6338e41bcdc08e061c64a19f18f38e23df0ac24935e0f2cd5c9
88381546413195830490356121814345177109849335243162749316048866938595612502926212981848292492799412243073940471444121917248865926738905612439870244913151 65538842661523000768904452285973389907686605526141191136303375231098781943628317339129111029711565263022516985306919 139839957012346977878834680741694405395381047457622168733078558680838578252318108842346339979550724966999813077388288 -40001433090532475369646704625944398831399 390
0x015ab198c66cb77a47487f0ff5ce32a5822df159036498ffbe058ca3ab5841d53fe2b0ab35634118a01ccc90021f1542cea4451b170be2d439bdae5acd4eeec7
0x00d93c512b64dff4255c199810f4af9c7baa5b10267ea4490250f82518ab7831f2bb51a316e2d7de06dc465fd4fc7e68762a9e301b13087169482b9f87ee63ac
88381546413195830490356121814345177109849335243162749316048866938595612502926212981848292492799412243073940471444121917248865926738905612439870244913151 934818846182213281847938548952943443818752808451453929280134450427238032481963281250200700218750637311606792315991275 1054519308194797232493636590732277831102929228570844679693210503307627809222232233688816034795845540037371343319638408 -64830054791475979478418713032581957977269 390
0x0072ac757c7f066e02dfeb0b0b4ed08255b67cfddf5b7309515d3895c864eb5471db91f567c654fa7b02cf3c5fb3c989870e0ca637c27025b136010732b0d54f
0x0119bb84fc4931570815c8870b2f27ce961462739f754460db3c46e8fa4ec36f89bfa5b88b7b96b7895bb84fa316ee4d80e79cd2c4cc8022287d2c86cfc46711
88381546413195830490356121814345177109849335243162749316048866938595612502926212981848292492799412243073940471444121917248865926738905612439870244913151 844839074619568784803080752566533905978242060952795401501450621445123839879467839465566960089793103905433268027859857 408434919355394216850911161555954243303549845088673058720200809142064745695181841052091731319724922936401769453802912 118919699337947215333674567935992604448145 390
0x015617dab666ee5c7a48badc8ca32b27495a9cf3565aa7068c04ff6929f551a7ac7492720a1434b5c1895ac3789c36ab15c029bdcea320db40ead4e60defb8b7
0x01006bbf564b58e2834df0c2e717a4cc7b94cc2cb2668175ab31c2619b22125ec9e9155d435117a3e80ab27f00be573f9cd44d5a48118f101b0c673dccf3a8ca
88381546413195830490356121814345177109849335243162749316048866938595612502926212981848292492799412243073940471444121917248865926738905612439870244913151 1070100873985031141701012139324331705697040321314042414607269586356728450974096851479555282469665334284476240954367925 1074681308051931648920492782967408951149096602306350438831041690137284143574759685914517488830634792391373323435111772 -67143659764172041758889917493929631408771 390
0x017255ebc70070640c3294a4dd4946d8cb2bf5922123d64be603e6a3f0da97e2e7d4e4b970d9c17ab001ce830515f8fccb0170c92ade1dfba4873d0019218d3c
0x006cac03451686cc4b92dfc2dfea65285dd4fe28e91d6c0d98d2f0630a32cdec77379d71aa5dfe8e30db4418aa21846a3be4085fb5b064b8f4a5a7254df6a1c1
88381546413195830490356121814345177109849335243162749316048866938595612502926212981848292492799412243073940471444121917248865926738905612439870244913151 385150873090027210680854112783534509500878825782869270633464450713903306835108115269370027922070765822319556390616025 334988400480107438360845679093849281545193745900725770905140089648182317445220789131604892920620961035471821896000668 89672345867298913044338185645715255943551 390
0x00c4e33fe14aa047a692b715e1672183d106956a7ef5ff840245e32597ffa63406e8599cc493288544128944c01b5e1e30a425f1dda213af88198aafb1fabfc9
0x015c26537f38a0ccb51bbf391ac4f2e9b972ec58ca01072f94bbdadc8a38cd12c1b54039b56b45c4dfa33b454f1394d943454e0b7da63f3bc6e082cab9b38811
88381546413195830490356121814345177109849335243162749316048866938595612502926212981848292492799412243073940471444121917248865926738905612439870244913151 41057030089503681702432234052937834428566012052335471618185072371278722602241891769739735285939400354037105638386695 225211389727023627439136478997949305797047031868576771979573576605242719905039164999346216207823023014307611368257004 -24052051467685250330737680079260372509983 390
0x018f0d114b046a9ea2684427eb7f8312bf18cf2bfe31811d0008185b60225e6b780151618d28854a1610a32fd5529e627670e031fc21f05edd88353480a842fd
0x00da564b3be8605547f0bc1750e16a6a6aa87b19d933319180b2dd7cff296b288b6e43f78cd8bf30b67abdbacddcae270735c05304459b385a779c093ced56aa
88381546413195830490356121814345177109849335243162749316048866938595612502926212981848292492799412243073940471444121917248865926738905612439870244913151 153288275615827886600681282024435666905698699717316790979040880324699022027841481319842796855320471510702878598313003 597720014578980645474364456244155220278575991636972197590975200584388477522880112781158869767254653400909144525424028 8090336999741137825689634338446014183523 390
0x00e02b27e98a4d176d8a76c9d231e71f5a0e10bff4b8febaafefb55d80b53b44dc8bc17d3e6e3fd4039d9495c0cbab73ceccff9a671ed270ef3398ca123fc23a
0x0120362579ee3095d37c16370f1e625225d8f55ed5dd17a57aa50a07cfcc471f36a766b619d4fbd0095dceb0ba4aaed343c16ba49df8a95fb9ba2c8866f5c6b9
88381546413195830490356121814345177109849335243162749316048866938595612502926212981848292492799412243073940471444121917248865926738905612439870244913151 1084102942100752349325728089330733278608499875912563438629626045427778722468133901972964399095296147060211195120196595 470490785361491073494565683686408518792348479193476259110184229491620131738569562439338983880512723460145740785136 -132793650391432648711528533994855710079347 390
0x00495b1d3ae5318714d414c251d17a47278e5615a79e4a425ebc14c04370b0e8df1684ec803d584c47f406c33563118832f709d58bf95fa62c24a455da71e216
0x00559945a2678cad1a2e5a229b118a860a18d1bf7332131a2e37bc7855452861290d7f6ec3d7d148091856eb52fde9aad887589dcc72f92f1a481776bfa3f794
88381546413195830490356121814345177109849335243162749316048866938595612502926212981848292492799412243073940471444121917248865926738905612439870244913151 200572472004001751622063317208412226730842222798223240981559171189706984527974319601286762305304078783102512716072869 501051221352066230144647455803484973456571783662482786744487801766701724273693239542191029473847670440247286948015488 -49265239656035511804067407003159394314149 390
0x006ddf91ed63e172f9899621f6be0d6bcca6ad950cdc7ca729b69d12902b39777f9cb909dc4552641d5ca67d914f4d6c89cf290cae3198701cdece745b50711e
0x00bd2bf726c652cb416c809f63021151a7ea467e8093a466e3f39191c8efbb8e1d43f58a01e4027cfdc6815f768a4d8aa28fb5ad950199df85a1f69983f612c9
88381546413195830490356121814345177109849335243162749316048866938595612502926212981848292492799412243073940471444121917248865926738905612439870244913151 289664890835352728385309219466328725826688735496965208572392337150751719568781573037842113037569360577217684389048235 801874129599539685175850127661412417407547781315056585356471026868584336318816632122704611491001173081405541399651576 6336217873231542219024186088373727583733 390
0x00af275c38018541eda29e1aee0dddd73c6db67eb26409599d8cd1e860425540395d05b7c3a2aab9573387a29706a57e5f05e1ceb47a76b784bc4ef2d7671e47
0x018ddcd0e7da39769edde0048be550b246757b63a16b8731c7676b689b47556d95fbb3a293a52fb2945049ebf51ea7668296405bacae766fcea544a3eb335533
88381546413195830490356121814345177109849335243162749316048866938595612502926212981848292492799412243073940471444121917248865926738905612439870244913151 592281363123410092601957524438804016190705192155350272346674308611000111263590258488039358219604670382889859128379695 1067185184778924222054618465014185401251328880221467088808699014296835988499671001908913585014970006680111016630203372 6635391972932519437838071944244108704761 390
0x0150f9f004057eb61dfdfdaeddd983e1f2314f88eaa94e4f23b463fba00e07a79373c75b7026248f27adf55b21df24b959729ae1645e86ca4e14eb3bfad7fa0d
0x0129dddcdd1dc91d30054e4dee782b4dc932acf602e8dbc8187dc29167b32a6683897655c964f2eea1680f2b53c4be97da5e54f348cbf12e5c36e5e29b0879ed
88381546413195830490356121814345177109849335243162749316048866938595612502926212981848292492799412243073940471444121917248865926738905612439870244913151 1079330639203017177929539180094037850468883207714365862230641490128858248499504909918758837776980778052462477560618015 238435715719811031237405284232591647159600015374965929085242415890635874415550949869460017040583885363670188423348988 130274930697099737796592516245661568971721 390
0x0045dba66c26133e31ea66d504653f57228520acbd44a06ca336a42580e73c8f30ac4649677e2c6c749f9d3af7bc9314d3ac895554255d6e23e4ff44e565a730
0x007cee3c2e01ce67faf97a4f7d70305fc847622cc17bdfbe224fc93b7e0eaf813f7e4e6b21cf1ba1600e1441b836916d639206ea5dceea5bbbdfe385493f1a00
88381546413195830490356121814345177109849335243162749316048866938595612502926212981848292492799412243073940471444121917248865926738905612439870244913151 154831321232233847419591019162681846882228609417095398123668336571905225139195031787589297136146767481311609105026035 15865865585743153922369552066806715112479133526479333103391649597279914576852380161822366741401272511967064097371688 -64370827198526331388408155860951315394989 390
0x0191a8a3252881d3fcd6dddf9bf56b03f28be62d69eddf759a5b889c1a329055687824f624737fee6adab7c5c5286ca9fe950924ff01469216e985e688c77ee3
0x00ac88a6e27ff75a7f1c06ae1c12ba9ea8985b8838e47a63efb96704b3c809738874441d13e9cb151e24621d3bc9f15b455ed7c9ef4d1563354b0efec855b2d7
88381546413195830490356121814345177109849335243162749316048866938595612502926212981848292492799412243073940471444121917248865926738905612439870244913151 815117044370565855291588914607183519139642930270470140322416580176079727460835100195020256988260223523789212793013245 1178600644090887963672938709814661898781668927419846179739303258604492221696569997521869509377324776141654879841926772 -4743342840087524857520477037137580325189 390
0x00bac51db41c9986beaa3fb39249a1ac6d5c924fe32b0f2e84e4b026ba7873241441190e5a5f1c4ce19f41c5b1994d408dfa5ae9f9e01adba58f6a1e67fec018
0x00f24fa92f7df34a505343dd62b172b86a76d1ca7525aa29d75a46ddce551b26a56e0e22e56f42c1146c36e852c1ccedf0ba9c9d8bf0c485e6508cfb907f068a
88381546413195830490356121814345177109849335243162749316048866938595612502926212981848292492799412243073940471444121917248865926738905612439870244913151 905457182181329515307560585176435300382428700790453625254445278286774933141189593092208143726999505274946951098537175 1200435174773843562730208486708120093642564132099036119465669444860590847955429839955874001669114407325039894441903460 -15927029485776173949672273623268569960785 390
0x00e3ba1c4da0f23bdd0bdc1af66a14ccfab93a365ce9ca61cdd173c61566376c23ec8d54bf7ee36f53a2a191f1f8e69a4b7ea6c7777810c64557b13d3f2ecc55
0x00e797f323b7c10b7842f70e3ceb432edcdeee2a8ee25f9f311d476cc5ac3db1816a486c1e6bb1718d1ab2b2b30839bfc2bc7b36975b008f6a84cc8e77710c4f
88381546413195830490356121814345177109849335243162749316048866938595612502926212981848292492799412243073940471444121917248865926738905612439870244913151 389607671823984535830411793583407846201029506463625949143025648093110430048797901445333905684130195158997635342045413 550452258074409796837641472030971107201649651693859722695955382700969848586947318863533683840371278812946100153533728 77269807211017673511424869408871219000603 390
0x0013427fa74691926f8b6345dc30df122ca14576dc729ed5683696b93b24882c91eb6e7f6d04a36da87782dac3e29ed170ba0d60309b55adb698fe9b03add9c4
0x009119e8a37e459a19678ea9b5c2fa0a2bed5db3b611e18e8e638bd3a900a498107ca208f547b531a53418275a39fa2e4ddd1f55dd9b4cfa810998941a448620
88381546413195830490356121814345177109849335243162749316048866938595612502926212981848292492799412243073940471444121917248865926738905612439870244913151 697613058255711996320772839408826171792367763833742707676652716598849247654578127831123651500104232742510533074931833 658829879848490504993654944820247291022798595492382814559174276650805870689302760930960504017520094622021946345523408 97400891567331336871209870335870189635833 390
0x00219e316f85b11ae25ec0b112da44027251db04eb64274954f59c79170071e476aee4b4b9922ef7b9c8b2993e3a7eaaab6ce8bf1e019cc449d735480e6eea70
0x009874b92ba53cca31ed59b3bf9764c3857e4fe80eac3cd5d6cb97a912460d4c43e8f21b206f60d0fb1fd9e13f3d768650dbc000930b0d543acb73a8ca35fc3d
88381546413195830490356121814345177109849335243162749316048866938595612502926212981848292492799412243073940471444121917248865926738905612439870244913151 811855357653141566525753900752406278547395686744999847668113094578384440285466324446731774324281810501507684715653801 1069639066947845514034595187829862915434507470574431447465327336970154520972239086014471636801438588618445009665517888 52547415414818071071867331521292486865577 390
0x002f8b34b17da069caa7401f2a9ae594ad993859c53bb6b4683c9a213c8c45d985bdd24ce81a707531f7a5c052b1e55b6c79025435f6f86cdec2582557d9edca
0x007ba0de9aebe71e581eb3207a4c1508ab6f73465e8324c7528ef7c11723284ae504e5bc58ca09cd86536c18a9e5f2d36f4d30d276e568200942666ca5c383c5
88381546413195830490356121814345177109849335243162749316048866938595612502926212981848292492799412243073940471444121917248865926738905612439870244913151 480440315797524384727985661675723744964983052059870628181530901567662596169392220345141136182835645452577357360204457 990164727044547669950868220261253738783881043732087367393567734148402689851296605767126392144153972756784869642503612 1814235486963795005124459493982190523985 390
0x00a49029411db8f7ff5bd900567ff0d9c978f060143cf3437ce043f8e6084f809fcf52fea525cc2b15af3651fae1a5e1df720fff014c3a7c4ad627e0d41e9c6a
0x008ad1cc9976950ce9cd8a7054dcd7e939c2eea32c62c577dedda6ac6d5151a6d2363050a24b69049b51715b5e3c32266a5f47e41236415e8878320298dd4b84
88381546413195830490356121814345177109849335243162749316048866938595612502926212981848292492799412243073940471444121917248865926738905612439870244913151 263459980683778965526701681177217415285247420571176056376137473937818718961274446542772150135182346306387243630657561 616731934459630741229067311503521761543132492000423610422854766441195765131794498753759162965498499304665837453794728 49276425326721322255851264409844440200647 390
0x0143f5dfd592fb24f6c2378f218166e2c4aaff05a1acd9fc6eb8cec9435bc7f0e55e8f693eee6593c4cfa78c8e9dc40d8f6a217836eda4956ff67c7d8b269f29
0x00e31212f6f9a9a7751bd0bf304ac25a935a8e5763e976d6708389de2aa9420fbf8f25d5037865ff04a5a03f3c579c094ac8560eddbfcb809e507e2d1e3c4205
88381546413195830490356121814345177109849335243162749316048866938595612502926212981848292492799412243073940471444121917248865926738905612439870244913151 588227527900275179865950208100956823758146193389844054153954291447487240547578267045207114236400736531117935430982847 72564374369670194553987855647264355471362216066589872175122331853764935497271918444286876344913388958315829677264188 -113176533830988880164617377024348730424535 390
0x01782c34c75522154f271df96ecb4e10ef023beff952455fb59813253f30401109606a2edc5f6ab9a000c739230247afa19cefd61eb3115d87f80288e8dd5a85
0x01a958495af9972da5cf5820078b282df1ae765c8ffc3963ec046866cc537da82505e0dc14c01ab14f0d7efc338250b92af76ff7933c6b07deb325536f92dad5
88381546413195830490356121814345177109849335243162749316048866938595612502926212981848292492799412243073940471444121917248865926738905612439870244913151 916867319003257683704750870123201180256198822203949036467621690835643006926709017137511023059654214940647208225696067 520206840034143893713535908555383634873395556933017282394947117180540471612621258345658456566624592515488819947199588 116562775302531462282138513523842942769595 390
0x015897eaf23e195e8f989d96df86cda0cd7db0d577ddce1649ee167d2e08611e807cd25b9d2bcd868ea8756668a7202f20bd99e8a85d593e157952067be262a0
0x00a3cfd6d1a88466b1b00d539418323f9f74aaf6c8cf4f12911a075bb9791dac85d7a5f74f3de4b8ea3f656a32b52f2c5cd9a5ed816e25cd9b19dfa5c5edb74f
88381546413195830490356121814345177109849335243162749316048866938595612502926212981848292492799412243073940471444121917248865926738905612439870244913151 576842370294868446439244461904211770202687098541549849346713988974367025142543694642452756266043288106932541143560257 162199509289350005116462537201026439467186760794803035344730220448992776564438085335484391918815509208276961724944580 111337647182328941684324372243841755267113 390
0x00c74b871a915d99f32f52faa21ca5f1a740560d3d1634e110f3a3276693d83c7d0c8a80d2feac2591a64c1a9080e5fbc4de6033ce9c1f6f0228d31dcd25e9a2
0x018eaa14010cd1b5146a217e4bbdab06bdcb4e8b4bfef0117d3c7d87cc30a61ed9355e579e98de8b85072807764a2ac542d05baaf3f1c6791f8d946b35e14127
88381546413195830490356121814345177109849335243162749316048866938595612502926212981848292492799412243073940471444121917248865926738905612439870244913151 977022919442686996396161056107971485782674727867881351699994835219282125213892462757516074254930952216609792020736685 939674801688147894046221350999865682532792757449067714921345986022820194646799827105944818492431883831679441187565644 84175175170654711809628776708330199402123 390
0x004a9767fef8f700a20f16e2628be651e6faed544b8a63e3be95c86f102338dbf07d069c0bccd669581eea51b3ee15e1fc55f98a248091aa328a44446dcd367a
0x0160f5dcab6e9401903395c3ae5acc53f389d549da781c90f8f0c5525022fff9146617e3ef9152c1ce141fbbf46fdd27c5b9863311280f58322fe93529b31588
88381546413195830490356121814345177109849335243162749316048866938595612502926212981848292492799412243073940471444121917248865926738905612439870244913151 801224151160080593317785202153719068993331817101837654809905935547496783341448028003095350827235221064423706703550849 658541337314944074569159240891577747564017966341289874402260055296961972615930706219382234863454253267467181987680740 -103394323638998264302557230656480686198295 390
0x0153961bd99ecdbdc82255633138d4daf74bb8066b38016762726e4f02e0f693fc63787f1efa593e16a5801cec91c7d81bc45ec13b8213bf48cc11c40332014b
0x00e7e13e553a62adc185b2aa62dbcb161e9a68624d2740d44e536f3cb6ef18f7af3e7db129a17473c192f8312c0133680290f4858993f6e9f6fe59a3f5dad8e5
88381546413195830490356121814345177109849335243162749316048866938595612502926212981848292492799412243073940471444121917248865926738905612439870244913151 202280390028398691864801734918798254489477955668324613257125536609809161882681901360497745163864076135626355358723639 306033835180773277818639210373579225563153762864616343968828590911188496590476725010936113824154352122812333009415732 -65183394788246608344101425380807048083279 390
0x00c6dc702f405e765a3fa8272db5fd801274c1f4be64041daf816989d56a7ac5d973136e0269bb4ee44b698ca24ddfae355485c4506796bcc556dfa4ddfcac9d
0x006fd1f711ec24f3069044a8d1df4c252449dfb53085e8d1ee13fd0b6ba9e0d53caed743bb82d354ce49470fe2bf4ae2cc2ebe06d822b025d75c774bcff8bd1f
88381546413195830490356121814345177109849335243162749316048866938595612502926212981848292492799412243073940471444121917248865926738905612439870244913151 523014534654360742493182738758410932352401399293774812738941691925265336014684847521597945157266110471559028882184055 1002494291286122058640743600061782398737075983529204324839850882870541417725628552899965755730147556262526310227233468 21369943268769449886956429146616264979761 390
0x00b8395f191392d515491f591554e37a276615e1139e2cd52a3b79873364eadfad2b6f7c71c49ead253df4c3acec64c84aa6cc9f0760dab657414c16d26a3387
0x0001d26f4bba35ec09c84d82a69a10376706a2199c5dbe7fb2d6e067bd32dc550a47ed86bd7e8a107177b8323dfd862802e409c568137553691bcb45ae714426
88381546413195830490356121814345177109849335243162749316048866938595612502926212981848292492799412243073940471444121917248865926738905612439870244913151 1210488080509556383444810570875616079021754014818994302068451343908090908127606345254670931158343682337034203606439137 208658895724614989442958436002326074650022807245768570731273363509439120766259230852198736705221804850699802900032160 132160285720090977910517783763878121113313 390
0x00864cf7d1da59f183b5dbdcf9305ff8effa642017df16810dd047cd03fc552566a32d8b05774f39ff210dcc8831edeae3baa3d3d228f1d89e21a9d69a3eaa55
0x015937e5e5987e8ad7464146578730a2133ac768aceb3719a45e6f31491c81b97829ca069d51d678108c4544fe768891749cb381bdbb605899db76d5827ab66f
88381546413195830490356121814345177109849335243162749316048866938595612502926212981848292492799412243073940471444121917248865926738905612439870244913151 620716042543714094706519368611518872060908619293617262645955124924667699851995340557216086679597058293193278390946009 771263000380508818062431195802059184745644419171044274962635483142751406154874202883832442570155201900983455028097556 -81367304738266372507633634562961571185857 390
0x00ad3725af353f40a95da529d2690b1723fc94ce14425345bea8c33555c82b9095dfc9b4c3a83cd58d8828a883b4350c958fa0abb0be5812bf2d76cad6e9f34b
0x00dedb74f59e848411a876f29a0d30c84a2af8c7e5b28445fca0dfc01c131c7c6f515fa6d581090d765cd5152bbd7619742ed57c705fb3aebf394f745425a2f3
88381546413195830490356121814345177109849335243162749316048866938595612502926212981848292492799412243073940471444121917248865926738905612439870244913151 581482689816955019187698339275703058820973685242918315213800671352193469365281389451257158066561480731481872304770977 808704510164207831965354846295765853164716003009788261418619408383834562048357792840697664704959059825777024539241360 -73249968842927717123559331053706030151713 390
0x010a67824b41d0ecbcca63c97ebdc491f33eba769cd449f0fa7143801c2da904f0744788e277dd043ce8b4fe563f77c313c35f2f81f0129c260c9d7d65e74fef
0x01549a96c32e97b256c6d64cee936a9013680fa5dab417349b89d8de60aebfc7e889c610c250a2ac3cee35464ed841bf2db8e46f5f5b8553f1749dea3062888f
88381546413195830490356121814345177109849335243162749316048866938595612502926212981848292492799412243073940471444121917248865926738905612439870244913151 486410476601201409525758665057191335251433209643038484709047533668250445741370051712237360388059184055475386869337725 504310036397810140937821518126933939037361720239319666214785307652709910560968345691997215987026100686106479561749952 -91234925665931480349179906022637273675389 390
0x00d145ba33069c1450a57f62dea81ec51f08c718c0b940faed535cbb30f63fcf5828018e673a851a9a7ce1008b6ebd06b8fe2d4453273c9b5dd1300d3cf0a032
0x0080f64a07b0e479cc01988b52e628831f793e20579fa5ceea67499d53e7353262d465b4068b5e9dcbbc0b8ff2b771ba9db75675526a2c2020c32480df5c0f09
88381546413195830490356121814345177109849335243162749316048866938595612502926212981848292492799412243073940471444121917248865926738905612439870244913151 135387845330028952401984579244562861904862137276759444177416203224655378911825832985112528984699545888786280450801519 435334096034765322557616844590257727638167242283284249381121037974857215565227055385411553517450773817126840613645292 38874670719896005100241551045853065023559 390
0x0187d50cec293b699cef2d7e2c6acbd319c0bd436b355891a8c907c36442089220aee9a452ede98cd9cbcffd73bcd1fdf64227d5be55c3f1e74dbb21446ac8a4
0x0042eaf2ea8d8f06970b07cfc088dc5f24563cd05d872e339e70bace10e7f89d6271800a5b86b51fd4ae4154d1967f2004b8117620e4940ae42a143ddea7fa2c
88381546413195830490356121814345177109849335243162749316048866938595612502926212981848292492799412243073940471444121917248865926738905612439870244913151 638820048673586224258599027036785243050048503929211004182299275636638949611381813584138608650899713037424375987460999 214438257574791917219914131858118043164787369561365280435606876317367989734592149832332485829349367188926156525138980 -114408639940953337911901962809388138737375 390
0x009017912d03fb0d8628d198acc2bda700d0f56fb56b6f9475401b39a47de2dd7b7d156eec030e81503b2cbcd5f8507e46705d84a0b901f42cd8d59923c8e427
0x01a55d60bf48bfeede43c3cdb0da6b24ec4ca8056fc8f48779ff681c40bf9548c4860b88f824ac248225d49754ea5df10349c3d1bf7dc43203adf8afee27d57a
88381546413195830490356121814345177109849335243162749316048866938595612502926212981848292492799412243073940471444121917248865926738905612439870244913151 746836257982228915878144893542171054464609942432466336487034074926716482360170941039759347008541964647871554772431457 462796341062369970239496287998940896773887349799222203981593668970411156972273789385702977767944299611785910352304360 -112137066587009657440821750636547226750337 390
0x000029bee784ae13d7f0a8da00274d68578f9f6f6329dc33545b82d52d39fdd3ba4e654c26e4e12cef736778a4dccafacb650b919984750334ee20aaf56c402d
0x017dac288828b705a45be04ec20598e73e759e765d71a0bc9edcc4a786b76060927a5d702e8fc45f367a853d4ae4ea52ce6ff69d66855640253bb85e8335e7d6
88381546413195830490356121814345177109849335243162749316048866938595612502926212981848292492799412243073940471444121917248865926738905612439870244913151 700609870418051261929138393246307699692915165903583028030895513152550034425484876004432382204588813673867945672590603 1075866779138642626367688334723996665944052453741305354269707488099685735607857638337848164301897130516524116631791052 -36601839941627158026068073719513736617597 390
0x016e8145b296d59794fe1ebbde361827748b69be357eb9176678be52c648049a099404f4cf5193589af45bef18c7b5ca94283bcd13a8e57750dc17fed99c9d20
0x013fc349fcd605efc490c708e034f6bc15d6a970df476c19f1bc089904bf418ae4d6d1f6bb7f5f47663e15cf8d0cb5c01f35d77626e3b99f0e9ab68f92351293
88381546413195830490356121814345177109849335243162749316048866938595612502926212981848292492799412243073940471444121917248865926738905612439870244913151 1086553859674317845180267125465679819190716588703342253364915331663729508857249299846922881241754081909248086466720285 1246238126351538202224983151364489333585878400567598218070401771969854399593956601454971099110180319818430636221847972 8432777211037596328504390444102035635291 390
0x0065bafa111bb59e89c2b993acc070543e97a01da8d9f9a808ac6e046b23dc14ba95d947228cb4948ad93ebadd245aeb0afed2176642b9a229e74c3754d1e415
0x0126ae1aeacb2c960ff03940d41df38d27de9797520247576075006799f763c5e7b2e308219132d9a8770a8f442e7f9d844529d2e4f2b282661c510403b9ac36
88381546413195830490356121814345177109849335243162749316048866938595612502926212981848292492799412243073940471444121917248865926738905612439870244913151 731090724234232265899374114498042878981650906274464700684917250884484920181004865873930061016437924014998793792486569 150278437614308934492812044805580899599583247582846475732869242436048460731774196031657187704519718095789410643512652 120650743351157110813107094599061692035729 390
0x005660b79f6ddcfa92c91beab5087b3a15cc218eaf8a9e90fc01b0992939efbe20558af13b4d7ef30d233df7bf77fc8053c977fe6a0d642f1cc8900ef8b35b65
0x00e26046df6b03bf108ad80d2dc3016e4d74d385a0172a365d259f7e9bbef8b568b6832e5bf0579f842d7d03653a7c9dca005df15d57d6ca62671d11d7b6c89e
88381546413195830490356121814345177109849335243162749316048866938595612502926212981848292492799412243073940471444121917248865926738905612439870244913151 628465222261342173014637398369804020528209181452124459670090403224292187426896722004281254645707658202431730211284301 113767538404988726254319465279915596498730705383047682122353010445844507712586639450378513956776420813687345243613328 115395872860612168106224993738972042735667 390
0x0151a221cd620531abdb84d81d2694d65e3df7907a3e3eb42525639a21f7b4debabb81186528ec88579ae371da8453bb41241b4ffcfc6e24c2f1ca77de85e82a
0x010ff1ff5447949b096ba86a550ae103aa5b3c62c12d1136b3832ddb1f6a29859750d521c62118f0f751fd664dbf5ba3525200e7280593bae50d88b2f87b686d
88381546413195830490356121814345177109849335243162749316048866938595612502926212981848292492799412243073940471444121917248865926738905612439870244913151 109561055487599655216599416443731769469981857278389814227650719553869405349567868908503224622227732308914332660023045 405565832974432689087372930593429470738729721094904309593781620994139512226980985475226204719057060831131963292043492 33602815795659377361025800647937762462029 390
0x0143054f464fe41a5fd88c0d389ac5d29d4e755d1d4985ddf49d599546a8e794e797fb33f2d40cdeed30495c5a4e70bc624d47c13b1da50d264df375edf59c9f
0x001043f7fffddc5e406649560df9ac0450827893e7fedba1da384760b312022730cf3a3e648a737145bf0461f7652156653603bac4d3d5c6effe53243b8103a8
88381546413195830490356121814345177109849335243162749316048866938595612502926212981848292492799412243073940471444121917248865926738905612439870244913151 1088325188663930266783236229050817065314412666400078549632656409155919163035793124289529404835126234134837610456273965 704467751255854934505397227868195873895494778783425698503630136753350329822058634724633868586350071072413583293099152 109707349601255197658676655481503846789459 390
0x00e6c16086e60b9088425d44f26191a2e5b6a7fe22f053a3e5fec27bd7319ff738a04766001115656b2cfb926244603d0e1fb69fff3d7fcd5fd6481b15677eac
0x012603d0201b684594164e552bc30e317df52d0f82d3fee7a5fdaaee6992c2ac553a95ecf6b310d9ae2cb9064c6fc4bec152ad463e5062e7049c396b3fe8f36d
88381546413195830490356121814345177109849335243162749316048866938595612502926212981848292492799412243073940471444121917248865926738905612439870244913151 158229468336443987080437004443193330621791341728909014458246392590036162964519470162679303403324736113993246270150499 500897718369158639010592134103852178630834955617118142573786652534852008197167059007454957572018598324523509633476200 -37317027565872526477485412029135997791805 390
0x00d4a30986c1021a8c7afd2c0c8076954d60aa1ae8479f08b7de8d041373cbbf3d5d20264c0944565497fd505b3149a21c796b0ff75eaaace8c4b99f1e81101c
0x00fdfdf82253a492c910a4b09d7da1812b12353b47ee58ef7bf0e7df7d630b62c5cbc6c61e562d81dbd873717ca1a43f626d42744c71ccebb4783d7791a0347f
88381546413195830490356121814345177109849335243162749316048866938595612502926212981848292492799412243073940471444121917248865926738905612439870244913151 652978370517720365431704059284418981433570143671562127430999511926076219415550331794519707776794280286958947806465899 103630246536785270200734489839286225657784619381448498043326357254621295334527156109954148878724466424486641098532252 116983516788433534757138820807036376186461 390
0x0018494d70fb2fad354f7daae0248f01d9562cb4f28cb6eb36088c91295934a4f8bfa8a7a4ed749b98e55756507fb8c02ef1ac8521fa839b2c9771635adda93d
0x00211e848d98c3d64ef6bba89cf4747fb8b3440cfbeeeaeb49eaa2d8613fd92f0a7ea2ffd729a707dbfd520a960687c47422cd93414d1e3dfcaf869f947d1fc3
88381546413195830490356121814345177109849335243162749316048866938595612502926212981848292492799412243073940471444121917248865926738905612439870244913151 4406617146500894802135841529003461293374898618220464166699200339696615287935514629075400649076131459713312993829755 102829032081819463823830784202432051836808814025452737092820306680380762677508906288330015521748939996088669222496592 -2423424186456328361207750265926514749691 390
0x0183c663ab190cea1b38d11df15ab92827d9ebc94e7bd5791a862d2d2922ce85734e5ee03a7fa3707dd27911af4254dd25f06117c1f496d8cf50c7e99f9f1685
0x00ce77f63df8b201f8781adb15e2d502376f70d996603c81682fb329bbf2b8a3c429dd4fde25a966084c5eabe1c4e84e2792811f49c2cad10baefe2b82cf83d1
88381546413195830490356121814345177109849335243162749316048866938595612502926212981848292492799412243073940471444121917248865926738905612439870244913151 857465712294715024480691948864667750987465162737925627012212878128726814803165895058163520486263931072631063543574639 1137153994921063651291762438646882512773596558482855511201201426882464210055115494485190239950332525735044671952868872 -38927497216520959093794649279378528209841 390
0x00b400fa496f7235a5bf75fb9fdc7d8762c22d67b35e0b5b57ae89cf15b900ede702a151f815ea76114a315b0bfb83c0428a684aae8d8fb2f7b6b36650ec8bbe
0x0195daae9bc035c63821e6fef636e4c9239170bf2f5f9cfcad9312b573e4ce62014c1abbe6a3a27d282f6c15cbbb32cffff6e7a69fd905f9e08c8cced8221058
88381546413195830490356121814345177109849335243162749316048866938595612502926212981848292492799412243073940471444121917248865926738905612439870244913151 683053717399999509127147512633048658664379588008405854072396327580365590962345437504282902164604169865669607678921859 519646800895693761966165032930087779600866657886903904159971170748329792587703218151456370649667770052879492451876588 105616409986491906165977908273161489079621 390
0x01896cc0b45fbe06ae872a6ff967f09e7171640f3d1d51755b7e2d018eb9ccf45496f4c65b716518ac58aa268349b053e3dd75f77ec2a7460e68891a14d81ecd
0x013669320dba3ff640fc5f2a4ea97a11fa52df31660e20a36dae25db8ea0b274377d499150420dbf71d6becd034518b6fbf2edf9b69732a3eead7daf8319c50c
88381546413195830490356121814345177109849335243162749316048866938595612502926212981848292492799412243073940471444121917248865926738905612439870244913151 116940507477546135665806146156641672196757850626490682686013685683261643759589905287960620854675680411753417696394599 123183156371386389466404782813490041947447964461450995109201417249106446841376274255850536849342754289719793356621436 -54864969419101912114837439983423708208577 390
0x00dcf139d029754cbfad4e6d95584164979a319aaac46285a6fd2758b569ee0a11a11288ae591644256e93104c7495027ba797d506a862053681407504d77dc4
0x00ac04927a4d7850acbebab86dca7267287f3a9897c4de3b844f116f6a4ce426e97b3f2604faecd77fc3faae325ea6b6c4f7576681fb4c91c8f182b2d6e9bdd2
88381546413195830490356121814345177109849335243162749316048866938595612502926212981848292492799412243073940471444121917248865926738905612439870244913151 1056872504110478355950362660064889347097068161572583229145191070495632097811768018369245915338940572531036357033077339 1187110067401269630845373294093360213790397290872318620731416576219216395475692716991251261715961284471356363506616924 -39648428397706507610876710745900389924333 390
0x004089b65516db885263ae937dc5f33ece70dd1d49460c23c058ad0d8044ca818abe30ab8dc96cdaccb3ba5c79c87ab49a3ab17c8c10e57d50a2a0b726558f42
0x007bb9edd9839d1dcb608ca46232dac354147f6745d4dee841cbce46e503e590fa8c8154c4884e03095c3ef6529dd83e9c9567bd58edf469dde9bfd0ebc11230
88381546413195830490356121814345177109849335243162749316048866938595612502926212981848292492799412243073940471444121917248865926738905612439870244913151 1081467545770541756620312857083447529833024182406776573268345320426830080352547408741515739187402194549067220820478305 48980385736775981517079945850157340353203342179342613280691925917460356819031013589314750429737183206192217544746904 132651390757248660745053389737626086043777 390
0x012ee90cd69308b781c2fc6a39a810f2eeec59ca88fd03d4eeede168592d8cc3f23c547431b980481570d45d94d0ff27329131eefebf70dc1c3ab9d452ccca9c
0x00740bb4611bf9fa39d49476985216993b4249635fb865fee0ac676cab67ae895901bab1df7becadbf9072690d76145ae80dbac502425bef207297aabca4408d
88381546413195830490356121814345177109849335243162749316048866938595612502926212981848292492799412243073940471444121917248865926738905612439870244913151 897317050764483285908622882067524983470942497016469041353201475452802204416769776432305431997409392315824060338278509 1142084077688360391277761781977576210868700288949280702619948592306408002542019753602549166445681409053120820581361732 41641645714160111417869358681262233505781 390
0x0086299e3b8a915a15676e80dd01df3f9d070969ad7d04624048f9ff0ba18c57477c93c49bdf1de201b12c9507cb7c03157fe87de0edc363927cf9255753148c
0x0165d5f6db932e7cc36f4535d3222126be69f9e64efe5c2d6fc21793d547ec471f3a3dc80274d95ca56308f9564b4f68b347868756103dc758a3dae963526b42
88381546413195830490356121814345177109849335243162749316048866938595612502926212981848292492799412243073940471444121917248865926738905612439870244913151 206532459284273002877827736883709876137202836968012266877415329277265208137607253707254119281803988121343731420662195 665922214190356950459526277168024986376617547126188512543099802400326029069703584468636529210972688442400113120060908 19817596592868466014606607502316195902571 390
0x00bb84d59269799874e8feb2731ee5a684a5aaa6e0d463fa33a36535854a6e05625773c6ea391bcb251c083cab3afe06ae3cbc97a987905e0d3f37d261e44893
0x01a1ef92102e2a5bbbb3a7b0a4fc2918368ee07e4bcb7a14c8463dcb347917cf0cb3ffff9d434fcb02959579070ab2b588854c8e9bbcf4ee3e9ee8d072046de9
88381546413195830490356121814345177109849335243162749316048866938595612502926212981848292492799412243073940471444121917248865926738905612439870244913151 241310702476702543410177505083419573256221400654084322366300252160084464677621080367131667520195910947142259294702477 255200555297938544715202407307830004430010726949266182122600031224523294322857554384103326603663125157934572407674812 74090501360605106091948186142341946087915 390
0x00d212615fe534d9e3b59db20341041b1ebf8e2827769a607934ee030f79621be153adf7ff19044aa7f1283a488ce297f5b64cb10b41452690f1d97fc7ccb679
0x00bf3921ec7d7f8240cbabac2f6665fa92fb714d56fad4b03efee47331f372740b3c759fd87e6980e7de7d2330030cdd88895a2cc29d2881d5b58d944296156c
88381546413195830490356121814345177109849335243162749316048866938595612502926212981848292492799412243073940471444121917248865926738905612439870244913151 984779790198185340656116379473435887439554672291543658073032804205486526160135764076724431874847319835641334549880791 1230077526250096117171704393285647161883056346649693229670416077222447690831217763235052870306544909925870735117340408 2294254762038830332394067436911163660617 390
0x001197cc0cfc11b9cd4b18b5cb166bd2f758f9d8d54a7b333df6d80c3c162ce63d26cf8714f534ca2269b3054c80899e1a3ac01e7b6e3559f76ed160c4527414
0x013a868dbef335a87549032942731fc1f242c0cfbc8514122db166701a2d096ad9ced9225ebff062b55af68839d0b2211ba0ed7befd62d1cd8ea4c09ce3b8725
88381546413195830490356121814345177109849335243162749316048866938595612502926212981848292492799412243073940471444121917248865926738905612439870244913151 343507401731654499697335912868192375902206912413592017497944364302995286723521471983567672719366815543531090840168075 817753802617778542065724623702497192552137854527501896062589314808359185806395426122996496152055540460324853537333164 -29994410240517247687559177474721574173827 390
0x00b44a901912ca98beffd5a89058e1454ccac01231e3b3d22c811ba9b436f57ca672b79840c7c0d079565d17fd70b5db60769e4bc6b69015b52beeeb0bffdbd0
0x00ca941dfcfcbe96abeb790a6e229ef2e121a37f7b121e9534047309052cce70717dd6a2f37e9a142d318560ab23f649ff1a3e4ae0aba01ed70dae3dd4180eee
88381546413195830490356121814345177109849335243162749316048866938595612502926212981848292492799412243073940471444121917248865926738905612439870244913151 1245123318062566233398515669169175208916340316134249202040825014755383494329166584039145189558823486604794256298741525 748992766314679375231699514183694156149131535021351347323549220475629058866232430599359970157275954753318278757413900 -107877262925759364754389290834608762114915 390
0x007b3dc95b91d75a376cffaac040fcb1c7f6f402577402748aa97030adb4d4a053a3a33425f0b7086580dec291b81cb1e0f6b64422ebe8833a0987cef22be211
0x013ea53007962c89dfa8a15b48791f0a78cf6925bdc8711870e1e905a9c6b57028d82d0f477b4018fbbe36e6cf475f6fac3a4d38b6f19041d9edb06b03d8d3c3
88381546413195830490356121814345177109849335243162749316048866938595612502926212981848292492799412243073940471444121917248865926738905612439870244913151 694799603133116143899712061669463226644861476596579767180178236199732484241485804721594639056335164872636731400015795 515546760369727871249296559952869652427344255206004323400271989815288773267395435946474749086715673189198303003821308 106559230686665231062181585629896463209429 390
0x0127470dd259e7bda6cdfce38443cecd9dd1fbaaa2121b454a36ffa3377a573600d86c244758ed8ec5935ae66b02f932e5cbb12993443379b828069ad0941257
0x00784c97bf37a6a9d1b94ca1dadc59c7439465446915dc4704b17d422e973df48e389b99d09fcc81aed50b65cd4b1d0b6faaedd6fdb917cb6a6467e094a4621a
88381546413195830490356121814345177109849335243162749316048866938595612502926212981848292492799412243073940471444121917248865926738905612439870244913151 490993883115992576280746508517354938765333801974731721786454294849661574010076660005089849196216640289090226909044619 763745565846672111535532847082257068383107188934371373903304594406574209869748122983132299619277289973253635870898228 -68422540022707393946213804364838987177981 390
0x0098b9c972836d9c0a74ef5e9569bc063421735f663e3161e375db1c83257b6516bc238a4a3cb02fb378582f9e27edae7005ee6af7575b426a3a7a3f57cd3240
0x00f5179ac6f773bf2f25b61376702af26e8b48c95a92e72b012ee02b6a2bcd3538a7ae872d04a9834b5ca12b13f2f0f05cbe48901a27135218ff930ec87cc0af
88381546413195830490356121814345177109849335243162749316048866938595612502926212981848292492799412243073940471444121917248865926738905612439870244913151 499598370004000020777280277566362526748440506524942275273199010075544691942668107560502984151740083748804529018124927 996339852545433616026173698158742464863443950254571710392425690747574673353312063839318285180321897700668348332200888 -14095436595507050451136386301325197673055 390
0x0150fde82e4c92b928f8358f2fc64c74a20954dfec7ec22f4ba9cd4437aa92bcb01c4e7ff4d5cfcc877d5312e08f88dc86cc3e7efc70146809dd24e28f8b9eab
0x0096aa88d191613c41d5d1276954bce8775cde138714a6f7aabf338b8e53decd931b57149f4de039a5167bfaa57e27e8edf55e8995eb20679943b72901ee63d4
88381546413195830490356121814345177109849335243162749316048866938595612502926212981848292492799412243073940471444121917248865926738905612439870244913151 718058016573603629619587698288492441816250850827064560444711102504191973010126347249991280437202187910015508801146319 1105013771520198361198269210869630579504434565744633538606652622221673767040847400393643690874433266493297014477541644 -28952295138848547958848041181613047128103 390
0x016a6084416affeb9983bce86990b789cb4d46039309c2dde644519232d2f064dfe92e4b69fd3156a46b8105c6b11799624f59c77a382bb97e546bfb5c8defcb
0x012529c3b1c533e48ee18b3525fee32f1bc2737e4c7d9be90731c556990f60940c0f28fe268661417867250e02c9b758a9eec93b8a3dd711f5626cbfb2991468
88381546413195830490356121814345177109849335243162749316048866938595612502926212981848292492799412243073940471444121917248865926738905612439870244913151 320148999243592075307647927626717571269933948115820375446503610755257124203040368879318963103735513587727842055260627 416441683407937713196816908977438320112224192138398418134379099777669357236795485965474912970436929459239260900712288 77541458813091492501041081647413158522925 390
0x00352f51f75260949fbf6a21587bcbf7ecde6f5a80849e9043ac896e7dd649ded6de92cc8fd479ab7f50c6b7f35013d20e1c09589ed771e052f357cbc81f9abd
0x00679ab6103bd835b6b5c6a9c0fd1e91ba6508cbdc01ff9d88e69b514ec33dbd7a89baedbce322e11ee7f2209f911b3a27e2c1f149ba4cee0bfb29c52b21901e
88381546413195830490356121814345177109849335243162749316048866938595612502926212981848292492799412243073940471444121917248865926738905612439870244913151 303686513254280871484155634169787419727289786103843060793650726544966637772888752091948528225703102009375900015118587 820307721009223344031947403352621101085763473023705190100650247941102265270257933339855266466754576745059820304550988 2783255522950569893934458305071408440845 390
0x00d3b4f687e7cc8777407dd5c5d514614a7ad36e24d47ad6f3bb6a3b946ff30e35d6954d648f2ccb68f170fc90dc7d9480ed4a33d72957b73c45da69e716ea2d
0x01900b09999e91c8de1cbd17f103d9833a4bfe1fd4c895f0b1a02207d430a0565172ede453a13ae1875b32523fcc1090d4e41c5581c1ffba8981a5218c2f3253
88381546413195830490356121814345177109849335243162749316048866938595612502926212981848292492799412243073940471444121917248865926738905612439870244913151 313211436030984476049717098750623656100373994829060778224307170872312855903805627039339330678556697771780425212871487 130011124833649856820225665841509523082592407214488945494759456580544089418345909800506813340310092097254954206518988 -87380867635562053989227615623061706192105 390
0x00a9bf9e40687acb8d20531abb7a5e99413b8f680e944977d64019fb5f25b36ca1a17a88c349c7a976c85d1aec5adf807bb5c321b010ebd99810c49d67455820
0x00186c26e6f6c5a3e1a3a0c18d77b6139554c16f79753d78c6d35819034624737228fab8b1ece3c0ed8b27999f63a6407919689efb71a5a5f5bb6b9a170ae01c
88381546413195830490356121814345177109849335243162749316048866938595612502926212981848292492799412243073940471444121917248865926738905612439870244913151 849951128581459383179978595303146517986137716757781781254298874140700526971954352975403466254541226638372789100535231 1189153700405560650510123878065310137490799464929930921800464366812708365310968394103264052379257238198046810830114568 -8798833441368974035966398407424594898847 390
0x00870f8eb43dee9b90b7109c46adeabd1859970dfd82e5bd7603429b1f9c9bf26298ebe3738b12e7c94c89caefcb498151cb739ba963c22158afa733450b0151
0x00d1973d68a81d56a42eb281c624c8f264d59c764c8dcd28bea36b1f0b6760b7e03506be12aa115fc2cdd7cd4344a67f12285a7252489fbb81044654099e3aca
88381546413195830490356121814345177109849335243162749316048866938595612502926212981848292492799412243073940471444121917248865926738905612439870244913151 847996922165769626519149080990901469419538956073681530029775738065590601114349218179171015656619644093235813271061333 53030252380439847357330922607903165575860935436892733006235229348216381338726625328819549119327875898723132518382248 -126598498223285221929246720939561669346293 390
0x0023235e494cd4f3c47f3e00f726e670e0a4189ed50710fdb0b26c3a16be04fd55d9f02aadbbc35e31bdaf5ae74e09bf5f6af9035c77b595668e79af3dd84fa4
0x009196772b6078fd2afa63081eaddf6f5fee273bb619c4363022534760239e7be951fa25acc64ab8dd01c9711448172ec176a953baae33f0b5cb9ab636c9265b
88381546413195830490356121814345177109849335243162749316048866938595612502926212981848292492799412243073940471444121917248865926738905612439870244913151 863834082374837969106856463323401597631438799301319677370536478041080367456237897998377666926441987182567243874783125 799619750845116664683782043694731508232984553069399799901785976236445484095911916870931985445078883344919375704213440 94708375349124151239586018156572652914795 390
0x001b7299d8f2dbc7f006a35de1d1bb436f3cb1c96cd03ed55da0a0ff1135269c3d8ce8c0ce26c2487965de972cde81b4cd8cd9b833df7b6ffddff6d7a6bd1c5e
0x01904fc746046654dff6b7928f78620e1f276d0211ca82f58f863cef7370180add67164db19390be657f7da610aa9db0f90ea02481d33a019440320bf4dd128c
88381546413195830490356121814345177109849335243162749316048866938595612502926212981848292492799412243073940471444121917248865926738905612439870244913151 1188047635827831245862583038610360557566136348025266523740976297357995491127148485881937433818770086447529984387733495 1221680422850298056511556322486984195717332920629840132529688277281421807593572876864857088930423382787186459631168228 32258925363684135822168917292120778735311 390
0x00822546fd11a088e05c252f3df4199cd6001e667e3cbf06cb64efaa834019faa95bc2ff74cf710a10740e9c5b3c3503982cc550be3e9a24de89521c2dc4bf51
0x013398a72a8ed56a133a6038cbf3e3c7d3c0ef2ce3c67a3348a9e858f24bb6b4388274ecdcacf65e851391eaad08ffbf1a3215fe21703bbefa6f1ff2a13f89c6
88381546413195830490356121814345177109849335243162749316048866938595612502926212981848292492799412243073940471444121917248865926738905612439870244913151 483388733869001459525213159247640602913804582711041512306292957641724070064603211016817508497688921668418678159546999 980516690747404373114079502160318642246483871221760203609922619596505657610023395895220907629794955580368140828973172 16443526546320459398922974635757878525071 390
0x009d9af027628cebb06bdadab2f97f5b0fe336b558dc1781fdc1c215e64bf59f535d9c6cf3fd9e651d8bf5703861274d08d9490d3c22130f69f6cd95ee9e8407
0x0090c2372d584edacec1c115eccdd60f7077e644540b3b72a3447e9ed2743d42946aaf819a0bd0ce1e896002899d74d0d610532448c8bdad378e103ff89fae15
88381546413195830490356121814345177109849335243162749316048866938595612502926212981848292492799412243073940471444121917248865926738905612439870244913151 319248244691064302607336448701961716816386042821776122637997381025759918041140988350751986940480054951950409461339837 808886456421768870345092564637698850546308411228102734649462367191001654956965844945301019862433567257641296971846680 23507681600084526907501884513652555474013 390
0x0182727b61523c66931183c166bbbb5aeb84a8b1448498a1d1ac8f3a2595f9316c72b0c75d7adcb4367715baaff76dbb50e5ec6838a63747262768d8d89173bb
0x000a672792e5b503ebe7a8b59411a4a2458fc1c5b03ca9d878161b022a339670088676411d4f00ffa0ffaad0fd8d67ff7e4a0c385054ff49744faaf35a1c6369
88381546413195830490356121814345177109849335243162749316048866938595612502926212981848292492799412243073940471444121917248865926738905612439870244913151 1206922978106991872147136148357866273554285541557292495606128921372020876952125115477675588131608640610556552308989797 1193383906071017266474486679285796215247191105407870732889551604702747556235601263098063790077363825883137726477259612 42905992112047367429213611345078418637395 390
0x00fed7ca1a95e0a40b7f603dde0acbd462666362cd736edcc6729c35603c7f242b887574a7e8a7bb01a60d51660b8afa4f208e90f9b368c6b61e4b83091fdbae
0x015c7682be559fbd2a7cf463d728bb66d83654c84e6a7d21eeca0f36532d4fbb68e5b8ed4e87693ee18966c01bdd50ceaaab806d2678a5924d3273625c007012
88381546413195830490356121814345177109849335243162749316048866938595612502926212981848292492799412243073940471444121917248865926738905612439870244913151 1166170506990741809329969118485919142170529174675220117716492331872101607978180318794888655897970974016900508378999237 1255547596518848597048149911772235235968325453581271530024262063635546763596940298642065932819960273041524442195765100 -7065294531085900871746046120682419210163 390
0x005a0fe8034a15df53d8726e9a866c2ef0b70da2acaa9f3b8a39c39601c13c2eaa5525315e757078efad7a08e5ea156124b6fb80d9ab25617cec23058c59e5ab
0x001eb3f9a19849b37a0a6486abdb5799b070308b5ff14460d10d6227930d12c72ef16acf0ba73bc687e706e6b8bab53aff801600ac2b31de8e5d9076b605b1a6
88381546413195830490356121814345177109849335243162749316048866938595612502926212981848292492799412243073940471444121917248865926738905612439870244913151 944622904919120954688371460362694665088781203151381098300854460162513109885148206696419919666419172253229551052360979 1220466221192554480043723829084554196712121419179874751453781289717583458785465263225235252047730591715696089911417068 1620786535495814479793163000683873362741 390
0x0032c8c15a99176748c8f48219c3ec6f5a285e9ea7904d07b8d2526eddf55a57cbd1fdb8381d5a3a5f07811a9170bf35d3c3886804421db049b078f2327f2983
0x01478f558cafbdd9af266e58614ed1bba203e6cbf6021520984074901d7e9ff54f0d8233e7caa34735c2f7b4652ba6cea4743500e2e31b30b992db1c2114238b
88381546413195830490356121814345177109849335243162749316048866938595612502926212981848292492799412243073940471444121917248865926738905612439870244913151 1166046112237644380261488577301658419425400483417836783607107595588440433993216133815736851508183941473677529756185929 1241152564616549077019504570704394369792914355679628063032051532463121459293276203916584336696690885689555563155928584 -21361144993508843815492892747005374336407 390
0x004128a8ce2309581f608c25441268deff7c7b4a6676d889df8fdb7d399ff5eec7a3737f5f37c691a5eaf5241d3f5c7d5202ae2e1fca9a18fda3c8c37e9b0225
0x00b94f2e4160da6ae8c996e1444bba1c8a1f0c2eec691985a581e9c3fade5c5dde95126d84cc6c64822563e670683295872e7ba3fc6e1b3092a2f7cd44d8bf77
88381546413195830490356121814345177109849335243162749316048866938595612502926212981848292492799412243073940471444121917248865926738905612439870244913151 557109165439651281907806323836093883756991850923724449972901253483502171058797595309374107453872124642796928782317325 290195012719922971176912193239366935618063394579131654198561311119416775078179441408125330432735299062362790071264820 106916107574338453490409407114971258359595 390
0x003ec3336f3494796140d28539c28a7fb65f19be199175d79822ddde5769ff2bff043346962449d840ef72b9fd388430b397c6bc71a719d820fd4ed5efcd4a60
0x018716bcccda4e9b4fceb5ee80a48d69e11ddb6915daf26324946f38d525ba73236bae84cded6bd5d6208fe874dad580b0a1ece1706ae843ea379bf2620adb20
88381546413195830490356121814345177109849335243162749316048866938595612502926212981848292492799412243073940471444121917248865926738905612439870244913151 528727472818593542596288301180011670962129669569062851900308192585832705380840937583664815297957662398013197512647795 910697784887850600332267943220004492273525850503459635229306015441320754712287234535773268641799556109772375425592916 -50386597783167897564661033072227766323157 390
0x002ed3e15fbc0010708c58ee57742936471a661387900edb52d743b062508f28f927079572b53f55496ca5a92fcc095144320f275b95b9882bc1d5a7c2dc9822
0x01ad3f042d3f648ea42e016972879ccf995901142308adf5843f5c572554148290b5a6c16ab0d981183a4b9f1ad52f073af3c7dc57d3bb59bd6b7923644f6a1f
88381546413195830490356121814345177109849335243162749316048866938595612502926212981848292492799412243073940471444121917248865926738905612439870244913151 1193242571465445864132772202966890531875066966845227088069607702537422948231987611360607579407745990023462374170502195 519051506061510094044859506990301522831423693918521778479197123429941530556388951806914729924179454842796302546635864 122014858260405246448019493988663332614803 390
0x0130778a5c00f348a271468ffeaa934d4d98cb8531386d74bfed89cc7397e9af8333ee42a8fda9ad817d9f84877edbe2e48e7331384298d250b2af10851e0472
0x0043c1ed8f7b005fda00d2d2cb160714085e06f2952173957bdb8e1f1096c214bbc4a05cb46a6049d56a4c8943252904c4fd7d30ece7ad3afa18fd05e88175fe
88381546413195830490356121814345177109849335243162749316048866938595612502926212981848292492799412243073940471444121917248865926738905612439870244913151 109639968797931500774917105557983736951990878393704806762657303886854511014302919783427302656417954102311976489733139 488535371580711658548006071195536902617979221280563885034178428889687091003898771185999240431203766322703284396952172 17083729267552024718240264577769627186741 390
0x006243045fd1981c63b4a06b7be59d913facfbaa9cfdbf38cb8980999b213be8c4dea0295cbc73cce01b2ca6025681819fd02739bbe4121a9448c95085c32107
0x00a63cef73a46b19e58e9bc136e23d34f0f1d5cc28b9737cfc19fed852c01b90c3fe5f9e832273b730f3447431079c5a4f6b313c631daa1f730d42ee06be5a05
88381546413195830490356121814345177109849335243162749316048866938595612502926212981848292492799412243073940471444121917248865926738905612439870244913151 17764452505935831132073065654333720906131647034100850183483921415215338435820744079888605835193198765786257396424255 174929605611051436793561065453079284873040610196081303855533540534388492846248945867596524486830751006938291322353188 12532347266975893837204760138395429525801 390
0x01a5690e8e331e05afb84809affcbe579cb0135c55349a0ed3adaeaca973d56f99c51ac9fa1647f843edb4b35a36a38f04c7743856e1a07f778b56c0de823ad3
0x00b3002a9aa5823fc8ca12e9c94aba3699daec6a4c296c9edcf7946193055070d0468c0a7d471036d71a2a9b6368904607e6b2f14836801adf90b19097da242d
88381546413195830490356121814345177109849335243162749316048866938595612502926212981848292492799412243073940471444121917248865926738905612439870244913151 387668964643902143758433672530629942083122845699867876248394311465075590936018942152412238211836310239074346118617369 797784489219553291612713346993617478594073459152600061573001921682959403325387062130949967929378870334386024042922108 -46469029164263779155559342696087824889791 390
0x0093c44ea778873306a94b6882c76e3e5507e42a498cb90db987d0c200b0ae0aab65b8b5e10c3a0720d17958b0ee8836ef31daa39a2652e999e0107cd27ab71a
0x012761fd874acec2fa8f6d13a49f08f7879a976123cd8732fc444b5a88757d2449d9f04e78aff5e1d7a29d707041113f8b35d2d04442ad2e7cd793a7868cd9bf
88381546413195830490356121814345177109849335243162749316048866938595612502926212981848292492799412243073940471444121917248865926738905612439870244913151 134297203414102166307702470764845421060925313231233847532097403650477697582587268838351405906990472557917836563967501 468674417131743553217369865344864281928868297205285386988566650882750872367720226652747651624147087867976408670931792 -33799834201886535757158630193329372896397 390
0x009b2d758f4cf299e7fa6fce787b0c13a22c0026ebccc2fb68918a88561b50fb1d53413a9614ac39cd9e5e2d2458fcba0efb37095ff1ef1af2b11f8b91476979
0x010262c2355e0fa960ea8ad6c335e5e362385f6b274c7349c18a6ee481ec50078f90a1a4c04b938c15b9c06b5e57e6d2f18680b6d17e741e311f6c78db178b8b
88381546413195830490356121814345177109849335243162749316048866938595612502926212981848292492799412243073940471444121917248865926738905612439870244913151 624956645705308387783360181570356108446119281861896185912373076179785787660662819747337957610169503984722635396899197 601095680760871225776629350199802622105385415162984289915730902368553252049162478393039515825955576731053488446249612 -96561714372705519303237540498065902581445 390
0x009e995830415909cc7d3efaffd4429eb709f536a161ad60041f24400bb6918b034f3f420de1afd93d0ea8618155015ac23e3626e3d49a0c4c23dfd7924de9b5
0x00603184e31258c7b7ff1b1f91ea0f8bfa3bf7a50415519510954662c85f0f0595346518542accc588c6eeb7b746ab752c0b7e24e5ad415fe96ac32e498934e6
88381546413195830490356121814345177109849335243162749316048866938595612502926212981848292492799412243073940471444121917248865926738905612439870244913151 267482185266055938482754705404577876093215927005306045401439110740365264513280787120586352790302622130168541857337469 596721645755737826998108508308718477927465959543764277982908543005026067751618874312527164504107308618579695951772792 -52853585255730470776781425124090094304541 390
0x0054623dda55fce80030025aed77cdea3fa69fe1d3585fc6a0711c39e163a501ae8963f53495c28a0e1ff46abf91ba791df5e8eb10a8019aafc186589e92ece3
0x00815a59c38c02417140a86bc96519c2cee5f31f9655d22415cdad30999d82a6c9d756337eb2a265410e92a49a61245fa3b15a6d7ea3aa3416c144a03e857995
88381546413195830490356121814345177109849335243162749316048866938595612502926212981848292492799412243073940471444121917248865926738905612439870244913151 647828623214279012533359312565506753484255695589361413817222389952621340967166386925454763107164881610491503247119279 270946915848063702352608579815585787008365637128316239711385866638529383729502207884748701327212152277013892021324088 -113599669217702342141210246386842369965681 390
0x00f0333279ed2a9fe37ce3c095ea1c37ae1ab2819122a499964610046e95268a6f2fefa7d9b5115ed0e0bac441779ee51dd1d2290ea2e6ca2d0704c7378feb6b
0x003b5f2443127ffb608210de66a4b70fddc0d019be1c37118e7a563b22a0a5aa4005ba66d80e182144b95d33c4c836bac990c9d505f8a9f686d96fe2101799c0
88381546413195830490356121814345177109849335243162749316048866938595612502926212981848292492799412243073940471444121917248865926738905612439870244913151 1260847631114646899860443263524081887170703559996018588284838142099536400099709371847706086492593537183508561913459255 211239868409470281092398898647363429100271736951810342201638711034194628987705904157534437457960232141576931347944712 132222511640268249418570171843771899038999 390
0x004670157fe453c7b4c053d90da983726bb66cd12d7a568c7cc6fd6f44aa9a0aa8e6099ec236f5fc1e07eac2a5a16284dbaf110cf9c1b1047fd12af6ea191d5a
0x0171ba468c9a5323441096e2a2539e9bd6c7180336715807acf738abdc848da9109ce70ea0d75baaa54e5730b34733076913ecbaf1e6d7404cbebd160c4c111f
88381546413195830490356121814345177109849335243162749316048866938595612502926212981848292492799412243073940471444121917248865926738905612439870244913151 670260633089033460490238373620254355254131967095944640883965637876165330129552165122441258051068784567887546615949619 1064572541180999653968832444728732671659968007699002862611210793168744967062180352244626384281194502173205875536831572 -34900267870964371126261526164026780624619 390
0x0083b5de8e863eeb3b8932f14bf756077272a6e98bfc268834ed051bfa85defa85aa9027d0a910a4137c38631adf029219c3b8cbb4c5ebca1f099d399e59269f
0x017403465d513c73ef8797fa72babc2f290788624c37bdc7083430cc139c9afcec5255faf4e862bff967154cb137066ee3c8bfaace86553f23b8aa5a727103c9
88381546413195830490356121814345177109849335243162749316048866938595612502926212981848292492799412243073940471444121917248865926738905612439870244913151 714573567661103156573534935218646787969279498929981060066913131932855194870171209550401659021124747823467470630135529 962487581926327065427285181686741367360910909560610524791343929739184207269442472533867398320057191082834391549330376 64260405101582227166776087139312831826423 390
0x0178f560b5783b51e61e59798ee29b3b7c708bcdee4c5e560bd4cb1f39ee1d070c2956897198768d31c232583d57bdfcd2234769dac6ffb23b5a2dacb18d164c
0x0162cbf8ed33585bbc15f78bfc6e02a0208ddb0dd355e8dc28a073aed26146eb0228bb955d6b6354caba3f17260c4095c88ebbd07a14e640d9f9cc6d6f08e433
88381546413195830490356121814345177109849335243162749316048866938595612502926212981848292492799412243073940471444121917248865926738905612439870244913151 937972697481710885929921942864875289217502509226423163108240801850496594906049344340046481490763976816708803648685705 1216712852131821025619027145405858858798502135825561235044359117280502007173179374829333662340470901247790801786176312 -7618232240057880258624978964200527948201 390
0x019fae0ac3c5d4e3b51a660798afa79abc6d62eaf0934bf1186c80b4ea34690dce1f59ea4a2e2f1823b3d9ddcba71a797e864020957878d05568cb6338e9dc7b
0x0066c316976c2746dfe36c795e8310da92815ca42f225d9a832e199abb5821408a691f99468dc3b4e5180d4c962219b8ebe15f20670066c90a8b7d00bd2bd999
88381546413195830490356121814345177109849335243162749316048866938595612502926212981848292492799412243073940471444121917248865926738905612439870244913151 220020393148090329120012821400317043531332006410784246269966077489154411584213785600001383423663599271228993516888155 703104349914939398844374692762777288155411062870425130041503045670761569573883204598908781616052565189523433557660188 11684721660924046666694249602049973080851 390
0x00da87046ae667f900f59913d1e926c211fc05e63761b4aa0a0d7324f8735e4359848ddde744044065587d5eee7f30afa225799647006afc9e67471b9ec839a5
0x003533dee54b49078b32d61ff4e02aee5954239e8842bd966761143eaa2c9ec6ab33f1c86c90a24dab9e93ce143d4919544f3e3fa640e2d576e69ccbad3feadd
88381546413195830490356121814345177109849335243162749316048866938595612502926212981848292492799412243073940471444121917248865926738905612439870244913151 874304758420719578612267945946206262930826265516285382604000740284887461842051895112637096710979855561834011828634457 273680646169145434701922499546596888498632077967540387627554364478665423826761137625295491864358095426635402203359012 124295950663674427837822826772799744596225 390
0x00d0787e5057a3f1541f392c508d0e3d82e023d198abd0ee02d73c39d1d61d384a63edbff559275e00e79353d4e037aeacca91a9ed8977532db3dc94ef4c0c35
0x006c9a2f217faf41040d27792b7eace6d4dcafa67883b5fd0b573208a0f5ebbef39858e520f241a97fd279fc2edd4fe283738837d59db19003aae400f6810c3e
88381546413195830490356121814345177109849335243162749316048866938595612502926212981848292492799412243073940471444121917248865926738905612439870244913151 681346267002980675294646436919091756392328715414000364227096696212900485929301053279450972014984047777753233635732105 346515524319598912701755244940016532797569438562052514720230268515252909572032967002400437801110132319778350939612148 -113266055966801379800801538256567640913521 390
0x0115180e57159c6370ab513a3977e329e35205fb6f9bc7e7d36167d295ba7dec1705b338ac6159f7c1d22bd31b90cd93b0e7b11b8b6dc62e117c20b4162ae656
0x0188eeb6f25886a3fe419b2936fe5d98ba05ec87124c185b0a1b826e6d35ef4d163d6e3e9d04d3c63ff7e0570ddf54a1d88797fba5ed6cbbc962448500b87322
88381546413195830490356121814345177109849335243162749316048866938595612502926212981848292492799412243073940471444121917248865926738905612439870244913151 1224533008355026767057059184910620898108948243971260213561093360310815630971442931737943366671034361669738620625909931 1249758286175276992932535127940671459502185107848953895980846696558702355832533633807766587402730084149569778007796632 -17336287713914159790978480286066073109003 390
0x00489eebbe6c274d40b908c6040e2c01ff25588d054fd1069814e56e2e1fb4a1f843563982758df37a93b53faf23786d404606e82e297dc38783346a55e39079
0x0048247958d07cdde887b1616bd732eb1f5d9dcf58577462c0b797f4aac0ddf5ca74300c7dc4d45e15108cf864ac4e041205123f99a23b92ee8fba45732ee6ea
88381546413195830490356121814345177109849335243162749316048866938595612502926212981848292492799412243073940471444121917248865926738905612439870244913151 656889667940162996728032402848050079756805838406450846012647864992097325610027959984020916229701413075021739169792299 718763416444095956753974371622304446970224204831515655157503878512736335131590032887844596586420112136064676178238140 -89526175342154647321555963645916849483235 390
0x0177f98fefe0c999a516f829708f2940a45597ae1ade58ba13aeafb675ae8a8703e511776e5763976e88e1caa37a8a2ea2f91ce65f9baae16860c66a750bff99
0x002c644a1e7b897cadaba04c0af6d5139f0efe49f01bb8ad840eb5079bf5d93e5bc51915b78a012b4915056188df50e2f397de74882310d5fcaa411f673d69f0
88381546413195830490356121814345177109849335243162749316048866938595612502926212981848292492799412243073940471444121917248865926738905612439870244913151 172201048525886935120326757663505946617452212008851511752836671484177091912962008131317901167698133773607515100488749 279670425164222109167885466822768232774997314771411376383861257080115743782386163069436302359588786850113975225057400 -60768426957740544808046807974460840717005 390
0x00d6c65c20598397ca3eeaa244a22a5f44396b478615327f7a8147efd577f0a98d93386fea2b490b4604a781c741a53758d860f0cd904946a7ca2b145c334fa8
0x002fa8e072b48ceab0b507309a4736d3ecad1998dd9262087f21d23a1913bdf99f3df8d654aa147af212ea5372b009e31b09e87f503272dddc425bce046b0ef9
88381546413195830490356121814345177109849335243162749316048866938595612502926212981848292492799412243073940471444121917248865926738905612439870244913151 457968880053899688881095518609799025712547724600420353294984339162483087987587529816998787573643690690149721928925879 880907168902408617848994365513243548696310350017697185221683168041282908502794922168281193188219781514023860505407732 -43746429693911583253044358019071504879409 390
0x003eebce367c018f0d0b4656452177a6ea854d974dd39dbd0be9502c02c54366b057b9dd293c23d373dfcbf0f23730e143b86a1270ce153b09b60b5d25cf033d
0x006cac1314f2513347512fcff7aacd6d393b9f146eda57c4c1fbf823f2137e7cbb7e50b1c63dd59d153a88ab1899f1197ee2389fddf8274f8ecbfe8801eddd8a
88381546413195830490356121814345177109849335243162749316048866938595612502926212981848292492799412243073940471444121917248865926738905612439870244913151 473464895384797200080162668729715299236055953285008183457198076740242791684986193117815077316192872393687910760956019 887199983234967287875900824102827218902195609688252116037789842236492383925543480950619766206983721273732139845024236 45460836889504938883591856699811219935957 390
0x00fe27bcee2bac6d913fa0b2c01493a55c0f414410dd57cc741a3dc02f3c707a3c351e32bc767b8377786b288988fcc6043a0cb441038c7df856a35b12a7e03d
0x004a7ba868a9a86f73c05b0b7bb42b9f5a304f8105221b5c541519cccf3136039aaecf4d25d4f2ed42825f6ad2badbdde1ed0a9d90de49bd74d6268cdfe4955f
88381546413195830490356121814345177109849335243162749316048866938595612502926212981848292492799412243073940471444121917248865926738905612439870244913151 368225919695960559954532138094760206789583668724855556192970828899010256669488941316437572181863998945415615746082589 502719560702773659337574307018985151210284655274128573916436456101834252270203197733291126203247528142034343381618176 -78183656213783637607507775759001659705117 390
0x0157f037ea2aaceadd255d347f3f9ad29cacecb5672ca59637e4f503177a7198f97abd86cfbd2e10d0ff25f6d541b03a5516c2317da5ccce74769ff52a25dd72
0x017a9894923fe013bb89f40104b4ede1921d533733389e2c75beecc068e7517425a34804aa7e73f534fb6ca4ff98c78ccdea55279411bed5bde17a658131a273
88381546413195830490356121814345177109849335243162749316048866938595612502926212981848292492799412243073940471444121917248865926738905612439870244913151 654122641147375613188415219370442522023807037023777850664477037317928216961632853550726428851389356173986250062714449 185290696410123323224325849406026420804819774598622484358256153077925452504423689547698662711664162567917487037739792 115904785739128593530832103872803081961169 390
0x01a5aca0078790fe5de05dfc0e3595dba9e68e30e7e718d25f8fa77f513094faee1d7f756cbeacfc755c557a743cb36baa3419428d39a835d6bfcd892ce96851
0x0011a480c7c1dcf4b6e256bf94385c69366b3ebaeb2ed78658876f9a96bc84fc4564e93fed322f6091363de91eb36e07a085bcfdab8738062dc0469ea7b234c5
88381546413195830490356121814345177109849335243162749316048866938595612502926212981848292492799412243073940471444121917248865926738905612439870244913151 1024827634500716643723741113990341755144098822301288023273042659911913831696109781218635760050761307891695067576314543 337855235833727652986362316587638262305832523132117369367069490742549546371482966488585645065849634430877961622877688 -126750885923758320181583139940967322928783 390
0x00e333d868b49f036207ca678262eaebea429df6173208b528620cca3c341c5822c30be82845a257d74acfb92d0d40483de80aa494ea14e3cbd5b3c8bb31ba68
0x0177c2f2618feafedbb734d6858fd2fcd02795829fe7b2b047d0e5d6694e748dfa8904c3af495110f8cdc2c77dc2418903c15c470bfbf40445ca32590ccbce85
88381546413195830490356121814345177109849335243162749316048866938595612502926212981848292492799412243073940471444121917248865926738905612439870244913151 1026305099470968454329170180844097155749995519525005589315371202192455759025341700192177278998529043190828543289455499 639238586656913433886586986354513209646704174321306404953885697630453153068553173887189362834784075830813822245361624 -112879311064665944016046228981436991851243 390
0x005a933f466be5dbc0cc9de9f808e9c488aad521fe0cd19e9743f8ed17da9612f8797d259e3ebf785d9b28e1d9f2dd107f394b97004b32a216a4016efb82ac5e
0x0135684e9522e815bbc1eaf52bf57d7462426adaa63cb2fec0c35cf8956f599c918e2f5694d9868fd899e37abb2f8912ad51117ac4584d00415b9a875374794b
88381546413195830490356121814345177109849335243162749316048866938595612502926212981848292492799412243073940471444121917248865926738905612439870244913151 802000432404212324127741908568845523492740220826683870720297981549349186212541704580732516807989810155025601288452285 1092978172374807913491779954728966584806829624310757839544400678622427354577240888805206277528855778618932127194343092 45704618407752858475643848453371349258501 390
0x00209e45c9fe464d82443bf21d3fa23ad729ff4f5c18e2e008aa986ca546c630dd78429d520e22a377c607ff0df1796c75ce481e3155bf13bde043db90ef112d
0x018a90f1a59d0a8948f1ec2b7bf7f645450f2a9472a29a9c36c64769f49f25b0764d820000d9d5cd0f0c814e7bea3b145642c7b849c5e51f0c567ceed1d725d4
88381546413195830490356121814345177109849335243162749316048866938595612502926212981848292492799412243073940471444121917248865926738905612439870244913151 61157401384371974911753832394124473533878437728720733312708904412445920539764765026780742615600793690558639424566725 296507548527955615184002605900901880071228592966591455293244081211628869699473077528327866804005624793705594374970500 -26606412524701525683355056963190472359795 390
0x00bd556475fbea51c9de66756f25907d34cb58b5579fee358199f80740150584753534b8b40417a611891d85be4b24d4d2cc77ae2342dc731141fd4477eff4f1
0x017b22f01f29d65c3139a85ae4e0a8c046abb617aaf4dc799c7b85e9d75c5cf3e7b6b2db4ddc616471d9fec78ed489e270fb9c06ca0b5eac9d95de68aa6f664e
88381546413195830490356121814345177109849335243162749316048866938595612502926212981848292492799412243073940471444121917248865926738905612439870244913151 818886422640639716275701414650595656869514492657883662567523215098161854232234048929871934528288861304808167426057253 1091204574648068537829328673305014133687980476104156056589015295798689620594166949822113358379768915227909709012105032 -48008917144285441256075241936550037473733 390
0x01351dec82d0f0fcf3da169d27f4bcfff1233ca0c629d7d4d71423f5983762ba3b56e54cada329715aaa3a2af9387de12fb46ddde1604ad2bc96ba3c7fee83c8
0x014c8f554cbd0bb1d33eb954d763a88e0e753c1f9fe660bc42bf82950f2fa8f33a5d9ad367705e99db0b3c4dde7a13bf0cda4314953fde860ce8d4207a9d923d
88381546413195830490356121814345177109849335243162749316048866938595612502926212981848292492799412243073940471444121917248865926738905612439870244913151 603072944054513728679403607811268412736825720966555546347653871215364688078462503081612803286901075759698431611159689 559209479244435119688477825225801145083161224062468103974537068961018539248670757617997069437798058386871807759616076 97743213961237956584482602924377916312433 390
0x00b8fc1180d1e63c26bafd30a8ed8165e4563684e4d8b61375ebf75fed28c45324bfd791d35e3e38ed552165bc401b6225ef2f2553a06461cff99dae6ba9c7a9
0x002d3071d2acf1f5c81e651200aa21c605b4b724aec9c2db5f652fd8684c99ccf413a6a1eef5a0896648244679dd8a08d69189d954a1a9f989a21a2900799459
88381546413195830490356121814345177109849335243162749316048866938595612502926212981848292492799412243073940471444121917248865926738905612439870244913151 761166790608065810259938513962674151626211261227067341033332629205741132223766850650848002017873029976309126805815599 667698471430313669107479801220592058162068451108834477361442194546722181616277512181526513034034136896263805153714112 100589129738844028238080603808718534342959 390
0x00337091d987885a4fe66386cd790f15556c7b950fba62836abb3770ba889ddef8a22f0c240bbd2b3f8c96195ceddab3baf24a2be981b832b71ade9245dfe4cc
0x000b50b938a566f5673e1d6e540129554bb23aab9ae799bffc04194e3f636f9eb6ae015b87efd2f8dd26e8aaa0053a84f47224b9f8cf24b1870888f7e815a8af
88381546413195830490356121814345177109849335243162749316048866938595612502926212981848292492799412243073940471444121917248865926738905612439870244913151 995469225007676244453390731882819959568307227442357971257437131247589776340067834147670938186374215634377151223503859 182139422031658332134689743149064179846132958355431577580272761797800047733254855599503263079197879104016087485178532 -129674129060468375794566697954899815976981 390
0x00f68b143a05f004cae58f24182fa8e65b6728dd4a7c487f295f759567b8920bb8735b83823a0a90f650a3320abe7685b7c0eaad1b8d20a7891e0af7d2635cb6
0x0001124285bbcd3cca35a577382e8c1f17b259ed82f946dec53fe0f52a82a4d90cd9f657b8bbef1b1cea252ffbafc9e3bc9f804b7febc439615ca3dd87e4dd33
88381546413195830490356121814345177109849335243162749316048866938595612502926212981848292492799412243073940471444121917248865926738905612439870244913151 1230095897905141858740040469402269045805343181993395952191016902969403328625024524618291845311440916065867545167331417 1137952360206541332613719938815135332758232712198081420326031401221229498824117197841270473427364054749025554873530000 -57665522927654328525734887689434616980263 390
0x00784dac5157e68747e980c76f0f433af744ccc5392d289fc743b14bf63fab5eb703baf0a79baa0f58fd222995cbaa44352d3257c99d9325e16d94fedb0f54ad
0x000d410b6a6eee1c4fe0cc1f7f5629ee52c4046f1e13f27c480c9f0432f88f088e7d3adeee4b2723be6ad801b2f5fd752306ffb92e378ce1530d2abd2536b4ab
88381546413195830490356121814345177109849335243162749316048866938595612502926212981848292492799412243073940471444121917248865926738905612439870244913151 886446231772742824827621717982224023103885055299642062053178045770186956906494519722650416807665350682063571680423099 1186746899196512489176419531102644475326606046389148892958133705122005741553457455487046229559865167765886297650190700 21596389462751955922600835962153079922125 390
0x006c486b4eee309bff00c964d7a985a9f124b71a16ffd8b40a1ae193aa6575ef4c97ca6104973241823503ae599cef72910e8398e11503f7f902f31346d56f63
0x013fc931c29e2cb0963c665fc796733e3d3ad7463a06adaa58fa14f3ae14fe4a15317af48834c0eb56f8ed6d3d92426792c657961703103f3342b39d58772c63
88381546413195830490356121814345177109849335243162749316048866938595612502926212981848292492799412243073940471444121917248865926738905612439870244913151 803796166513625811348790584768080221405376359986840904128001038481386605495956206693976448251043553428214725416553389 860996225355187217370369314550992200879756056602036040774325260385555226798510648313886737581953346954647253122622428 85066275461853165370796992263442747855691 390
0x00b48c284d6737304c85f3735faadea88473ef2b5c1e5e6ed6a47f67c6fd6e320e35a734bf4c0e58e714662463a277f6fe0a79e750823ee78061cd284ffd7265
0x0184aee680d1246087bac00050cc6ae8dc6df317bd14cdd9f8eea811ae0d401e69c3bd686734ae85ec5e046fdc93445eb3f624e2ec8e8ea7d19f14420bb5b896
88381546413195830490356121814345177109849335243162749316048866938595612502926212981848292492799412243073940471444121917248865926738905612439870244913151 42555991768724817372619532685535555778617768745103962864814742845183915626404361046674877218437721339575661562969057 76725501501364601780652623428748020159233269778646553116475034045622097879532548808470573648681054524204422685729488 -33572646517437246178639602647485793001375 390
0x00c20acc2f4e59d516d81326bb2707fb9cbdc8ec424b4ba652c2f65387309beacc4d53ff8e8776c7876112374edd9eb5e4885c6132bec2bd52e6b73d99094c31
0x00ce8240aa0c0b5277fea02b97ccefd052fa170e555a3a65c661024ab00dae3a72b1150f7fdb705a77622249ba146a2cb5f598181937c3e1220b9fcd5d9b0c44
88381546413195830490356121814345177109849335243162749316048866938595612502926212981848292492799412243073940471444121917248865926738905612439870244913151 707487129279862695204951455364101154220507089252112308652483670948326077957725579037241920167542021951533061475025025 1084138181115823785977683098173788495865226837645465770583088854663635011058005030307492921284277422897915313936911660 -34988579448336789695270706700984161686825 390
0x003c6e6f3393b4fe7597d27c67106172cd430e16643afcf0f3b4ec6bcb5962c38c1fbd3d4954717b2a41cd26f8828cc7eaa66103c22d665db99e6fdf82dbdf93
0x0182023e2dbe5123e2e7ef6fe57325c36323595e13d541516fa3de0c88a574b2de0dbc5f425622efd1131088b3ba37d5e6d49d7bde92d5c84de4da0be651c7f5
88381546413195830490356121814345177109849335243162749316048866938595612502926212981848292492799412243073940471444121917248865926738905612439870244913151 610714390785767852754226346991425045335272400519234810390312937086580660002238357134746649153213210245327976516564191 979357077279645758250509986003294537986532133593337233165072633064236917156946098302177074176268276595269500718504292 48505595956297911237971418776154253418633 390
0x008b66193612056433cbf47f8a1c46deabe444ad127f4e0a27b7178a16db4fc1144b3cb134960e685e6a6a7a16135bcaa673ee2d8975b4007904e26e719ffc09
0x001ea0b86362dcb951c3b04891d91c638f2d226a36692896f8226e44ae781ca3f893440a6d3bc6ab68a5a2984e3b2429e958e9b6b710d88a1edc8416ebcff304
88381546413195830490356121814345177109849335243162749316048866938595612502926212981848292492799412243073940471444121917248865926738905612439870244913151 571974478703947732082540276438456133583993331413688842255086180193792805580901786184241761428449273489070581458348619 956045918079499119329294082063033829098161103837743605660990605890699505287918987594522710696964111433812653324073012 47710914184048923482792957553493687368899 390
0x016332385bfe9627a8a72d0887af543777e24153d63d2c8c57f04192514c500e0afd7a30b84ad38b536043d61f16ea6677a7698ff5659a21c6dceab6ab1e8776
0x005a3b0e45c3ea0382f4439420c1ff13f639c345fea29bbe2f298613a2bb3c151cfeaa44fb38173e24496e3605158e07accdd7694bfb8ff150a7495e9ed65c87
88381546413195830490356121814345177109849335243162749316048866938595612502926212981848292492799412243073940471444121917248865926738905612439870244913151 1139193690359194165558650825010593337410156242957435396956564043852589966504268742531227610003210749126493021474508669 277583897340052389274308060993128761050268123482220601053596657447433578142651042449636868489334892375418183605544648 130185855308047770652082689303687385971171 390
0x00ce2c1bc946babbacd121f67f1adb646052213df49f8f2c39cef07cd2e8daa6a81579c5b9c66212207ea536f9e90a9a2abeaa099401936eca9e94d6a6b1cffb
0x005b43189a54c143fd8d679a4cebd3eff8314208b3d465d6d7f95705f912f835ecfe4a896773ee334d6139676b0e37bfcc64eccffb7b6b1d027164992206b7f5
88381546413195830490356121814345177109849335243162749316048866938595612502926212981848292492799412243073940471444121917248865926738905612439870244913151 539894178004145433464716552663206502222921715842204773628135394256751575133844290545261671326125186124031900206041799 935922735653515794372991918613399555410823078529627397856243388566979214762289049744894533710645762645090002234219448 -46854678284803790713097585252929007705689 390
0x00a8969362eac0ecb55ff3780092131f0c403400bde4f6d914abad7b50efe3c320d3040c8211f93f3e9af32a69ae7dfe7faeca68c2cc6103808cf9ade31cf18e
0x01520e77ee3cc9aef48759e1fdd714eb896372b0f79154e0236093015ca33cc150261a4bf0e2d1015b3bd09b27518d18ffdaad91eafc5a960910a54c8b783d82
88381546413195830490356121814345177109849335243162749316048866938595612502926212981848292492799412243073940471444121917248865926738905612439870244913151 138695011010419123293984926116791027154552852086501294698504260143237106860416726911461155942901404057390308221057557 444548241768627612545152018891836740263582572865883509992764300199400084882112405883093509264820156161390552607841988 -38776457827007000592774974601360763930275 390
0x00a4af7796cc94ec2a3ed560d279e7c9131f2721ed4f953fc5002a7fb679f329bf5f90721091467fe037d7d09ec5fcc0ea0c2d8eabe1d2de0bcd681fb5dd6ef4
0x004dfd13393275deca713b8c3caf81bedcd85a6a41bf1c5d40ef7d7f56cd17397a66df40a73841c6dd43a447f3020f6bc8e0f117921c9312167221c6820e48f1
88381546413195830490356121814345177109849335243162749316048866938595612502926212981848292492799412243073940471444121917248865926738905612439870244913151 378791881748899808907682359663196108648187654418507973176159696463241005686175683745276092092434701587873583363930775 105195763733808012209742206323360814693169401861295796482424817006405778194744731234841904772832236513548262667460940 95179514830678215612083093081547819916625 390
0x004e44b9028a0918f67e90e2f14bfbf10f6c29b20e80f318c2ab979aef7206e29ae2d9d0a6bb27debcfb7a841c230453174bdfe83f0d36eb6f238bed027428ed
0x007665be9b6e5d1af042e1911fc3eb61e68077958aaad47552434238b709928f0bc76c1ab125d300f3da78204959ac4329407b1a3b270a895a007a510d4bafb3
88381546413195830490356121814345177109849335243162749316048866938595612502926212981848292492799412243073940471444121917248865926738905612439870244913151 645121741193965150508452838890779066880666134655325203530003727230871938546021965211185460094575057230893567352286655 1031205227847313564625424628504064513281519018900104713907403705607641682414742580302241085626686707345278907596469212 40818309105436318767429659260118222746199 390
0x0192f65da0ff1fdc719c5377e43635b8d4642545cf724649401fce1ab640f75491651f3b67b79647d22ba82587e421c5f13763c9f07630a85bf2f321845071c6
0x00d780f5b6c4e1fd81728e5ba51fa3c6846361bcc931f6f672f4df127b598107b6ad879da53b29c49ee65cb7c1d04930e63d851fec50e7bf5576f9c2fcc46717
88381546413195830490356121814345177109849335243162749316048866938595612502926212981848292492799412243073940471444121917248865926738905612439870244913151 734270343094235477126908476422859795975608283984408651839431767528877783058127926369081097071374174433829880617992275 531211684078945708448957371886920263432551987383939905942431268378038421121829400215807327920158859371912863660869600 -107969049537820065543786167836724795918765 390
0x00b9343b40543ec465784646b88fe84357db02c4e2d03eedd9df0c86727b08a0db4abfbc2e765da2db2053c9d168f10a3d765356b398aa161fd570e8185daf47
0x018bebdde0822a5e83c4d6b41ff7ea19d85ed848aed1507822c5ccb0f4aa20e3c223fe9b4c07355ea466d4708e0ed769dabf463e1ec962064c6cc9200d29da8c
88381546413195830490356121814345177109849335243162749316048866938595612502926212981848292492799412243073940471444121917248865926738905612439870244913151 850425987396101783799983525423211425710419347077289282425248673746522368394442986922473598319698711462260306449009629 214903622258447002657578908567526313611603620367255316835411758020521038545012214820791695436845908366652283648472704 -124736036020931167703797164970778588064733 390
0x00928e12235d5f5b545982169df175e1778f1fa7f037ee55f934c706cbd432ac6d37009cc09231431573be5a9d1008ed6762db8a03d81f8d29a2f6bbaa8ee64c
0x00720b6d871644303d8914ac01fd010dfbf0e2267175236af3f48341451300b273c8e022551b843ad1720d9180b597c29e5e50f59747944a09b23a15cc9b646c
88381546413195830490356121814345177109849335243162749316048866938595612502926212981848292492799412243073940471444121917248865926738905612439870244913151 192327567464017343787488228734328057561370540122583801884980464596609621355557492522726663702207852158086854499129399 659809250637604550674479324651649581876126318379678523242278630648648761784508814301612618042057497600127696508829720 11968279705908451567863194782700713328105 390
0x00761f0f99e16869a23eca9796ea911029ab4b6529824d85c49b7f1c81585bfb37a772e8a3a9bfa6a4354ea62af322a2a43c6f18d71253cf6c64a08ec7a0e87c
0x0138863533b802b97f0a976ff98cc53de981ea3fe36327df60b34aaaa0eaa80a5c918983614ae6b84e10263d89553bfdbfd14c2c301efc474ae764f155ae756d
88381546413195830490356121814345177109849335243162749316048866938595612502926212981848292492799412243073940471444121917248865926738905612439870244913151 361660070864371139521202329452580224813176245238072531549148387085499167617647379691968963560622122341340959650766229 554170118456894419857359638284088002131547944613781944849843006876284148678786754149861607454825996051160038104561768 73241444630447999932316398572819130962891 390
0x00f846109d5c953b7665771ee454efc928ea42a7eb7820c7f1822b384752b51bcdc1b834f60363e6db0e19b064e07207efa583183b61090e0906a7d38c0860e5
0x00077c3b7f702742e714624ad40fc69e60668daa1ac711b99388becdfb2f8adbf6716e0e37f50d7ac983ff7ccdad46d62bd49283f29b60f5d6e91d3b876bf6db
88381546413195830490356121814345177109849335243162749316048866938595612502926212981848292492799412243073940471444121917248865926738905612439870244913151 657020927468874074190334825502947157417207102286763144322507983348566401552096650907882019649464451206144499708184981 256081086198172682860330168952794988265421332547199055844391962112668962108123018874393806597100668006400295362116032 -114542984329974941350472658468106358673003 390
0x00a041ca0441f91d02d1ed772219dd29b7c5e127a21be034dbd2d09b15285b78a2009af1101ae2e5544eaa6286bd3f85f7e73db0e3167013e3156593a34a7a73
0x007b1438ee9829ccf22e94abb7da126990c942cfd60249994cf58660178ea1dec129f0334b5ced73c3f576c935af69d026ba19bccb5d08fa72990f389ba30804
88381546413195830490356121814345177109849335243162749316048866938595612502926212981848292492799412243073940471444121917248865926738905612439870244913151 431696613574941923398350727402697100152065720920620206951098833674614086681436019241551654025873993243324028568573191 629470403195203165028099350463302663805710658658177605614567929546292892240863452910675849537580970237272910147209192 75666892502916522356646540768085862167783 390
0x00207890779bd4a28cd50ec7c84ac681378d99965ddd7e2ffed7f304d82964738cc67e8dfe0e508f9af1085866821c9a02ce6ee8ab507a5d2d9ff0b6b7cffcc4
0x0143417ff2408324a494d1fef208633e4cb55f26ac0be3e96a62a3005bcdb3c2e471643a991d2f200ce7a23e9ed44b67bac01a456edb687ded6cde3f7c8414fb
88381546413195830490356121814345177109849335243162749316048866938595612502926212981848292492799412243073940471444121917248865926738905612439870244913151 426799119609637193742297352594225895869301082262140559113009412604798396668475496727668205384201924022245339579065175 941181275884012292029654745017428953488801061478132417366089570348405537784162527212876965400611947751089259942973344 -9685967513671607950292702281791074737833 390
0x0085bfacdaab36314e0c441b10eadd10aee5ffb268e378bb1ca7b6968f8f8d0aaac46bc1e8b4f64ced5c7dc144325360c2221281ad5243062b3fa9b0823091c1
0x005781b661d2ee76dd01a256439c1f76a73c6ab8913f32d7b887632a638d56908d857ccbd4dcf86b84c83f83e9a30ac52965e475265386bc321bebd3c633ac36
88381546413195830490356121814345177109849335243162749316048866938595612502926212981848292492799412243073940471444121917248865926738905612439870244913151 178686473175311954659920541329408095937063141400001245569114417613999704577517286883949301694006510160322436743488955 138819027405236539747640639137463132172437498127282983704826204205692987676068570058621288356546600711788711936704844 -67223757499991832141283511713461808385203 390
0x0159ead76386f2f153052909b8800bcd15d02dca138a5d5235b0421f4e1059a669004997694ac11f4942bdffb63411b9a5090d73e875dcfa87f5b1692e9b0bc1
0x00397d706f2c7dacdae60c57fc3a52148b6c862f7d687593d642c1448839b42bc9fb4e55fefd88136e3b410045011847d5c29a5b8d266515a15d691e3f7e93c4
88381546413195830490356121814345177109849335243162749316048866938595612502926212981848292492799412243073940471444121917248865926738905612439870244913151 12047520532634067282131260498301521412942116538785123713659642541713761298809289023382419499231503758536893096176591 47695006201904745208042863591880607457583810034531566749708270618111118394721593704470639680078426023451405798484508 -17786585612453305877897072726541493262617 390
0x00d9dec67fd816532bf41c25ff771726b16e5a524d982521c14e7a5419b0d30eeda59b7f1712e87e6468c1d141f9a70d562309ef72284fa210a84a5f0f99e3a0
0x013762aec4e09067b5e32e0d8fac92b892276fa79debea781425140eb609fca24b72178ce2f1afe311e22b0f27fc6048ad3c3d49bca7fcc39fae8635819d18a5
88381546413195830490356121814345177109849335243162749316048866938595612502926212981848292492799412243073940471444121917248865926738905612439870244913151 695906066681672300372956654105995889576422323902068237331334736865012921461173802431633533181454606307954829183109835 584169500130658943566775365783633075016474383688077683247936655489983753449589210448701743060700436795376063710036152 -102543494454620008730934261584500086163669 390
0x00775b476046d8def72516dc860c5e70b2611827beff9c970245c3cd64e6933b35ded08007c4fcb1054badb586863ad08a4f9961b2f9cd7c5315f0d43c99800a
0x00dde0c0604f96c9b60ffb97f03b461b57a08f3c205d740d03be388aa9dc42172e053723f4daf8abfa224949ec2956c4ba582f617344aa3d457841b2d28d0772
88381546413195830490356121814345177109849335243162749316048866938595612502926212981848292492799412243073940471444121917248865926738905612439870244913151 161517884344731463527787345035881461233636751687759915458437766330396664189270095248623032792990708556649982121743087 364227361435298872551933928553332403250949601436432901729057474442099798928193118114820722891243718673144573752058220 -53031039167547432023446864906436514515513 390
0x0070fbe8abf268815a1af9ca7156d97f0ac3da812e1caae230379fdc8698124da3178cbfc5ebe7d8d9bc9f0d03a251f0af2996f2889d628bf41187313518e5aa
0x00ad0d5f18c307db80ffb7b953a235f805cb62ee242139ef141e17ea7c8e041ad238431228af73571ef21e3680eed421f94f6b86cef032498baae9817b4da163
88381546413195830490356121814345177109849335243162749316048866938595612502926212981848292492799412243073940471444121917248865926738905612439870244913151 916841054497314821557521407316460635255892046870742719915330585662311154666172287739915264149535529509929182596122053 453303882121021389965854162526519443720144215347623076362827964771028247727534256788430112117565297938576554530286228 -119681256322598309925171970653933303727027 390
0x0079becbce98f3418afbea3c29894510f06f5b54990522a83843062f8cd6b5d621e64a53834e576ebd8ee7dd811bd647640c2d6ad5820e84e626a2343bbafe79
0x00b3d424b208172b9566c575d7d62b234e653bdad46b214e2dc4b7a22c1598982fd86ba2ba68ba6370138bc4b7dc9739e2d44348815646d93a06db52fe165aa5
88381546413195830490356121814345177109849335243162749316048866938595612502926212981848292492799412243073940471444121917248865926738905612439870244913151 1146938187121472485777049880227579203224613252523967736413429689366974116170545319665046932163958759717605536693357463 1255687628838271434052063100070139269338185331862033115504871743539454224095683827139530365546035931811604412629402648 736717178860431322978238829342986385033 390
0x00ee2b988254d06a831d367dc82e5faa77dd0c1277795014f9dd2460342f572dc726f6fcc1ea95c15deb04c874fb83b8956fbd5b2295826e1cd77fc3f6dd0771
0x00530a41314d5452c26feba6c06accb2729e49e4c8878fa1aa2319e20ef20412fc38726f995f08f38706fc9482e47191dfbcbe6dec451f74b3905371da0ff6ae
88381546413195830490356121814345177109849335243162749316048866938595612502926212981848292492799412243073940471444121917248865926738905612439870244913151 724504077401165169560752248918473446508874743779562177177845186528608820026216824959409183815890233738687682590052619 1096332327273231232638571450021166066362310454382419822266033440965932248519262076812169245140268269757429166563080588 33662667561815414378243030089431611090051 390
0x006fff55a8c1cb275a3a817129fba22200301925883037b1d6a5585372e5227f74392a972129ecba9447c47f5c5d17ae667199b7a5788ab1196de262b92106da
0x015fb9dd7bf51ca904297b67a3ddc8613c923b9de9809cdef31089d967eda3a9b62ba675541373a4628846ae90b5ec2021f810c182a3c6d3456fff369909d1ab
88381546413195830490356121814345177109849335243162749316048866938595612502926212981848292492799412243073940471444121917248865926738905612439870244913151 877984909818369188291734708351673578373470050543530928256305233437526773897642601977578277715344815431790988709723177 757237561808401125053371002242440085405995765870252259942501553162229415966701885991225676772319279964859097086821688 99202410653022421872904217890045286734665 390
0x01830aff8e7fe70da2e23b627e9f5c0311e240587aa6a2724fb32fe8320e6397c9ec5a1a057f442e2c67076fe46ea5859bc51be66c41615a6acdb7e7b5a19f3f
0x00f434b44383797ad5e69224c1708840d57db06ab92f9a841c32113e05f92e69bbc7880174dcfdf5b6a64974652da22265d25b5ac3de5783646caf0392cad521
88381546413195830490356121814345177109849335243162749316048866938595612502926212981848292492799412243073940471444121917248865926738905612439870244913151 1057961378149378345391090347013346514760660296739608336739814053553085290102395127496876481285308770996621567506529135 311715914932871488650548068562503173369657055948678923811269036549717858816904993445455637535819115822186782316868512 -128150135266043937557874510388474952403311 390
0x00318e45af1908b593ea9da9c64d782eb7d9287b9fbed2cdec73708e424bbbaa1a39632257530b3411f2113c5306a1fd515db5e269879dabc230706225227dfd
0x0162e14e08582343b65f5e9549d6c54bba621fb26617a79e0e26b7d24e08ad2002df63f505c371a4242d14a668b6fd0adb224476a16ec3fe60f47b04f28f5d4d
88381546413195830490356121814345177109849335243162749316048866938595612502926212981848292492799412243073940471444121917248865926738905612439870244913151 920580472921656106985418942768575053376996331385345573740371647096037057075984350749255839601382310299270286484072779 575933812661360720587322923817518929296774848628071558888933517442404269074391432220466756187719698554575101782248752 -113685894335457863580469229442985018103499 390
0x00970fac6f90c558dd0bef863be8a5d8fa8df34e0c646a38c1c78ed90f54aea4dd53cd943c94ca178526bf6dbb50cb031913cf05a77307cd4ddbcaea3255b6a6
0x00f7f9cbb9e9a87a136985c4b7463bc9a2c8f249224a926dd633aa13b42f9c6e43e4b5749b3ffc9316d7af45a6324ed25724df8658699a2a1b980a9d8cb43e35
88381546413195830490356121814345177109849335243162749316048866938595612502926212981848292492799412243073940471444121917248865926738905612439870244913151 316903858529750490372182290568269931866589142122177930532680636532069238315024861763915468902129381493157237254440931 386904306300177240044399534781168576749335598492224632170205082025264838191645723643490927300210530609459126923548712 78815976037417449536048346440948806016067 390
0x0147d245c7ccd76c9d118bd544074dd9bdba4b346840c2a9eae3da1499e02ae4e3aac68f66df9138583fa2066c9a069afccfc199526a5b9425d5aa382ed60330
0x00d8400adb92a6043850f740d379f69ebeaea2eae0d496125a546c8b3e3685fa41065cbb3faa5fee46d6cd75fbf45cf1de7a0cc9942e6a6594d77d4a3b3a0ae6
88381546413195830490356121814345177109849335243162749316048866938595612502926212981848292492799412243073940471444121917248865926738905612439870244913151 585397012757095404207585096387768858662022257072031692021706335728603616028639285000285774199121837261346442455102457 983810479320320274298533901594742951895071409176795822080547744472542683522297080924828863975072455747765209012329012 -43291359165333250331301575284003915280225 390
0x011ff275e4e9b35e6b26b961fb9300b9e753ececdc10cc7389dd962f760e96d426e6e86e21fbf5f16596c14bf0177017ba35674ee4db08fa78c16feb3a19530d
0x00780c05fc50ecdbb9d43f3bd119f5b177d0851afbf74b161189fe74a787379e4c14a075031c41fd3236db3d95e4cdc42c415f2b4a30c4c04c61cfc14947b513
88381546413195830490356121814345177109849335243162749316048866938595612502926212981848292492799412243073940471444121917248865926738905612439870244913151 354494435785908141370312615694270651551565350062747482896286917520236419476753067801046170559924950218177366704298715 828352460769385463533890729494276723362015251358231263456014613356201630873706835489808057848846324819502247791572652 30479153151453341747845079484496883429459 390
0x000de186321e903d0ee31ec6bd8a540856e0517e67c324a76219e9e02d619fc85233decb91c5d12a121fbb213cd481273a8e45cb102679cf1abee8075bd5176a
0x005e574abfa960964689ba8e5cdccda8d3877142b158bf9156325cacb2e66ff70a882842285dadf5ab1130e8d66536419e90d330470f0c19bf36c1f1a164933a
88381546413195830490356121814345177109849335243162749316048866938595612502926212981848292492799412243073940471444121917248865926738905612439870244913151 503824500605804826185421055959051622307291922818010125946372806401972137085195629812240455024989524352195435687234487 1004871291701371614507507789258968030894320269504877071529310039469340548720763507797416244277709641368352877483129212 8837747545623939444451781731489989171185 390
0x004689ff5124d366d73c1233459f143bd00e0a3e65bddd87923ad28ccac47440bda6ac3da4d7fa3a71d4bcffe13d3279f4b4c6a0d2ac96e4b4eb6d49db8d931f
0x015dd4368b0f3936ba05ad07714012f5818c1c7731b99599419e7394bb8dc338622afc9b005f85fb99b773a4ddf53ea0bef991d56e4a58f6f03635588ca4f914
88381546413195830490356121814345177109849335243162749316048866938595612502926212981848292492799412243073940471444121917248865926738905612439870244913151 696795023194584947139374454546442170427550099681318258214262636390763451608290179478634350079693751086261498551845269 828240631936664851256387948412755400896126500150462558418375604097718632437368514971435836529051468270242893636694048 -81400650277563725608489160015414326641771 390
0x0039551e3e6b131624278500b3b36d9ee94e8d23b298b382fc38e1bbe64b90889a12e0304e0d8537a89f31c5cd01756b766a164f936df739e7d9a531b41f160a
0x006efe70fa1b2c3ea0b56a4ec1f46cad5f7b263111a8120bbb7e5c8994d0d545d9f73b825752ae89b34268c0dcc7bb35fd5097f5f97ec16963fe5c3af2bf75db
88381546413195830490356121814345177109849335243162749316048866938595612502926212981848292492799412243073940471444121917248865926738905612439870244913151 1029148123010931724017777610806256230809263646328636498027431218175018254233256464391141688059113554047416215235523125 935542091722285411041456104594605169911026206717658180179110518809027087536514180522461585519417618294549636490354300 86470848989924005757888768864282773779325 390
0x01aaf955d5e7a4265bcf6e74d87e645129999b1a7c0943b732bccc322548aa5d8bceb0b9a969aee75b2fe37d71c9330247167f805ae396bd4b73d75b2ecc1740
0x00d343686288df5cb541aac5b63e4f6d9305e8ce1292fe4dde10d9d661266178786cd9bb36a4409eaf75a0d18d05a46f28f8d1a6361a2911c8588076159ee1b4
88381546413195830490356121814345177109849335243162749316048866938595612502926212981848292492799412243073940471444121917248865926738905612439870244913151 1189255237066606228094861499965064914424871765156628111777396424890043286285503110665707179923985534036297431744027457 1141238917896057855241429879460254888746644278273082615149650962231755860207391544556822875801854183940330557673551180 -56508853107854167247665071284948317876887 390
0x0000ad830eb4419c1a5dff9551eb2990afb2bd7e1fad42adc69d0996791fe3101246c3216073ed384e0faaa3e5f0551723e6d394a1dd04054923e41e54259541
0x002a9e5d2c806fd512147989d3247c7e4605c61c201ea1b4ae2ed5c97b29997f220eeb0a088c1b51b46d55b90496c7d021e3263e0a2b4f55a2849c1775c8a26c
88381546413195830490356121814345177109849335243162749316048866938595612502926212981848292492799412243073940471444121917248865926738905612439870244913151 836993806067013174953916207226043696244258427972391212571774300701630679198719285556173997819245952366288179366581315 129133115166741549243460266645819073694994554986845959395803614025095395513760368437542523430322613311433144134314064 -125563345849645124723600932238529997558333 390
0x01413be87810931fe4d3c9166ec257a2c25814eaf6c19edd2e9e66a24ab16efb3f1866b089fb2a3f7912091b83799713dc08e42c9deb1830b3dabbbdc9403611
0x00309d7c45d9219b235e89522daa3ea1b4ec3f6a3bc988d6f3c2473e31f4c3ee4a935ba6c97f7ab107c5c1c27d35980de9646f3230917c70ef222dff8707ed70
88381546413195830490356121814345177109849335243162749316048866938595612502926212981848292492799412243073940471444121917248865926738905612439870244913151 978575171846758432287639306510253857044541999204857496317113222948958402926329156618985005563640966388417616127260587 120075245792286469295191953065321015768865445331585010156286057738609301139726825665134167886250107075726913216445712 -130088103450712825063219372760863048206635 390
0x003bab220a9f79083098ef024d18cff4f52bccf778370f14890b2ac74ced73589fee0139e29573f0f66a1f1940797ef5a2df8b11e6b44ddf43ca91d490ab2e54
0x00b98b6537dce5c7507a10eb4f541269c0c514a946b88e94e0cb4c686f60662e910a414d1b9248e1070ffac58ccc2c1acce2cb5e986a7f6cef3ef9cffb10ac72
88381546413195830490356121814345177109849335243162749316048866938595612502926212981848292492799412243073940471444121917248865926738905612439870244913151 695986197042400652565932869565208132924339668240771787958950860452593245306692354063262555079708546719390857204338139 415939410069276380877066746196023602175444822758669708892674692630137126178556016261458684125941130777706717408768944 111444392328785291207537901771977042623323 390
0x01a3d83703e001e0b7ccb29b355adf33aa045d1faf9875e8f7e6fc71823ab732f47aa6a10dfdf303912b70e658ee29606981e40509aa021af12d5ae4fcd56393
0x005b4660e8f5c33c3dd612f60135063090ee0e3c3225251c6ae02e77aaeebab57e4019c4e63894bead113cfcdacad30ffffe98b1320f2e90d8df8718306acfe0
88381546413195830490356121814345177109849335243162749316048866938595612502926212981848292492799412243073940471444121917248865926738905612439870244913151 622505775041633122856793789940614380376250593094707580918327420361921424354457287493491733855697849828342448784923965 1049259217825839751263656237534545405700513503204355449237578478158073686664866689616962521661668988617959865305959876 -30335440928634790096505302782407058697797 390
0x016b1a0e9cb1d8bc5c7e9fb3419b38c08724f5f488b3abbe17f2471322648ec6961a35279bd98a2f922b94de95c6f022cd007ee4a5a8a8e8ee1cbc38657f2bae
0x00b8e082efc8a072023bf3413029be05acfeb2fc403a506c570454ec4d122f87f479079391d7ef2e498e15d0d016ba2d110e7d643f2df27d2edbdd5f0c70a85a
88381546413195830490356121814345177109849335243162749316048866938595612502926212981848292492799412243073940471444121917248865926738905612439870244913151 391554006879592422774468674025665129706648000019895305010825094939707964773301293288338039177556911354445193582156475 678330929810012939042879936883092555357712920509935155417190758511800874915646002810615182765745390150904935262986268 -65046410952761841425009335135681656574349 390
0x01750053288ccdc8da7c42f7e34fe90365b416612110a564530ccc1d7a71b890ac6d3dde55627788befdc2f7f18cc109c7c71bf5c92bfd61700cc6945d0e58d2
0x00870e2699a63838760a612c4cd2bfaa45aa9573368f7cda5f76861069e9bd0d9f799cfc0d2d6c7e0b726885b200fe50ef8323a93f7365a9f950a9f359121000
88381546413195830490356121814345177109849335243162749316048866938595612502926212981848292492799412243073940471444121917248865926738905612439870244913151 1090268007539821451777399517692641175001978922102645140283221267785154669229375701687608889199237362832162044349504669 953021351239435190406994285741760515378532494244144227656620240235102770413237902964062331036799265762137589820739972 -85918117999961187738835219570871678269019 390
0x00dc9682a89e7797a8ecc8dc8195888cb448c17a3197221a2a22aa640420227e6d674b58c35daa011c46db16402632e1f6f617e2023e28164cd4c0e10ff67aed
0x015292cb8bd57298a749750661b8dc428713a2fa3c7db06dc94ad8b8d5bf982b76df7c806afc5b452e21e4685f5352706b10969129cb8bdcf7235fc1fbe29958
88381546413195830490356121814345177109849335243162749316048866938595612502926212981848292492799412243073940471444121917248865926738905612439870244913151 970557365888566373559606774212988032275606747529472627276987990795912727772856767579978438848545597839451274940526617 1175728890580827795032691248944766336752381306989832808670393168247626774768811963770813653301186748231919204542822588 -37329970642124529897880963445953980101055 390
0x001e53676a94fc3ac14e3b30c821cc7fe53a60b540e76b79ca1bb771a564613053f2ebd635bade91bdff1f12b60cf3c7bfaad3b627e651bfda49d75f554f066b
0x00df47ec92a6548bf7a9c521ac64fea0332b80f4ea00079e2fba7f466661954644836a09f065d71dab30c090074d7776eac71ee6116e650f7575eea63c9168ae
88381546413195830490356121814345177109849335243162749316048866938595612502926212981848292492799412243073940471444121917248865926738905612439870244913151 1188665166293838275091015761023470685911639953689121582166146446636574696073270219396901165222487522905943988563195227 116229329139410134027971872458260269105768322611828393384904549522700264769915781553984513893145417503933077219134888 -133326080952786901436218179837060877485755 390
0x019f1074ec01542ce3c6280b2e3954e7d3bdb9691e003b6cc2774b53f6e15b93fa7caf4fff851acf660e2dbe0666c8f179ecf7d7a724e26004017d5ea76078dc
0x00112bd72275db3941e53660ad30c0d22242a32487c35bd442c0f98b907f399214b3f092a640517214e60363ebd2ecc4ee6972e98975370d6668147fb11024fd
88381546413195830490356121814345177109849335243162749316048866938595612502926212981848292492799412243073940471444121917248865926738905612439870244913151 346994375028705371076244886026386137637845824504839250181483740921644591861737057915468696312440312306835561236550161 568097464542832247916309877544102014291479948738358923394397766627984400850618921556305241797798245635741880785307808 -69904258930980949344577152339609658301423 390
0x01830a87be1dbf00e392d7ceb2e0979993338df2c23f25705721320440ef35df27d3f027cd20505a468b1d8c919c31bb669b64392353725d3913aca798c333af
0x0194f548aac900b6a92cd69d78462eaf2fa585f945dea5ce80241f8db00a46b2dc631826ca898ed6f35f06c79e5d6672d8eef4bf7792e90fb241ea2568a16e58
88381546413195830490356121814345177109849335243162749316048866938595612502926212981848292492799412243073940471444121917248865926738905612439870244913151 1179296585090929724278826410371902068100187588454011889340089765758449600950677335535742748152283734676567253320765035 7361434513867028418824695723147260842291114663861832802156039424005999400273971715303410568475892279561458843964348 -133834908639409239313595041486025183178019 390
0x00822000518b9630e70a4adfca6d85439619a2001f9ac79252970a723a44fb563b6b13f8a3c91791a5667526447b74b82c9415abe3d42b479c0c127ef1e018c8
0x00767d584cc918d8d1cd7d167ac3a41f01c61af248388c3beb8e9cf8ff437a679f288dc117950de8b54bdb3b955b94d206f2323dcb4bcf4d8d9919797ce81a9b
88381546413195830490356121814345177109849335243162749316048866938595612502926212981848292492799412243073940471444121917248865926738905612439870244913151 1013928993980171637933061271738582284864762825403601227955432319998613165620341092703674741605569241129400186427671239 469342013660580070249209421620492155210311125180397969006752511373365791214655702353055125885302037397227317486750884 -121677231284277705369183077283483715011103 390
0x004ac79b5050d353ab7a23d24ee5d5ba1044920c21f0e0869a209e1ab8137a22eeddf012e90ea959db07717792b65e4f8669abd2633dd6fae1f5e67943114f00
0x006b41876653c2ecc032a147bc081493065bb4f4a30a881e5601def25fa34840b1675a069554ba2edc28e1c7cfbfe1b077e23014832e7e8be751bc5944ca7393
88381546413195830490356121814345177109849335243162749316048866938595612502926212981848292492799412243073940471444121917248865926738905612439870244913151 1041191438919000153049047804211794015658267919365785059214210522185231000485462831297595782827237348330585750058352629 151165676132738608195320768157924096179529536392320138002891155075511762491066746906205441300101534986713068676470408 -131084427303141916565412277050772378614379 390
0x00636827be474c69d01f97f79cd054ee9342e6c546ebcb6ad0096ccafb9cf91b551e697079fad37c517c2edecf20877615e11226c456afd9c8c94b7f9b6a606f
0x004aa1051709918ad3a281803ecb4732b3eadaa6b20860e76a9424fb99f583b654fc0b163bf077970ee5d21ffe7b818b0284fac9590e9ec1dc42b5d72d2de4e3
88381546413195830490356121814345177109849335243162749316048866938595612502926212981848292492799412243073940471444121917248865926738905612439870244913151 514626412674694486520904022522578823331628384303727393246042545008169202532701706652924134157184557833746015665622715 492615587642125305651204845090270712890755447748807507135567422238198426984775226901976817021496878487331491253862888 -94557948306257122662385021667447362374171 390
0x00a0b1f067aaba6b3e819b518c011f7438d81a92517fab2cf50ee73dd8a0b6a256eb0ee1c96b7bcfa99e9ac7e1ba0a6a152596b1c9b954e7e6cab6538641d8e3
0x000f9143a54c339a732798df55be1b22abdd0bbfad204e2e6dba4a2971ced615231f873ea8e5d0b183bff64ff0897b1dae021452dbb592393d7eab584a9edaac
88381546413195830490356121814345177109849335243162749316048866938595612502926212981848292492799412243073940471444121917248865926738905612439870244913151 198225769195921252453929186972380460438604103919988334805474842761786446779110892817690184821559100532880122512283861 511927415122950679874223216691539929847626534791755793227500218141312331490298348886416864301087557222722470746291452 47392395941101357917558837605257047234333 390
0x00668487a22a9aa0f9d83a0d782d900ae3d374202c8016b16447f53d1790c10d3479aae4fecf5320f6e954825b035eb2af8da606b32a5fce38b2d7a8705d6213
0x0158af8205641351d245ae549ffbc6ba7b218fe639f8bfd799018ddf7ff39508bb0ca340f8ce3d742a9d0eae5edbf8b573cc3437b18bd542cd34dff8d70cad2a
88381546413195830490356121814345177109849335243162749316048866938595612502926212981848292492799412243073940471444121917248865926738905612439870244913151 1081768856615129228464073899586501485001422690476000747976941971984746786479594833117159302887932022255643792442957599 170302891753852580672973211716008689055005110765294104004746394726326199407744329527463697392910089183090159786250060 131516541227313706537110398370186750447095 390
0x0124e98eeee0843f628e31aa6e5f24cf4491f54081424d9f26ce4789c5d1d57791125953ed6e930b86f0a05aec5dd7a6bfd498722c4b393e2d1a59efb48d5d44
0x009038c21dc1f8cc4a70ec3714fe792001d072580c7a0d68b9118d56c84cc77df98713a796cf73b2ed2a59f2aedbc2594315ade416b394b24811a1c9eaa1a859
88381546413195830490356121814345177109849335243162749316048866938595612502926212981848292492799412243073940471444121917248865926738905612439870244913151 877259129101035451271712464389398626190282721332176393611667102612042643774862758060506570999288177672521672494469999 464234786381370646476385816541115144503753783782427573519415748259334858516472632038933028634439961160071224066159348 117831459645801532078274362123173845467961 390
0x011c45ca26961ecd4d6c2a1844f68450917201b7956474d46534f7cc9fbc76f9cba7af4fc7352edeb8887c15f8640fb9dbfdbcbc4052edb46a84b340b056e32b
0x00c310b9424ef4d9f3ef817198c2b0204f4bd3d1849743d846d8de4619facb8bc9d2307a0a36c4a6a2091396170925307c06b36a1c856b157a2a712168846961
88381546413195830490356121814345177109849335243162749316048866938595612502926212981848292492799412243073940471444121917248865926738905612439870244913151 945299378894624719589877398197240283462539877113114817836005458579642956322724519372393718131631684749511535583477909 1164209897405727628902090349789659142991152139318025303589928784077483985465227787463345964021386912411507918008117908 39055714093783011806423620086655629756061 390
0x00f793c2a719276fac65fc047566194ce5351adfaa8a215e94203ee7d97c08f9256e6b379a98bc16c26e92bfdca778d16a16e1301273ede112fda0c220c8a1fd
0x004a06217fe9aaae08a094d8f620e5a80e5b7ae9344bc8e4a6e61b96134bee8c841342eb867e2cbd2b2689250b586ae5fc7225c9536f7739d26da537b4aee20f
88381546413195830490356121814345177109849335243162749316048866938595612502926212981848292492799412243073940471444121917248865926738905612439870244913151 289762396261527333989213666204908040162260258191551324184013780005964652927730814220287009100437328743322590339932137 804056895604623348119389586612997476628219297814041606998158804766483978067321131469721241895418390908728377481105612 1621315043345824169652664423280749654575 390
0x0150338621ea83903852ae753a92b51992eb993eabc1095cfac781e558fec5ffd268461ac3e0efd3f93251787a8d9b02fcec2f4026d1f007ba921ebd5cf4ff07
0x018d7ccf165a7fb0b55d23f42f78fe90f6b5cc01f064e196e05a9b51a7527f0c165361c74bf52c32181074a84881c39c779eacee5bf3d73444c5c4b7a1f8947c
88381546413195830490356121814345177109849335243162749316048866938595612502926212981848292492799412243073940471444121917248865926738905612439870244913151 433879818754510443993047357288160890199839285371950959869213807303464927598903951766669372833848311343367704528906377 343760817718647579963103090869558201573921594582538119039272232106791656860559948428241563443127684406952591062645720 -94406237512158996293752471185819069024087 390
0x018f6b6cfcb8eb8f630f618e60aa7cff4104c116ececfda3ce5a5e7ff969967b28b5418cad8f0e5637c48d674af4b2e472e1c3de90e8b09258a77ab98e4a695f
0x00f20f5e527782a9fe80391b8bb27a871cb0e7c8b684e0463d4b8f03b07428a5f7b8763c82446e8e0b9e414092176b5b27cd117a143d6925524f3158e93e4986
88381546413195830490356121814345177109849335243162749316048866938595612502926212981848292492799412243073940471444121917248865926738905612439870244913151 116655681703080630847648235017073590394696490924367020348706139913713117788819999593535551900838900174550044648040125 184566290977917427443752382209568747913207111078068238340357561189908617676831047266408495076838292733177980211030488 -52811470942194900107896642705040030339491 390
0x0199666d4a7a67517487822fbf7523a969c10bbf51cd9db6c4016d2a8f423003ba6db33d99f0fbe4d9787b670c441d4c3562e233f4c85c8b7d2102512002453e
0x0128962e9368aa71a77d4d7dcb6cd8a09a86c62809bc206af59680aaca23b1cc082f3d3f5a449dede383545b0e6bea4fb6dda6cf69be10e166e8b67ed1a17ed8
88381546413195830490356121814345177109849335243162749316048866938595612502926212981848292492799412243073940471444121917248865926738905612439870244913151 566925530247461682461601236770410591393673299795781328277429438819936162354901945689566131713563446404838677736103781 526967991262043002296184419934964893397515826148018919736326476092946274969626470908357723142306856613919625301020052 96938766320712316041662459862279772328173 390
0x014ab28259b9a31aefb7c125de1d99217c339e3e1d663af47cf0618718db9c4a69a3c03c921fc4f57fb9cbfc0483a0a614551716078701b0040333b9b676116e
0x001aa01fd01c0bf54ed05816445d17adf28d8a9c71d6f0ad8824e70b51e71270cf7e0704a01f978c68c1c52fb67756df4321fb2d0646d98a6b6d8250bec4143c
88381546413195830490356121814345177109849335243162749316048866938595612502926212981848292492799412243073940471444121917248865926738905612439870244913151 880613729013454594334954819752736477547024509344901435822092815883950352179053605224296061373744391604390032660011729 190721862369635857701274345816551988416278729736714355285628604486296613879968980069480141730377608606230560393503908 -126254224915155220425287291059579529894329 390
0x00975a6ee12f21664f7c5ecc4c9947607525a2df6a46f1c64ad7443027b425c964b992c7a19b965e53aabbc9f305239a82fbd70cdf1aa01cf5d8436a4ad87361
0x005d973a4b5513b6822d13de07b4d09e05f9770ddd03b9cfa9aaacdfacb26fe392cc564ec24ac8c20c14e5cf26f784bbff25c850f3ef1083d1d3b724b39e3e65
88381546413195830490356121814345177109849335243162749316048866938595612502926212981848292492799412243073940471444121917248865926738905612439870244913151 771647123108011569820827515093752742534335942674873926995613297265320048679133688261527063737992123465155936812933129 1086594590780092920986573529699113922117352270468665121593647659606421171107967043184609056794640760831759691549740372 -43826170870057698098227187070425157560689 390
0x00fe2f92d6103b2aaa76d24ed566a3a3b2afe3d7567c858608e18020e4be1414d503963724b605c28636fe0b22d7a7f92ecef7d58d9d29c660e6ee664e620de0
0x00120fa85b65c7ec81e11d19ec615e6c6ae725ffe03d28adfbd3dbe561cb37a31e23488b4e34c73160efbf957c7882448888e69e32f292dd5442268a578a78a5
88381546413195830490356121814345177109849335243162749316048866938595612502926212981848292492799412243073940471444121917248865926738905612439870244913151 642230639052592288903251098567574415436255192279396261124942979280938319627299578666512156139827920856303762762721367 573878700455323384786123265306258614357679593607072082130493317182488718377508572944372802480461620273940054963911520 -99655376150632906886246091578205752460887 390
0x006acea82cd9476064156031f65ed2976567c485e227b97cb2902197dd4b4451d79722930bb749ce2c6811bc5b75dee1a35c91015546c77bba73847449bf433d
0x003238a1a02226ab9e73ceb63b4518436b8685c6b3325220577d2a0d1f43e9c9b9f71a71e2fc6ed14c7c4b8b95feaf1702339c057205b50f6142a25913c1860a
88381546413195830490356121814345177109849335243162749316048866938595612502926212981848292492799412243073940471444121917248865926738905612439870244913151 1108599506241497319470242921293908578874796355598175238982795636674476495906077936161782829099660381947582189085431775 828658964959594296871135750715426954876551395066589029638338557281178740018640919336947149073091840169187417079894000 99779283118732332748782900910143497291615 390
0x006c0290acf228f6a0fbb41047e20059743f60fb47b2a969533f8abf9033ed81fbba724a17285e9c2b96a3d3b12ae2aadeac7b142e79e21b0b7c5718a12c49b5
0x019e00f3872cccf9f2c6bc32b31300951cc1cdc5085dff29b61bd8df7d0579fa697546ba8dcb9229393a3c61510d20d7c5dd3ee96f522ec8167f8f9f69cc8215
88381546413195830490356121814345177109849335243162749316048866938595612502926212981848292492799412243073940471444121917248865926738905612439870244913151 395961445588816065545562512590013514386215727187673625885220531422313917112911967153938795282567708869532422889300455 863601305120562677604824784506081345998609763431747144273942635882049070017642464529400567274416302698224480460722884 32942869634824740353900309100597369963967 390
0x002c8dfdd86c38d57a45ea28b4263b2ac05424191938524347f48f08c588191a3ec9a87f8b56ed6c57bda67c13b74b144b77fe1aa7cdce4ae7ac3d1e6c9d9446
0x00afce90047c795ca6fb13cf644224f79c95be4aab7aefd31c90458ea36b5f2932f44ec2eded3d70258f9ed051aa58a6bd669b86c97d3c73dca4ae45698e1645
88381546413195830490356121814345177109849335243162749316048866938595612502926212981848292492799412243073940471444121917248865926738905612439870244913151 1081327331457750870119083063647096627993258231587426651176897044580955905358983086024240747737366357749239829603443975 1176292264488852723948376983835758354291613470428207787006007570195878418707756916145744123401393494308431523866143012 44355343966376667759473983365106386110559 390
0x0103a70385e3ca97eccf75446426788cf7503815a5b7520dbedf55a739818f8e6176d7731e0f8a7efe0b738a01d38726139176e351bde6e4051482acfc169bda
0x00ee5f3a3cc7f4c5bef76573232f6a26fa414fc127a7c5d796e3e3f025fa48c9059140c9963ea8a1cd9924b0db9c96699c5476fc83affed8784776f2604803f4
88381546413195830490356121814345177109849335243162749316048866938595612502926212981848292492799412243073940471444121917248865926738905612439870244913151 1181954129487386856353584572006749418911620010022592441259573298891938881291207358052954389672694597638516935252453899 942871910991399784554297579864454889138847306754960427107999998147601474204178635687308998001045998675139735246177008 -88648047303256390088600868430466835313781 390
0x00ce2a0abc481b5dc1fc14f9953ac0dc56601f3d1b040c6bcb31227433f348bde5dd3b75b5db7649d3f1e2acc5621879675f7cd077fee6d68cb284b1514a0679
0x01a14d0f6e4b796b24bba50c3d308c9c32cc968663e6dae904b0870bb71c115ca44107da7a6c121f8e69a5314f03aeac7dbb203b5c4f80a9465dacc760de256b
88381546413195830490356121814345177109849335243162749316048866938595612502926212981848292492799412243073940471444121917248865926738905612439870244913151 899435223728455007603510722619042657034524662356151334913855006168730747064437506558122523141896273242725764173512989 207924291691558036243841509478997501718546169523872963029001117410160663710135486792397525282058250597386559176144268 126572048910247386452585980901988834317979 390
0x0121bd1bc96ac1ad16a67943e7b1de9a5114035bbc10d0e8ff7a5f026467165c7b8d86ef9ec87b39369466dfb1077f5366513642172d2847d5dfff7717f3b006
0x00f643065db07ec146865a7f536a0532e666545d7291b3a4c21b3e0c8772ba28f5bbb115aed594763aa0f89e9364a36201ccca1058459e8b338b9c743a2d8e7c
88381546413195830490356121814345177109849335243162749316048866938595612502926212981848292492799412243073940471444121917248865926738905612439870244913151 461326346924994365196594673175837128840311581659776653555789728844667962135511558787035356925031629167224949900173575 858086748931685714533021665885196687796922667585787632412870066839343562775256104676240571729020161774762278557989352 -49230458934583968115764637767638092500761 390
0x01521379b13d82db9abd419b249e2d80135fc561b596bc39d46e46955a225cce8ba9101ebd8727147c698eb679838a82de66c482b91b0df05ba997d61a290784
0x010020ef57fa91b7359b855e0172414f716b4048c401f9807f8e851d083a75211cb92ed6e7fb6f643e461526a58a56e7688f52a8c4147015055aedf45be0fdcc
88381546413195830490356121814345177109849335243162749316048866938595612502926212981848292492799412243073940471444121917248865926738905612439870244913151 121197231231402462070407450992365245908273422044372462408380643403483446694822038739369906640793842162087183382734215 537281157844342513879502364371472355956579860030899624904260464121979192435894867054390757408898525376130791624105272 5064249442156208171677737784482016874599 390
0x002a2d8ffabb61b9f34607f1e3266903c81c6be372e99c13284ac732d0ca6fad008100f78896980da6ee9f21d760736f2116332e9bc5e36471cdb1be495a5a32
0x00009bd94e73fd8026a334b977b9e6b05c3ac835b9d4663933f6121e3d96937ee3873bf6b5bf7896fa37277caae88c3b9e0c3b7a4533d7024623bf82d803f50d
88381546413195830490356121814345177109849335243162749316048866938595612502926212981848292492799412243073940471444121917248865926738905612439870244913151 945703567455234650376298604674310225536859196112798962350148444213339546463990578559214164577175198737690895640247669 600739600722631681906584891371763461607333295496460521208208742942071498046130137035845743456357121372933900439224736 113051067740746666203948046670252499335307 390
0x015b73ec7daf5ae0f4dff958e3f2197239e7457c681036a1ada45f894ad97cac41db6f3987ca4e4d1248e1ef658ebdfb0ecd57e994d862e3d7105b3dd77bd3af
0x01351e4c2b9abc386b67c77b3102376e31a86c581a7d790609f9e550cf3e2a537bba2067b412deb00896e705ba0290242a4012e876284224272e4797c8287bd2
88381546413195830490356121814345177109849335243162749316048866938595612502926212981848292492799412243073940471444121917248865926738905612439870244913151 482728705650631632290578267788705514182885005351252078016285462434218628808323830754610161371222110291596853597661695 981230993567482547429753785856211944204600798156025916074634910082223459883180508588549370616967386792873650464962012 15585808887749191884142344944997585105769 390
0x0096c2d366aab8c9dfebffd95fb05013fac7dd40ad88b6d5edccaa623975effc023d1c0ad8d1f3452baef70b0a99e5a702751ee8351d98db9ca67f99d3d2be4e
0x01092d1f39d21d4e2f1365b7888b791fe92f880c18a5a961638ffa8d8842a57a7f948ba17ba5b18e3c10716a350188f552f0804b5376a02b066075e33e85828a
88381546413195830490356121814345177109849335243162749316048866938595612502926212981848292492799412243073940471444121917248865926738905612439870244913151 1150181948083707690305154545070815977531583566456632462156797632694912543194857332249754906178598830901073358801534437 1065785831973811234754564858717764859134289419444395061933447617174968476674390825156869129781210451809025539864684488 -70688336414603133237452084635651132284805 390
0x011d7cd5a630e2ae0a8ac5f6a19420ce11559477c5ab8ffcfd808e7f31061eb9a93193a844e20d797e69f70893d004c216ec1f5100b3660dad4ccf6d86111c56
0x0131c4a0b06a91d39e0e4527670152a145b4072b1f83c1eaeaa34a3b17989092746f6d7be4b21a107eb975c0785edab140366634130792b5ea277b0dd070f8e8
88381546413195830490356121814345177109849335243162749316048866938595612502926212981848292492799412243073940471444121917248865926738905612439870244913151 1097340104318810105262539094603121994563804734177185588464315515182009063955425618159437504763911905504870386189811225 1235593981767175071397817281365546260179010776704182798400539606085133641863031014549391827075042192337358436042795248 20279020392377424907538485680705042865511 390
0x00f035e216d7f254e57a1c645806497d48961b1328a31f678fd36a911a50290d25da9b4898a5debbe9188715599a78649b4037a8afbbc448ddea47bffe774519
0x004b8babbd330868e25e3dd729fef985a927b07dc968bc5437e88ec2e62892a8b67a479c4785c4023172b9a78a7129ed0172f424ae2358e580381cfc45a48dc7
88381546413195830490356121814345177109849335243162749316048866938595612502926212981848292492799412243073940471444121917248865926738905612439870244913151 367196346996561457226057225707606029043191475727419706895231887071282677984189304745849367240709573314666905632407715 883889762851747717035799241306140966799040251553915211631837195508557766758424717277234449218972548427484687425900432 10570409854454165102561163880357512195619 390
0x003893aa05909ee4d62e161768b8e8593f83e2dc21437d4a0b54583396d54d798ae80780aec5c31ec9d47159b98cb85421765520ae4b263512ad7b865eb6dd49
0x00857fe1124d9ef2398e01ff330adc37245c591f1f0994e7336ccf8382830660c055c0790eb11380c234c64828fa91d2ba75c49aef19e1e583867d1d8ca2cb6b
88381546413195830490356121814345177109849335243162749316048866938595612502926212981848292492799412243073940471444121917248865926738905612439870244913151 661704176774837429757680784668377506668251799746209699832164731975899402774816321671628136381063060899331616023543447 776996427815001102398934936340417319489198140435329212704445919032722641108983548743016331910433252910219147951128112 84231505584148505393085987162289965379095 390
0x00bfdaad5632d6bf1afe2ded3d7009bad3116944d0853d907b56aae6443914abe3b09cf9a83bb3729c0771c8578bfdb89fa697740ce0e921a9ae13af0335b254
0x00e8780ca1feb1884d17497038e167ce1bf6849393c73f090923a7e97daef69259ca31ea9ceaa42721a84a5b052026aa40b3c9590071d44234674817acd0ba6f
88381546413195830490356121814345177109849335243162749316048866938595612502926212981848292492799412243073940471444121917248865926738905612439870244913151 220626195541952978843174618723521621049927836988327199931881754184775727097577985892980567797501088698111299968137079 623699629543022676419241433846236184547066868192037665488734235602832181526504877585486466567992859438175333662704172 36644769072245492292317953940612902631439 390
0x0068d819c834a44314034cba45f8f3e4a008ed5800f7d606d01e2b2cba6bed0d5879204a0ce0ee11f707c1a6f68b82cd03fc9fdcf00bc8b0a8b9084824428a8c
0x0061be4b62fd9ee104b233a4905507b3d42fbdc21b09829ba5a4fddbaa994643aa148b290d49c07faf59c623f1b2056d49a1f124510d6daf2446de8ba5451a83
88381546413195830490356121814345177109849335243162749316048866938595612502926212981848292492799412243073940471444121917248865926738905612439870244913151 1180948227452002715135981566057531720705063931983750061190399200423722906350249300568983107307088353198902236139083189 260492505280824729405949753198195863910693678207122530834802836422569054436188905956117235698282745052415168741540552 130949027008317355650187513684689013045931 390
0x0160f57cddaf5438d269e73fd06f677b1247becd68168a7143703c1c3c18234003c2cf2917f4eb7c356c1bb21a9d1186678d975b9828c38d4550a3cc78b610a7
0x008e625013f9d112704dea5b204d7e1c04d3718a3a2037c7522f63c3cf17907e97831857936cb92671bb3bd629706497f244048a83c1339b197616339ad7b4a5
88381546413195830490356121814345177109849335243162749316048866938595612502926212981848292492799412243073940471444121917248865926738905612439870244913151 811090837229635926148627935984862559533496308196500872590874815488404441586854663643650673025316983055968838412573319 966471864716678535062300690034041697846898169677626561301832506877200582182435420041889872107041778833881541908487044 71625380955347581847013059124057290762847 390
0x01540c871cdbb3d2dec1202009b642a9ad228d1c0cba3acb7dcf694230c276b4a448b165a3b1c8e49b8ebb68f518f7a3f7037e725ff499931debfb93b0f97efe
0x011f09cdff9d11aebe28ff4cf67bbb5e418f940c66716cb51b0276e491ea10425693a473c154486a7f93c3882227ea48c0a5100e3d795eb4e8d74dd9732c3447
88381546413195830490356121814345177109849335243162749316048866938595612502926212981848292492799412243073940471444121917248865926738905612439870244913151 690552779011903190002429843312012008380732914914636425400655298163723269875009096716132742598656856165754275711350903 671985971376699896535952915863962008620808548533701885569149364607615957619982735703908013450201401242499824921911832 -95907667177186568280113021400791931152983 390
0x016fd98b1adbc55e3aeb46cd39db759117f60d07fd54bd2cd8635a3869e5e2fce74cb1a499fda81dd92d5f85bd5b79f4a817e75b7bb909aca5479d08cedc6bce
0x00af3bdf3d234741ef3ebb04618334eead7c3072846e8434be86c7d5788956b899bfc5456cfe3ba59998d2d1ac5dfb7a7a3d3bc3b09b233af50d980e79f735f2
88381546413195830490356121814345177109849335243162749316048866938595612502926212981848292492799412243073940471444121917248865926738905612439870244913151 1210463542305198150964281611090203711765662172292253829573894234076070757319901203929987248041020742350219816053956299 1226844715459415826379021250841964052386367923840394792766948814464115557392083773788047543673380450714508885416639088 30476510604786847541479148083181732079541 390
0x016cf8385f88006d7181e9f33431ec0240d9a28f6c3c284bfb0ee4415740d42293b582b6045cf33c215f189b20a8f692cb82227e8c8437d35c31de7a5167d95f
0x01415707a4ea994ff7a5c0260fcaef34df3e522ee929794c3e9466a34dc67e2081a204f1bc7a2fa76c5a638bb331a2f1384a238ef67b873c9137a5e2585908f3
88381546413195830490356121814345177109849335243162749316048866938595612502926212981848292492799412243073940471444121917248865926738905612439870244913151 904530592670226856018631196319689232122744131922912423861253590013041864926450437739314969743574759951347819130167295 706064601807209956669578269490489341109599621618391233860148185320443916200061034396712943079973953580033333391591508 104452840797516173881015526581680560727721 390
0x01a3b283a045266ad75ba0ee8b11cb2d4cc61f0cc7a04e5a0a63d35a80f5ff82fd82d845b0eeacb7fdbfefd8b2a449bbc501aa1b94ba1ea19b90c130f193091d
0x00ec2f78296c94b520d4110ef2940a2c48a9de4025dfd7400f35044190e923c7f89c1ca1a606d09eeb425836b2fbeb74eb7712f863e93f5dcafb6de74d794448
88381546413195830490356121814345177109849335243162749316048866938595612502926212981848292492799412243073940471444121917248865926738905612439870244913151 748592480093130191610077453429663325465322422136102279714735921503966654327505998131528403866126752157066974966501341 489151598163353164192191066347506304794213633665642698621825244342934271569490245545907025921288233934738607306635212 110956052707728163126484578646977979657947 390
0x01a6d9ef476b8ff75d039397ad36bf33a51950900f3b40887181a239837d556798df80fb4e24cdf85d433dcbe2c0ec80f7b7cf3cf36c22d7c11978d6203e18fe
0x0152bf198aae08eb6dbef4af384e99fe9ff8c9c9f07633092fd9079434fd6c4814dbd6eff91020ba4062aac38a9e936bbc85cf8bdf3485af1f19087c82908a62
88381546413195830490356121814345177109849335243162749316048866938595612502926212981848292492799412243073940471444121917248865926738905612439870244913151 1091588936095916326170453849231084887587453277022471255132406882465490402893110930733605214241589373188912028871169737 42129152185412869669589059278919167750116936438903059490621537489211019314304075501859134237260852976297609078382260 -132828399929402775176725039693033827131313 390
0x00fe0bb9e3cd6d95bf115d12e49388e9753eb1175971a3fa1ef14306c1a2c012f38512082044de6de0ee6ee427179b1081cc62965a115c4bf9d22332aafc147c
0x0005633cd0c6ac5d2f06bd9517478c7d742cac05521beedadb2455e0f5bdab7fd32af88821fcff6f6a40b06552e7e8c6af0cde0949d518d8f45d38bd41643c7c
88381546413195830490356121814345177109849335243162749316048866938595612502926212981848292492799412243073940471444121917248865926738905612439870244913151 1228743123272075475849816238844127240372429911129391733286036265057378577513073711181406945163403306279864111193875759 965228089249484206076936090638247231561907676083330931813635077089443719448444477352306240855559148254906851178020688 -86224130084957925570955919505141889437521 390
0x0023aae9257ed6e2172a5c736b44f8761bdfcaec78a5dba79321b56076139a159179ee7e04d1a15f62a56ac7f8ffb0e899957958501145659d98ea7813766d34
0x01906f9c1b1079e6d389ed0a1d2583c61ce7f481343ac3f1edac143175201336bb93c4dfca32f8c9f799eda68c02a0683a0332dfdad0ce9179cdeefbb35122c9
88381546413195830490356121814345177109849335243162749316048866938595612502926212981848292492799412243073940471444121917248865926738905612439870244913151 949734119371386554996973695885700535004202815544052227714280033319786162135721025245620578123609971301494704721955447 1061642747010571526579726744234213199691007487193400271318940699506350048431013672056700355454479912019563532610418112 -64342099890780426868974692951309932479095 390
0x00b5b2e65c27adfd6a854519fd2618696ce5a18596671b95a1d26c5a5f9dd2e296354e1860d8e467cac49c5076ab37c7392758ff9f14b4d2ffa3b3484f21d231
0x014face424a48d0dfdd7380a3ea883307bb5ab839a823171fd3921530e70b4a780d6f69d3f612058a20467b397f6f7dae454ba7ea67d6a10f38d603892015fdc
88381546413195830490356121814345177109849335243162749316048866938595612502926212981848292492799412243073940471444121917248865926738905612439870244913151 1166505401054347094560082930867046728779900542168863792010650870992756674932835769626561081013805796966584615224808575 642635996534845671648278556153619674234503198927641207748039465533324693740497721274804589791309246067606892895225832 -114953156393229343732953928677529881421151 390
0x0166153e5668dd42c202837132755a05608c112d479b18238cfe6e6550519f82b5b79488d1ce2e0ca590e6acc55ae2dcc7a80175013e58571dfaac26c522dd41
0x00bfe003435179476f55e78eee0f59e689136d3284f4511d6145733baf16169f4a85b92bf72c576faa56a1cf65513033eb13104af1c69aca7bed4f47d55ac608
88381546413195830490356121814345177109849335243162749316048866938595612502926212981848292492799412243073940471444121917248865926738905612439870244913151 33907836967706854137617372851694759413642977151592652369980366911488254456865736961554445240815026234277276514470565 266050042087615449240758680055709872061242872558379497540764640063401735116081090882588198285903595917329305204192376 12392900107706195555702705486954293980603 390
0x01aab9b1d4c59122f5e8f47f1cdab989154d4b30e86a2b19298173d9a50c333875bdba5c79c7ca1537d59a01a04320a2df4511af00ff3439d2fd319d7a0c9054
0x00eecdc1ba8ccec4f6d306931e44a1413869bceda91212fa6e44f90c7a2169a24d69ca23d7ff58dceac98992189560c4d6b824cb3ca401cb71dbd9df0f10ffe6
88381546413195830490356121814345177109849335243162749316048866938595612502926212981848292492799412243073940471444121917248865926738905612439870244913151 697658431913995055211925781650469278062312484851689263511406481028048912139731182438131711232825045068607376749617139 1124632965316160338940779920686358410145590403355412628134122028257621671089947990142009449535919695496433184572774308 -9381379381437742728137414292783695843349 390
0x0078f6a8447136e07a80677769d80bf82b609089745f197cf5e1fbd5c1e89fa5a5461919fd465f8d5e529734fd29d5e87df9e8aa5a4ff657051a207e688cf37e
0x00f7fc63359aafde36c2dab93373c2d8da6ec9107f09c9a656a3ccac0e1a6047656ebb087d5297b4a7cf32bbc6d564dcb4c343abd41a6992ff5747d5507256ed
88381546413195830490356121814345177109849335243162749316048866938595612502926212981848292492799412243073940471444121917248865926738905612439870244913151 716302013876842405054172598529665531587203360283654887932016075522717484327588776464277329444550313041640367208446371 546493206902155664756406700552766325608789640780891352042161245857737371623081373903799295444443252562937764148166592 -106081128277207259042779914826077996519843 390
0x009bde8974fd0c458f5b76cd795163273bc080f31c8036371b89d27ecdce8af04fd5757fc4a16b58caec14076e95aef2169c31a3304139d7e97068ed23c9c558
0x0046c960e493c485dc078c077149073afff06004ddcd29b4266831cf0a76be40c96c3a140f2629db79bb251294733cd28ab990ffdb6e119ec62e5b50fd9af73c
88381546413195830490356121814345177109849335243162749316048866938595612502926212981848292492799412243073940471444121917248865926738905612439870244913151 509905186949151513615904983842485349004528079917474299501623582809735572138414311114700900168870779137673509058436019 624744878249286164457526854422544939639110649926833029213976702642637098497578978716646702824225445053407542341222388 84798511705636204954831705962951891854101 390
0x0071b6ee81ee4421feadc782f7f6ff7c5e48ba7579c8c93eee1268ba21c85dd68918dada7728bff276cdfb401bba998af33dd8a46097b8b33939b1376181a4bf
0x0059a8cfd1cb6a4af18662957a9ba79cd8b1bfe8fe36eea9df28f9ad8cbfc3abeade2921b523fc039d7c20b5d930df430d7dd46fe804b7975cc79d8318ac1f74
88381546413195830490356121814345177109849335243162749316048866938595612502926212981848292492799412243073940471444121917248865926738905612439870244913151 340664811822669253683022701272748471935693452787774044615944993125066066035761438167863040012391054559298051903659373 856408583371564769506042843465832426652111025208713646736044584541566573851127673236384638341911001496176948623851088 10409029215266337806403792736478697966573 390
0x00aa15c3370f939e6d2d1b073a28692064e789dd6bc85c03f5ca70f1a28762d3959fa12c44a623fe82b3a2dd1ac20dfe01dff79831e1e8435465531d13dc0bc3
0x002700edabb0d6c0f1c51a51de095a8ed43074629a8c1b3344ab587433399d9bea0b94cfa57a1f5b27db4969cab5aa21c75e1c0837b978aba9c3d9a63c7a2120
88381546413195830490356121814345177109849335243162749316048866938595612502926212981848292492799412243073940471444121917248865926738905612439870244913151 651500605372672350640469051589332809118585264783593271273006099035873627541852852531663399508807819719878706365256559 1090346833103967602160537100378048174179225796484590972856875432989872775359717163970433729620072868570858647871722576 18300069745652483842098137880318580305647 390
0x0088112812ea74348f3bd1dada8af72beb14857bf6aedcc0589bdfc6ff7765fc0892fbe82ce314a15914412934ee3c72e85052ec1f5bfd064b5572de1356b689
0x000c92833b88ea81f4df9cecb99c432f1f48a4a372023c1091c3454825029b58421504b75f2e77a778607d7ad2c45dc348ba8c18074d03b1eac8d1f36f499f58
88381546413195830490356121814345177109849335243162749316048866938595612502926212981848292492799412243073940471444121917248865926738905612439870244913151 31731808905202413758005983400994239202313737427988439318127021574975771009840241185259532922387892826963828918046025 200323260848154115069186816222190318014113155871423549050313086187051944238157873385170800560848700899168990198546388 -20974776262666276791282288201662966094159 390
0x00bf572a2d1772ef41403a77a3b8a117eb7b057d4ff411c636904f953b26546d05b12966b5e54d2c7e8bc6a966e7047d300f081e45eec528c488bcdcafd5f308
0x0056f09862d00d8d8170171098ca64ced739b8ee6c52e6cd8b0561b4056fc1c670cbd10aaae7e3a44ca4fd2e21faefc941d9e7806a2594f8cbb83deb241d70d7
88381546413195830490356121814345177109849335243162749316048866938595612502926212981848292492799412243073940471444121917248865926738905612439870244913151 385353935446482033616761344337966822550698942787196197878763026699137081504103663383297170791928581592425472257430183 474021021939376861659007026874853186852708789386063679043700450117792410065722402726831907648884614193001493115337908 -82295224671576347244291574810961055032383 390
0x012a08c35a786bf1a46d548d5e6c803f13867d9a0d61cf7ac7db3a839c36a08e01f817d0edba1ee8f5ffcd6e5bed429f327d81f2abea3a898d9c0073ee2ffc74
0x00ce51101db58e53e344d94a0fb8e21def1e99a37c934376fe80b749032f9a7de774244339b23fbe3bae90d7bd80e2d10536eac12065c2e74ba62c4966b7c5c7
88381546413195830490356121814345177109849335243162749316048866938595612502926212981848292492799412243073940471444121917248865926738905612439870244913151 834784009431469050552188819307165989523879616121852425906224241127658104251756373783558109176491620296853654046580949 418082031055887494337481169182764956414803087912809172951586062897256398703363246776637763688553221166538181418156024 -118134976793843524398507329323944853199243 390
0x00047e401567a7fa2c80959ed6a6fac4f00940d9ae98f0537de153622badd48def41dc772c8efc057db517febdaab90100f6addb1b9793cf8e7686292db71766
0x010d1c31c692efa34a962441a3119c57e6a5fbbf00028e022d40dfd545c8f36d159dda473afcec18bee0b5473026f33c21ba436bde5b79379d92f172546e75ff
88381546413195830490356121814345177109849335243162749316048866938595612502926212981848292492799412243073940471444121917248865926738905612439870244913151 832675602200844338217648758684138694080841805726408457596606809225491728390514335989910751198030274621331264556138925 414690463964550251598353404663177208322088003932831758344511125200583535525985367161804342709675747641913116232802756 118183968742933647274890312756856343416117 390
0x00877ef4af933fd220690cb1e5a5eddfb6b5d228c46f49c99f5b5a6c8e6e2a73d8937ea9e3e6edc3bdead06a67ffe0148609caf03afb55860e2dbb4abe9524cf
0x00d9fb95e89fd859c0a49c3a61253e3ace6d805e499b134f864afab88b647f46d0f6d3a10a852f03a189f303b616cdc9d199f5e884e066d1ce8e0243dd584f3e
88381546413195830490356121814345177109849335243162749316048866938595612502926212981848292492799412243073940471444121917248865926738905612439870244913151 795649979868377853916963211493914165218097492099682366018176635637322198882568959246970413254372242381726808104804499 1171895259647807845416297672978751292805977131384066260516257796266270004479583826683477788680205841401522356343058296 -422248940799175169442322575281237911053 390
0x013614ee54a7f766776919a5358c0525636171af1cb223c2f51db6ef106d5a2acf8ea2d3cfb468aa7ca195f3edee222fbbe6e363f931797014b8ad997e1da309
0x0006b23399247781413ffb5a0dccf66c68f027ed88e5373cc7f32e176c7a757a41e8b65151f19196511335ad0eabbb4d0f90ac1283a378b97bb5c431ee75c381
88381546413195830490356121814345177109849335243162749316048866938595612502926212981848292492799412243073940471444121917248865926738905612439870244913151 1241138027954837084162686618537787154669816120521087762792194579397412397058048553952189489444860908201593742922566049 231084132288248432211376395915724045888532837315756613854454433983012569967839984659809296713244010834390757288624892 -131829719920202170297126115269994879757431 390
0x00885053d6cffeb0a94715ae1cd2957a9b5edcd036fe288ff517bf745b5dfabca7b9a8e9035930a6be43dca392986c393809ffb5b0665f6a85011f3b5d4af32b
0x00b81e57754879314a4036a5614a44b480a3be68f445a316a36a58ba0d9e05a5f39e368440bda8ca6b83aa1f38716e0fe434f72149d9338e52fd87fbccfd33f4
88381546413195830490356121814345177109849335243162749316048866938595612502926212981848292492799412243073940471444121917248865926738905612439870244913151 271397935723523323587081600337781152133624133095639184772707855723693492415026110082365788989623974425751400356672595 398395249317725646216026719147559406811494829994816235545940523034130432145047400558655339719002600445567707218028368 71514850341462876798390651862603135658541 390
0x0005f6f806f2abc0cf435cd3f323da4586d7cb9896f200a207071d6d0cdae21a5c6147677ad774f83db54f825ee6c0a11d0197a86306894ca9a7b4de3d332cbf
0x012eff5e9e76762c129436167ab334f6d47eed68b36ba13988d65eb695e79856249cb92cecdf6f79a5c7c0cc67d18f123cbeb32f97cc4ee220c9fe916820b40f
88381546413195830490356121814345177109849335243162749316048866938595612502926212981848292492799412243073940471444121917248865926738905612439870244913151 400973129063165582063642095755103653946816884735805572133955577869344457633990737207461119024076524170375359042768321 796378557424907009963802855014150222551155845564047823277879439624824732672820861556687711661481693615593606141862192 49453140578591893196081210866332463529407 390
0x00454e34d60b31440a93f8708edb64d108e4e17033b0d9fd89ea46f2796fbac78774171b64b5a8d88de8fafd4fc19fb31081e81889bef352a65874c33ca3549f
0x01698cd01f7735f07da8dec5b0081cd028b2db9000caab4f6e51a70a087d1a60feaa170063a40a12cb431ef4abf09d4bf6de29dd16edff0ad605b827e176fd40
88381546413195830490356121814345177109849335243162749316048866938595612502926212981848292492799412243073940471444121917248865926738905612439870244913151 139103108057958631800485959100385770678734647865056581944348655184451424089086231999350801893103305973471558461419351 514488403018168977579006252713415212953836144762180527657749559195190788850114304460192650415325624542443780793643072 -27478127760962598936173106453788789233833 390
0x00255dc3061ad241854584478b72be082cdb032c3969115c97fdc066ae8fdab92b4684c137a11e66a083be24c74a170299a33ed11265731ab085df6c11bdca4e
0x01900f7f2f140aded3559d1e3ebf962c1473f43b08b001e27a87005ee9b13591dfccbba20fa2068777bfbb8bf63ecb78d70a299b0120a116deaeecd3286a3695
88381546413195830490356121814345177109849335243162749316048866938595612502926212981848292492799412243073940471444121917248865926738905612439870244913151 708540140634159398682640881522344242013498318648670656548765304461774497781468261674551708092618116362035605889089635 723106966189735704163911370717454543434747940914261315007844757753189163230008072005693424484148002518949772123948804 -92842983046849843617708296796943205764443 390
0x001946c66da6ea89ebd69c022718b1cbe1d25268aa38678bf5b168c198883ed6bd3c1a3110bf7cbcfa233d7be6dd6cb89294cf59ebd2b5a8af8dd60281b3f270
0x00a788a189c7875221cf75b53e5daeed1982f9b9fbbb3e09fdcf64665c943fde079aa2f97f7df617394cd826f58ca2ece288e3fbe74f52e58208c868c9fb6574
88381546413195830490356121814345177109849335243162749316048866938595612502926212981848292492799412243073940471444121917248865926738905612439870244913151 598798768021130649257306276441340830082679551074957550456034995191961293738494909749218370806238417547609136309396249 1010972891185163160413541112898749777351184509381352706915804953034737769440260106666522093049447286384720025458748620 -38260940240668116550007839796938207063425 390
0x014b9a12730b51c44500ab7302e17204216957be6881168a2e08fe35ff3a17a0368ab5e75bc2cc8cd570593d7f3d628dc0b3bcbcb546b4e8799a7029df511488
0x0065a305e6ba4e731ca055820b32edf45f0d2cfa4cb11caf6b30a99a3667ae9eeef361e6ef8dc61f5309b5606be0dc035ff27806ee51c7cb9a2957d21a3bc130
88381546413195830490356121814345177109849335243162749316048866938595612502926212981848292492799412243073940471444121917248865926738905612439870244913151 631287871149015643985058812558899026161313274504502537303191733067000951413313920266654086424853474875498509128098049 925839366119484132228598829480611852699018285509152288998706171717462832583759364718390502914891116984685731352952660 -61679349522813470445439621038220004840535 390
0x00d0302c8e33104492fb6ca252fad0d612290677e6c22de7090695e93b255e13e1e41a8850c569d873208f6c5b38ef48895083a5b39c015604dff53fbc2e652d
0x005803294364edc2dd0b2d60987523037339e8e6e9b8859bf5e851d48378a340659cd51c622d425c8a5718a88dc0d69c1a95b59583d1ba53f96484292f00e55d
88381546413195830490356121814345177109849335243162749316048866938595612502926212981848292492799412243073940471444121917248865926738905612439870244913151 1217416235334859317741251417631750267440265067767395026253855664382928832042880595950340699431635308812395146128552271 51499498465755156266481157696557272841391165720366307973501363859785843310164785235397677545924998270467220443332828 -133926500740747554977645161869022030593177 390
0x019d88df35ba07521195345c05b85eaa1319345706cb7b766fdab9fa24da7301556a634e87d3060c9e363085ee6ff4e616978e20fb97101298251165927c6b7e
0x0128ada5ca218b13526503995ed3c99d92748da9f1a2d7bf5d2a4b3d3b0bf3e069a77ce17e6b62aa6f0dfb4eaa78b02a94f968b125d01655ad0dcfd3c1db82be
88381546413195830490356121814345177109849335243162749316048866938595612502926212981848292492799412243073940471444121917248865926738905612439870244913151 664904992721514979320070186730620006219325858937355847678056881074020048394338293014596335791178585607743555837515547 694714298913201597879406240000239352532299900716662035946973475782585105900520653235693874111729906834574728698384360 -92240844296193113179267914413250138958213 390
0x00f37e3e7a90a4856e9b5e8ecebd7b7b29ba41dfc9e99080d5147e79aeb6cf2df43270f794e592c63903c81e419fc97b85209155f66c943f480ea60c947e3b93
0x0133c17a4e2159f065786e1ce7474fcfd23a60098385a6976516da181695420d8fec05b6f3762cd032c76feb4bfa0c5b8ec3dd966f6d97c09581d2999c337506
88381546413195830490356121814345177109849335243162749316048866938595612502926212981848292492799412243073940471444121917248865926738905612439870244913151 1115521920734010240054813169997549043375213825978538450213133461631796175900285752514375291559731489524925583123472099 605907696629271652765814199737908827815219009098068621496910961058465891942632404270347757575108620941711814839171320 116596768356369512455193968287248668657085 390
0x00d64ef9c1f44f4fa755b46fba3235d122a3c5247060fdd746df8dab01e5acd1b7e915cc135832ba5f24b5fb1b66b3f5c0ee90348b880785cbac4ea9e75d288b
0x00c5cdf16a2668c99214bbfdbd8cfed1904afbdd953dcbbf1ebaf76586ebf8be80503c93f1d2179711f62ae626bfdf96a151fa5217b5750252e27222e6b3e086
88381546413195830490356121814345177109849335243162749316048866938595612502926212981848292492799412243073940471444121917248865926738905612439870244913151 1051278857973472354960259292618530798992201079008328608211020458761965682229286223759110558708670569499129517675582797 719928268333126962287750971325181746408810512597391532079416831327093678192371905437466723939323924174895154873907188 -107825606442080060728902988643297324780565 390
0x0135d6c80cca98517f502975a30a813c2b81952bec4e9e912ff96c638f25f13232f5d3bc67c36bab64845cc06e1bb2bc0d735f0908836174ce6151574422157a
0x018328ccd84f7450ee47bb7f637b5202ac662ab4f645a5a9b87993418870222ce62dbcdfeae5713826dd7d125552b06f3ada207de02d5f53f959a282715787d1
88381546413195830490356121814345177109849335243162749316048866938595612502926212981848292492799412243073940471444121917248865926738905612439870244913151 848865048408896337691938096078618510502048285836374949483231564471744843955662847527467579656371405903767946020495749 360076413604623030746902038094012120765628015032308647077427917611647389484589814070199312551479384312650845780952400 -120830910413339755936696559555640338344955 390
0x00738b8f4e08453c8ed9790c24134ef646d7bf07f20dc4747ed31430316a0d5366f717cf5d5b8522de04bf30e238d2a01d901649fac73362a809cfb12c1fec28
0x00d2038b22807e257cdcb6e8b5b05f302c5654339a2380c3a3a9deba5bf7b18300dbb78d3030c37af2440d8b31104e6683b18380190cc3b19052dab52b6e6a8b
88381546413195830490356121814345177109849335243162749316048866938595612502926212981848292492799412243073940471444121917248865926738905612439870244913151 1019231137623163067229205288117003255920127467854474121502595061069582224558032206484897648543414740002226471855612667 195669195012279140534387516639757234142296046587205130902614579981836593124229091242808690538194545897895965624031900 -129976386167388371743688001184357156535987 390
0x00676c844c99fc4249fa9b7e4c13594c409a67af2eab4c5aefe048969abbe4187d8fdb8c3935a4f8b0c9b51069203e7a5e575edca29925d4fc9db7aebc53fad3
0x00b58d2efac365605b8c0ce531e100dcaadc77d31dbc3a9e68f402bdcb7bb4b9cb46c374c09252825e2f41f69f9d8b97ee3a2bba99be95ee99aa2a37892bc43b
88381546413195830490356121814345177109849335243162749316048866938595612502926212981848292492799412243073940471444121917248865926738905612439870244913151 33069072438558039473941377759389451699441415908829962341515515919053550136526468415877511346488124466525634884419429 165968759504955173382217644028453090325808038688647152817737602859601174097612678703175957624462291395934195356513832 24889679269680212648450252744896430209541 390
0x014aa9d7e600a370cc0d6ef66f905c48f51823920782a3eafac1f4433f25327f68de681d30fde1f434af8c947ef8605b829034cf03164d5470466b3735e36d20
0x0012aeec55f775b509353c9112c4d130ee0cf77427129afe4f6fd5cc7bd658ab1398e82a9ff6df217cbce9c64140a2032ace2dcf3d62b2095920e3a7aacd0d97
88381546413195830490356121814345177109849335243162749316048866938595612502926212981848292492799412243073940471444121917248865926738905612439870244913151 199055645548385077216438314731235432889527405172274244385838787679450132438481220226373550903238961619678374771868475 56783426439693080545735318059613820041253515769039710773934541062861848974338149627366382054893170535571299052299764 72074357297674998026899728277246739011277 390
0x01816f97dadf528ad81c5c24c4e85e355762289e687d41fc870b1ff3a1ddf35d774a9bcc10ad02cf08e46bf9b5e9ad82f3e780ddf345646bbabccf7e27cf63ca
0x00133011755fce9fba0e53522815609c58a6f55ad5e8adae864e87cf20696b62248cffd6f35a0d22d65aff6625c83f7984d79094e38e9f69565976bf8d5c2834
88381546413195830490356121814345177109849335243162749316048866938595612502926212981848292492799412243073940471444121917248865926738905612439870244913151 195127266412833086333955143422428931715228337236478735141545702858774373648538287052496395476094391802389092507598175 335206521452630710538383829238632782027686692759176263958056210108526916434848889023852573892876777861698264049107568 62171419984270074236077473322230392834849 390
0x01397eea7d6ee89351c6ee6a121ab29e5a563c2b7a311635f27dac34ba5bfa95e926b280f996241027a994e69c7584aaf98bb53441ea1593a31dbfcc49e88c0c
0x007683c9b3da625536a4b4ed46cca5b97b065e267590928b99863852f9ee414a26967150122f161d182cb5177a54dd8ee31ee914c1ceb489ca94e99bb8b2206c
88381546413195830490356121814345177109849335243162749316048866938595612502926212981848292492799412243073940471444121917248865926738905612439870244913151 218662168952134083950697417216254655140671707389121634230220267693294114477448402986135444345134687133565330117300485 679668536879234078139162346671114636839582913047908668657113776704569804767285667302914394100145941940349425436440944 -21706816395353767002279981885969223368827 390
0x009812c71d3e60367853512b897b0278992cca72c162bacced3c8b1ce20d2b800cb273ada6b207475503b1a5d237e6c507871ccd9b39cb246d813e36f86bd532
0x00c6edfd018d5362404e1fd3be9a2ccd3cad75634f230d9aab1372fae10ee3eb0c3abd7e9b3c175298e772d1967e5e23536f3b87093907114cccd36e451f23cb
88381546413195830490356121814345177109849335243162749316048866938595612502926212981848292492799412243073940471444121917248865926738905612439870244913151 343488025926929238318488062660415994238689402625624212833034744523616649510207158597656589431840685411680751542493415 778087887102494872799309183616964835882919777836560604839489093655123213506646241634763179637125388283969949459650964 40193048896007417830280127893316770572033 390
0x01a5bd7a677eeab00b33e6315d8601bdfe195f7f0d98c3987abcf32d29acfe1f2f5108fa5a4583591bdb5f0545df2844b7f1d2edba0e995b32f57362598d4564
0x002aeee2816666c89b1a01129b71e5099b00c8e3dfd5a14aa2f17c210a42269b25cca47a33e6d1fe8ed4d12e89e3111cf1d2e3f8cfd6b5d82ba55530a9d7d3d8
88381546413195830490356121814345177109849335243162749316048866938595612502926212981848292492799412243073940471444121917248865926738905612439870244913151 301485804637538234954660880286760671114685091179364061952853718879406966959943322742875568161304991217934337872925959 816120437690252587034536659698687183731845358411272870514955891928478849887721988885040011164418001877856168055412468 -6128108689446837685933865123228897021281 390
0x00b9627b22d6f98fe6f1827fa77df6bcc0a27191ac83339e4e0d36306be998b6b4545f51e738e4387053d10fc6c122400547f9442f790bd92daac3e5b41b08e2
0x0153895b45b362a59b3e215755e99727852fa5cda73588b599eb6bc9f0d5d32bca11f6534e71f1b56573d305c3e8be228ee31abb8965cf1e8cb7cbceaca6e195
88381546413195830490356121814345177109849335243162749316048866938595612502926212981848292492799412243073940471444121917248865926738905612439870244913151 277138099126467818167416374598199628984748790597458680940141939825920137369129251233577021162326979187041529384446549 615232452386827648096472854316839902070925214937131569451933621385852261720503206199616258927098842040910738260808568 52494491189785863513424495368039030361099 390
0x005b7492033c74d8cfbd4c5d0a232401fc83f1eae1231d16926b82cb1ba94de2f54039863391a695694227ac9c40ed0d049c8fafac7a6400db58e10b3268e5f4
0x017652e3d8e990a43c37de512d7f0a7098fa6d7eb9ddda3d5c534f04efe38178ad9f9c1f3812366479566ddb86f19a4d0061c88b12510ad65db3b611067ac000
88381546413195830490356121814345177109849335243162749316048866938595612502926212981848292492799412243073940471444121917248865926738905612439870244913151 320220580608806177716297161234935985978373999126412282731495768715720471975322363670289752824076787982447832083404619 256745966220772515048114256672889449939633657698103040465530092841718870240629454379435019632079700536899508135218032 85032802424943016164503947634796839313611 390
0x00d8269bea51ccd61c3c7f544640a8ae1cc3d0905597dc0e623424662761c1bd4feb1dbffc1a56f0b5632441ff1fe13c046d8b03f2b484102ac32e62033cada6
0x000b252903e1be27d0b40f13f613805db83b3467dceeda19b3c24b0efbed768afe5bac2aea8ccd465183ff66518fb7fdf63163960a980ab122dfc51057fd3407
88381546413195830490356121814345177109849335243162749316048866938595612502926212981848292492799412243073940471444121917248865926738905612439870244913151 752930017082656836803990958017917907973798614113084238671550869925649823942154246402402495349696108929308701020127379 1101200286384518991609127322156027215841301595654707152682383811559563679783548799067826499117934449706403060589095132 -36715273399823060271855971449820812334709 390
0x009f2d813ac081fba2733f47d62d592c314f937c56b0962299d90febdd26f479c045a2477295084f4a545e5c3afa166585076fa2edcc5c6f72cbb21720f68aa5
0x002860beaf207f9303c8c8076b9f709800f97b4a15d9580fe720a8c6db0924867c5f8a6a312e802fe45994b85cf61a2fad0698213510d073d847f4f11657d825
88381546413195830490356121814345177109849335243162749316048866938595612502926212981848292492799412243073940471444121917248865926738905612439870244913151 691406212526402507833935235273613226268683856555371936099518393954015686499834132741295420004158924488090713383694763 603924328002001805801057960014050947801331303137348247751654600886008880677399003018554716635709512316090210101612988 -100954696798563407561968955148977174558307 390
0x00b8ab9f8ef322674c7ccd44c7e4490ff764f385555a7f1541fb28f98e010822bac0ac51730a8fa1122fd9dd34035922c129093a46f2f0ea4df54e8e3b926f48
0x007b83dd943aab0da49e518823ee9c709e05cae05ac27f0318d81f16155c49e04532d72c2526383aa07acfd0a852a231f11becc91e76cd2b68b265786813d888
88381546413195830490356121814345177109849335243162749316048866938595612502926212981848292492799412243073940471444121917248865926738905612439870244913151 26795752481641515795945892024369993650674533811228761025679760957192514866419356423868288487461440525354195314066421 227973102132847950965946759470574071199165978302546556003623052560291679427542880015075792899498153016787286122198632 12976209324402059645337601471197697788267 390
0x0105557ff0b0b531b2a398b50b0d00de368fb8ec217cca07ea4753d5cd14a53bccdc6be403703375694060fef2ed555153c4606a35627842f2c1d2a8f9666643
0x00bcc47d3d7672655444a3bdbd775a86fa7464317723be67efda9c5722a66875054693a735e8392afad6efb064968fe22dd2b75fe6f4408441704be571fb38ba
88381546413195830490356121814345177109849335243162749316048866938595612502926212981848292492799412243073940471444121917248865926738905612439870244913151 252655829131494599476414674462344465657870250969976198894066708325213284446642269736516036578006979593454370988690949 751762433379265837640318953767403980758025388471496185215064626892221355686776611944028207039236924823958574418555836 -9601420892697374249753355214119306944973 390
0x018fa40b33ade8f5055e5ed50e6f843f137d0397f66adcb1b8d82edcf61c87273cdd9e07155ed7803779a8364ef7d6ba6d75cf17f60f38ea16dae2725acae4da
0x00496ad6b936871d81d92f27855f85095e9d77a3d1fb609822e14d74fefcb7e1f1d671c3d37663a988430d7b4ffa8874cca265d895de3e3241298ff8144728ae
88381546413195830490356121814345177109849335243162749316048866938595612502926212981848292492799412243073940471444121917248865926738905612439870244913151 585519900456833465497831893550918061993517331606596411649369470701716860617239328613682373611373973007687078943935035 1016004262746344013325934349821282751621311950881947375638940002498664317791482383533593472840745612753060423997027868 33875791346260138986500321704766145923571 390
0x00468220d4bd8f205ebfd22e1d1afd51f331839979e406a56ae1bdcb144403c39c05d2013fa866bed5a34b790cd25c7e982e2356b89953c22900faf8ab0bce59
0x003f37bddb7ea2ea6903993bba0d7e21127b8e87d9688819b89bd275349e2dcb7be07a7d9a709fdd34266037ccf39ad0d7b18b4b514f92ea60d913a67c4fc52c
88381546413195830490356121814345177109849335243162749316048866938595612502926212981848292492799412243073940471444121917248865926738905612439870244913151 411333405642958657516529954412881005175089559560179294552892350363126948689737761985222269546608203742717409927765169 569716267570494274827251158812179288387731816392195807477399270580364800133330927941768329506839677630565172403735088 78418532317945458445098960209931237280049 390
0x007eb64ce5e594602a5246b4d0d97a5962f03d310bfded5e2d74db8522b537654f1a38f21ad30441fb56246b13c19279e6dc0f362965c8169d3f9c73a8c4d064
0x008b1035c716f8b3467a77c27149fe4c3471527894fe90eaeae469d2e59a2bbd9ff4b137793e479a3ed3f7b621dd215c4599f1184d96fa59275d147c2c51d335
88381546413195830490356121814345177109849335243162749316048866938595612502926212981848292492799412243073940471444121917248865926738905612439870244913151 276473154526230258858330846579204231220688392462155281614851682163057147961534842631789364815598295676941645616103135 86041097705071324885791886399399729098767789497546714152636006484868812755996143946519394212299488580315854813934692 83305426230136082996779944552089589093001 390
0x01732f209102d59b65a8f1b3f361124aae671ba297b0c811efc081af2c4d82add7f8c91265dbee3c38b0f0d29a476130040801e443840fe02d6c358fbf5ab931
0x01a08309699a8a4a0203d9a15ad48f08e934efdcdc8068ab0f043091bbb1c3bf1b7ade73cf975461eca5f5a31532c6890302bd408afa8727b6ec20e902391070
88381546413195830490356121814345177109849335243162749316048866938595612502926212981848292492799412243073940471444121917248865926738905612439870244913151 1102057310863897340922115126464542316733700937640586205423519878567261284191877673009059318869253271562857105065974537 484402773462996950259125833986836579457836434256698056642587714058228431832248154184003900936573831910936355376885420 122667861288265187625884141781483414502513 390
0x014652792996d3ba35b1c6fbbe5d18e667bfa5614153d53233a56492fcc0a8f07151db3b4f74447c3621b95304545c30155817b24fe1d5f51ae3b187b391db04
0x0042c6b7e4ea459954a5aed9ef46388862854c0bcccab2d284ebacbf84aac64e2d773d302260722ebdeb86672500dc9d5f365c2bbf00ba499c5ca5a3c31e102a
88381546413195830490356121814345177109849335243162749316048866938595612502926212981848292492799412243073940471444121917248865926738905612439870244913151 455695805542674568332170408242169062485743657250945962068575132820591183089662184468204540249375711188547164428370559 908628599764734771373245313456154642884756916444427693708668061659739272722988448552599985795219965948093594240032708 -36209022385822394320105217785240312105111 390
0x00997ae17a8d421ad9db2d33b346192579fda58cdbf6dae2ab0e844bb6190827d8a4149daae42d9446990e4f1b716a99b12429b49dd99042896c42fe21c681b8
0x00001bedd51526824ffae61908ca0d3e98cf05bda985ea6d00d6a417e2d9b4f8decbfbca6f7756ed88842100e7dc277078de9ab18fe1f2b380b37b0c3e5ce5b1
88381546413195830490356121814345177109849335243162749316048866938595612502926212981848292492799412243073940471444121917248865926738905612439870244913151 347312495052761667333259409845339892852083762894904951778061012559629160565806762370667594772853998545194380304666909 566164498274579286212697445879059376276678697071327020073196192191674067589124869066090865171749765995495098516444188 70128383198032029137022961581726405005221 390
0x00dfbfd02d80994e2019093a023cbf3832131fa73d1963df443cb1361d9b6260f1c46cbc6b1a68db7e088ee7bc8f41f3d53b729b22dceffa2102218a3183a868
0x004b39d15b92d5cda7361b74d8e5c9b480ca460d57ddc31e9a50ac4a0246119b9e39d2db39cfd94175afb768c30711c8c7e5b9f7be2b0cba3b165e91391b2e82
88381546413195830490356121814345177109849335243162749316048866938595612502926212981848292492799412243073940471444121917248865926738905612439870244913151 430981113903740193546111653113902145447576624735384994666129892605322367205269053657417065435071266054322915804531339 676982403027512727932262505375863605057299503799420162976153584655791546012756198535505565083274279538073393183130712 70779424928319062827606637399692625328661 390
0x00e8806b55fe61105ff9b79e9cbc3f660886638d76c12cf70436493880291d0e4cd7cf7a00cb8c0843ca9ea91ae61b84a16ed072e03517578d5ee1553c325aca
0x018005971ffa2adef1dbfdf6fe4ead3f274d43aa0f59212e1b31c88d17e37743c44095f51287d414f002713a7c9d087df9accc6c939bd194d926cf2ec2507a32
88381546413195830490356121814345177109849335243162749316048866938595612502926212981848292492799412243073940471444121917248865926738905612439870244913151 28966174744039463324637166804840064019094605325538184599752175148154159793566285282826138479457736582013261559554225 105141762165480986344885665026094073456926457947193370104681388241885540053978395565583400178633223249416619751075408 26303949937639721925402870117187405671119 390
0x014ae9d5449deec6c37b09a5d4f83e18b4d910f0c3ca62d9327fa3417182796168f4112f049e906f42378c0c8f559ae7225405f109dec562a0d10aae8880d582
0x01ad56942c31dfd153cf0701c4cf850ac55b15647353af74343f897ed34c11ade876890db5a1a9ed5874bbd03be8d58bc3dd46cf73dfba80ea276ec28715cfd4
88381546413195830490356121814345177109849335243162749316048866938595612502926212981848292492799412243073940471444121917248865926738905612439870244913151 461993195129438084641383569313582456168522568045843428739136335604736306398684914009341786711574292686182596701655609 949750086701828690070750995110057024719118521418558700722563838817281251595909826257181581684971942595431968605992532 23679794347117224645215731357417244439519 390
0x01848badad39495ac95130f3f8e80dc7c40525ce3b0ef3bb17cc04cf8b61f804c3dcd6e6f03751308ca955ac6c5bede159449e5a629682f7cf0aff2cd1d07910
0x007ab7d2a57c2c42b6946685d8aadd5403fbad0da07120fbc14c13d92574e6254790e9e90ffb811f2047126a21499a33db812586abb432939ed9490f2adfe86c
88381546413195830490356121814345177109849335243162749316048866938595612502926212981848292492799412243073940471444121917248865926738905612439870244913151 1165672550749933445354973499851087935074831850719476553988127247847072261115017187839234833617424402986040805446950831 946798981474819297078501958437185597352395131479509776589849771391182498782893494657232943060714509920833054699609648 87991132395342635712992140692883474219823 390
0x00d4efb262bffbd58f707a28bbd0d621b40aea622b1f3cd95118943049f6c8ee5939fd19da24b02aef2b8d3546536fe69cedffac8e045ea00688234c4f09e704
0x016320e8c6edf479d8a1f5cc723fc21cac11807adbe10855c7f0a0abc0d71744e99fb4ee2238d3604f0b779af5a2b1f7d7d07519781b6cbfc0ce4fd8cee537c9
88381546413195830490356121814345177109849335243162749316048866938595612502926212981848292492799412243073940471444121917248865926738905612439870244913151 759018905662336137054237583330688692906372769448904194317504628000406227074802051817544811644856270602695586583729409 700056333959222267854747499422653128771751189452807399319604780896056854267255341389855498886356159794961155491993152 -97944253279763083058451504186222705877759 390
0x006378245bf0ea78b1e61221ba34fce2ec20791929310ae84f1a8610aa9fafdbfaf4c58dda9248e2d17cf960e78ef188e9b83ba9ae49d8d1a84686f74bbec266
0x01a653b9233d941cab621197d1a07323b6ae1e60062aade3087fd1a7d359ff8e1e286d86921c781478719daee4110751713b162bcc3b19447194258cad780a0e
88381546413195830490356121814345177109849335243162749316048866938595612502926212981848292492799412243073940471444121917248865926738905612439870244913151 66305098536844688276513770414488328336224499949366103472821389938758715398054276116857293470111710500061568331485709 116710120032973695194880350405237630378808744114087699806453935186081552259543390524036150436481451795320436555869808 -41084971655273974736449643901996665082739 390
0x00e91bd3c28e13d73c6f0d35c8a616a2f9d867d2e042d2e3d69e5995f1ae8a22d3abd3056b156853eafacde40aa92a931bb392ab8b76df8e778b958714561519
0x0135d0df4fa39b0a1c3e31ad4a4c19d1245c3540ea4fe8c77adb26d151942f5f72cb57b433df79a8151b84146024cf45dbb57d9a7fae96bbc1f89d075b4f88bd
88381546413195830490356121814345177109849335243162749316048866938595612502926212981848292492799412243073940471444121917248865926738905612439870244913151 991667405866978333356925843358923838024064267193152198983403895189195829522573921636629683496985438705940757798004219 294548274264681108681264638113309782042099508909744400336616722073128736000155374234837645472807797374170985420223568 127224621400320880639758624060815395552389 390
0x009b65b167348ff828bc81c3da7f713bda9b610edad9fe9fa74769d957fd58d8c1564cc4835669a8025f8bb110992551b076b447459330c0869c947bb50c8f2b
0x00864d616e1898bf1ec2a327090ee4f5c76b4a3c94f52d422ba1560f24b7caa6971c33803140584e21aad9977ca0f67425f8ddd6c2c3f22a3254bab43c17a51a
88381546413195830490356121814345177109849335243162749316048866938595612502926212981848292492799412243073940471444121917248865926738905612439870244913151 716850500673405731710793470446563218763357690014898688515420914551483585027599790489025749811063105145422163672078445 872030237544051037004382459595087981482767261640421658390616590500750371285937863443607027507629790870217001487818228 -77685863629594629815146319740736880174539 390
0x0020c7be334c03d47458dda422e613d1834e591a74fbbb28dae230d081f9a44213896ffa5d9b7b4440f702b4c6dc2dac62f0a86e85b2ea27eaeaf8daa011173c
0x01578de1f5f9da8a6e87d9260f7bdbe24b71ed55faf0578979f9ae28edd20f55c7037376142e7c075e11bd0dc5200e77a129479fe7789d4892bdcd8733a261db
88381546413195830490356121814345177109849335243162749316048866938595612502926212981848292492799412243073940471444121917248865926738905612439870244913151 570596234658121386976443835143346390484598840242352687056383103925781950514971845051707601363156194727579265617098365 1008233931836145028251465930079047541665044615828725629445736148109692460228875940134848632784281661171882142648818416 33089965341754827660313561590931198234877 390
0x01ac3f436df873cffd28d63c834c086c26bc897d794a8af79088906a1d92d45633a9efb413b727b8ad2644f6a3902dcd406047ecd11595cf28ef7c48b48b5e6b
0x019a0c09a2f7203cf1ccdcc5a18c0c1ec318e9e5cf55303fc0bc17d0a66f47cd0cbcb6235f38c5da448d83eceae35c1557c96c2cca6ef216dad50f5201351bfb
88381546413195830490356121814345177109849335243162749316048866938595612502926212981848292492799412243073940471444121917248865926738905612439870244913151 289130036790104149259506569437031072706710166821190242777100657420002690987082923981800237172301961532274697150823191 802766941670758872149105657704338082807139537156807288622787053500833149794114305894037809035064163310018453863801012 3489979231004903084346129828708978624303 390
0x009a1667e89e37ff47d52b637aa19d8cb53c548425b1ad0a265ab2286b226dd70b5ec3d660d79effbf71ea73ce8593a78b4552be090a1b6bdafb43bf088143eb
0x0184a52de5ea6d71f1ffc2aed15ee3d43745af4de2553203a817f197e3dd50aff0a492df3df4ddf1f970c7f80a84bab67bd0c439c86c1db0fb44e7e81e5804ac
88381546413195830490356121814345177109849335243162749316048866938595612502926212981848292492799412243073940471444121917248865926738905612439870244913151 262917455505706706765586553218791639727499912669491506336038742775500149819029889211654918210488787958044339229378569 657622263237018273741625712595141818156882211302176019608977881940112029934690833848785776500186041177906282119870016 42735571022826444554433906801716916350967 390
0x00ecc35316951287e5d742147628fe7cae2daaeef28bf2959a3fb15e05032ddfc26e3bbf4929122c40b41bf82d4dddda5c468baec353bdeb49854531cb8df014
0x009ac84c4abca6a99cecba09ab3c4918fff6290a711246920162b056b4a502007f0da4e09d84b68511ffdc18e2afcd9ad39ef9256db7c17d30e5d692889ec958
88381546413195830490356121814345177109849335243162749316048866938595612502926212981848292492799412243073940471444121917248865926738905612439870244913151 92020100854262576635048417835847321847173862759956651398070381188309459722651519114541297796722452192743859699564137 464307177910050100042958540151337195347569866326079987836053982510857506689416058652629272555402787876295198475950120 9514526576819627107934730333720991961737 390
0x0091efa9eef2d7f01df87fe1fa40e3faa432e087171fb04eca88e0754ae06cb9a85f8286ea3c79f3a8f6b2c3d99441c49e26197c50ea9c8eaa3942e5681a42b5
0x0036a8e8a8e1d3abd9c7932c49cc5cf52fd43fc8721c7ecd8002e12bf281a63a2bb58b49e72c3e217618a50d49f00f5b92b8be69ab928e9c319ce769965ce6b2
88381546413195830490356121814345177109849335243162749316048866938595612502926212981848292492799412243073940471444121917248865926738905612439870244913151 614963109173197144236220170168027492992891426742595142587253549399590068532484453830939972217209046024342424806708557 1054841328474484158757470765292455558050971979965734246397018968661016090779552190467975567669309362679617876048955388 26033520889255926286964529645336887760085 390
0x0169a36f7a6de1d65d1cfbad0b3ecb05f59dfedfe2c61c6a5c271ab18a3fe165c0d934f9d482c9275bb8dda3b5d574c6a6496c75d181f472f3fa1deb733e6575
0x011b9e2486607e36805d497adfaf76274c21d008c57047eb4331bd15fd3c5a3dc92b86c25b8b749b41bf1fe6ea0e03f87b756a845baa154e229f90112facf766
88381546413195830490356121814345177109849335243162749316048866938595612502926212981848292492799412243073940471444121917248865926738905612439870244913151 542540463001641597070337620107943026093700289254396295662423892070372018801241992208490279435799190037460095102346097 1032837147248849697057282892742349761227045367841589225827479551982796614621879130375070786436983939752158049354789300 8923020705262584824767145765023528473063 390
0x0021e498da59acf0210269d68649b702ee69331145e83c73bd7f74e4567ee9bcd689bc48a7d12bdc707ca8b4670bfa0493240236e5c43a4ad019dae7f2ae3e66
0x0026ea6e219236b0680e10208850693c07fc33c4a63363f0f866311a30a95044d50b8a6d4e217a848b215a2540ee6dbe348a48d7cd11e32b4ecc524ac852822f
88381546413195830490356121814345177109849335243162749316048866938595612502926212981848292492799412243073940471444121917248865926738905612439870244913151 452845801744968512306478879521013010896813587685720604790953180553310883846057975783551349335699971002114560667789587 832031474350889272774251756043505927473546652966875260862478402236055530638248827282974034840365595337999938006992160 52608377252244840273109949501871512600813 390
0x01a987d22b7ed2e81ca064b4a1a59a6b3b194af3c10061803a953a8c222811844605e3d0cc4d859d9bcf10af486f4899154d0cf28b1b53ebd218cccc2e1d00c7
0x0072b171d31d99f2bb96b3b3b5474e400c1bb3bb67206b5f9f8cc971b356a1bd87830d1201c375e69518fdd06a80e7e40db747b7e4c6cf326840007ae731e8fa
88381546413195830490356121814345177109849335243162749316048866938595612502926212981848292492799412243073940471444121917248865926738905612439870244913151 139593229569516219217165366344262968487961412261143377256578490445616619691441838737856219132977443729441358336294315 560553804950109658605810706619380954041108093195027042540312409764923708941058497986069865207093585237124722523625688 -14393152864861951159237352924503433783029 390
0x00e681456e44cf2158dfaafed5a3a5087506befb91899d01e1c95d9c638174d95ad8ee463d0a7e3299a7013d7299f9c55a507ae3af2e447ac147b8db4fc37157
0x00002d2b6179de26cdf825a643a2460dc7647cc4177ae09b2c6e295267496f946897372a863ab1ec2fa0210aecaa3cc572e515c753d60a27cd5e5052520fe696
88381546413195830490356121814345177109849335243162749316048866938595612502926212981848292492799412243073940471444121917248865926738905612439870244913151 92877790812149016427053629613060251135073702906976670440132410855525703987412062423700136076365801516671037717885307 172797508667903655031793940242578498566156730872177075126131672010868680032868922414478774046958436887484665005330800 47059239439620115452622512823760058367237 390
0x01503fec784858e37be7ce1249a9347a2cd8c57c0e4b6eba1d6682834c390add9286c6ea986af160af5c22e55cecfca775d14e9560808f2e9898294234738b2f
0x01674a852a30ff3c1b12ba667c0ba75e72931724fe768823934f1a38aed244ad890268bf314792b26b4c250620c2928f66ee93b5a2137133af4d5bbb83e61819
88381546413195830490356121814345177109849335243162749316048866938595612502926212981848292492799412243073940471444121917248865926738905612439870244913151 1135363398479789101409515926546538974602619026873386243232007591922445193208543165809141908869881379910022387955807119 909137683306879457370699029752568507394629050439711768551798494072012522886588675784094023994441426683585938648127692 91965271197991749417661958361573315945191 390
0x019397c5dfbf1615b1605edfbe7238c60f2ef738285a50fd6e1cc165dfc1189c616fba48285179299deee0ebf0c646ab39657bd135219dcb58a7a02917678562
0x002e1a6d79c30f2795024aea17c92e4a57ed490f73b06a2094f0acb5892b8fa35ddc70faa41e50030838f9ce9a9fccd911c48c8f5beffc3477e00c48616c8b42
88381546413195830490356121814345177109849335243162749316048866938595612502926212981848292492799412243073940471444121917248865926738905612439870244913151 551289201780863716702467731882467683454469303636465452768211189883855860158644971730144675156418610202779582989425975 864814077721130020209187399686725920843221432382369730742181832819116030765162191910950497922496079485876571343017672 -61875761653772903046660086677448912646679 390
0x00559c5d36850490fa8e1cca6cb80c267fb1155908f87e0261db1f196f0719e1d52a71b7bd04071e9361c52920f6f989e9ba09a037cf7e06fcdd92be689b3e9c
0x011a6fe3a0c289a7001650fb85c414a474891947ea2b9bc08ac3d93e487a264034e762379df8e4c9f71a1099947a5f12edcabb669c180f5c17c5b087561bf3d0
88381546413195830490356121814345177109849335243162749316048866938595612502926212981848292492799412243073940471444121917248865926738905612439870244913151 668136632401366489743826268364714968692702140583298971361089829971480470679767501145571966279712527431535975268117991 492860546583713684601145958229450742062973847071288219854280590989025544694055423714890985528309836482919566071153568 106132595733630717583416874775161903844327 390
0x00d48b236a461355061010865a80622de6a397bc4f2b61aacb96858dddd5b8cea558cd8cf168cd88c2a6eefe9c73dd5a38c5a4324678d028407390f88b30394b
0x003f08068707191da9900aaf7c48c1baac6b957f18a9303d3b4d4eea6565bd32804a6cd8e12272cb3d56a86cef94c721986ed2a9d4e5f03b8a54013a132eae48
88381546413195830490356121814345177109849335243162749316048866938595612502926212981848292492799412243073940471444121917248865926738905612439870244913151 64255530506513126913408000307175797991689073253808976421477116944215447504775683664467986167021275767302692465260437 196339477966683210976692250632873997525580967618735487375661518686779121317931228861580874493761409553887607718800920 36748803841454859821445309426590690454987 390
0x012dacefed873095386e70f402e0fdd9ebcda5c46344f6ea79cb2126835bca23797b3d06da1837e16db9ae7c566c2dc9098283d3eacd2ea7f100284e2b646ad4
0x009344fbf18e05b27ffe83867decf65c06601e1828fa266ddf5bbccb8da6ac35577e7cc0d2b0e38c468fd79113b1790d05b12ae9900f46e12156565f918b9b93
88381546413195830490356121814345177109849335243162749316048866938595612502926212981848292492799412243073940471444121917248865926738905612439870244913151 637985628948552913016143731424458681191024173367310552741308722495622358732014264070708948313922700178759901136854845 572677480816926935559891465857539078576752410148482705493269694935243176008982222760728091018282615239905518477469648 -99434132605261358122369164325548374089149 390
0x00366a92471306466fc07d38b8fd9d432d7dee8168697f4747ff83b490a6db312e4144e7ccef6aef425abbc9315c355905ceccfac3bc73dcb7ea850f88a405e9
0x00943ac05bc33a92a1ab2a111c7b91d321d734d439284a019b2adcbdfb2c8e8d78f559ec28d51e74bdf4446dfd3e1ea08b351d08650940343ab363ae735500b7
88381546413195830490356121814345177109849335243162749316048866938595612502926212981848292492799412243073940471444121917248865926738905612439870244913151 351472634203779026912042272909151901660571108528474611752745033538844515213682432654027123972592998832247400389924289 795959682549703567299691894803695902032607154960882054236230620226569085671412645656075122253486625529209855757144532 -38239048759546837572756340389183097138071 390
0x01af1b05018adec727f84deccb602dbc045b5e7b93185f7aa54b989652e37b9a5ae9a3a5e6a0254cde64a0e1eba1b51354ded86ccaa24bf0970d8859ed598c15
0x0180ec9e86ed4697884b3ca8f1eeaca739344865e14ba3e8e2e1925140aa1da6d1dce29bb681b49e5b9b86e91ea87baf4b382d1a52134e38a63d493ba83d8301
88381546413195830490356121814345177109849335243162749316048866938595612502926212981848292492799412243073940471444121917248865926738905612439870244913151 243178091615657574709413849216002121465671467401715963883895942607091531428840507765107750033078858942322610702949049 667467120589844198206139725457068089377284405860288566191786169214951043176573909745845899783630824033303098478371548 35050679032467553227934121640530389905761 390
0x0105b49404b9f8c49b286d376048168ba5d9af67336566e8f487f5448ff55ca513b469768b7a40f9f542911f5679359730fd022223bbc7001b4a7da0018d6c1f
0x003b778592113705f46f969fefe97aa2c2ad24c94b553c5de0a31cd5d39893e78a907fddb12f3a7ecb57a6ad8d66f17170d10c7bf94bc46eae59f60cbcdc9ca1
88381546413195830490356121814345177109849335243162749316048866938595612502926212981848292492799412243073940471444121917248865926738905612439870244913151 694246004951627951076933778651760486007220369588330104029514523557921730291347832082692084876418617549429828952868085 403482872601792587190114464068431265884364673335608065116135086611857587806967228764516071607609972632718536736432228 111861806303810824583775793514761138363459 390
0x012bea8df71cfd69f4dc08357d2bd079aba3039d396ace21fd5882fc4d79b4ae3ff67225632ba6c763c3a827743055368ee5b73e180c8ad95d68eaa759cdad95
0x00f7f27ea46b9f65f08c20bd22000cdd46210d8409f560c0e21fa85aa7900e7b935729daa4df3fe5c832e9be97f8aaa85e520d36e6612eaad5c8477d2bdbaeb5
88381546413195830490356121814345177109849335243162749316048866938595612502926212981848292492799412243073940471444121917248865926738905612439870244913151 535498728867585504010396830585625212447686586339351595892258499129089064107181555179767264856075437551925227789335299 398606291284237546839940666914126645838472521880387510926119572767915729798147645869336004688000468479484504727049760 101176640420646218607212555543357744000765 390
0x014745a3dc5fe54a0a1d7bd165859c07a83afcfd960c55956ce34b3c172e8612923ddfd76f35c3361e9eaa5e073bd1b878a82abd76e4cc54cec5ced314438df7
0x002ba779fe2a05211fcbaddc8c11f4f736522b1d0b21cd9f2ff33d4ca24e91883026651ee50aa79f79b46bfb6b9b5b979ae67e2219db5fbd349319208036ecf9
88381546413195830490356121814345177109849335243162749316048866938595612502926212981848292492799412243073940471444121917248865926738905612439870244913151 571324007584197538362503419190926010842561802134395403038942876017428551050572280369811115988857553284730994673639975 944106152608615816603983756386565873264539986469346630670069337850687333896151630845396200146098118037824488273569264 50228322669209622073375593993582620847527 390
0x00ecc1e8137282cd09bf0dbe8c54ded7deb6a34946bb81f528588bd9274223eb2eb0bdab2dde1b76cbb2887aae0439bef64b8286a8dd5ab07a94e4a9e08f5af0
0x017f804778bc4d07ee1452bb46e20097222d51cd637e216aa807ce1ec44f95672bb41d8386739c4bdce9785bd68e248ea787a2aa8454780cccf464aeeeb6b08d
88381546413195830490356121814345177109849335243162749316048866938595612502926212981848292492799412243073940471444121917248865926738905612439870244913151 898375883769820882224809968727654081138195117824137812750565977841653911259580513421499321523596323632126370483309717 956672501082619454664885430084550690996506988241363237114388353644711892132628123697356585196596718071568738259134088 -78393938103055208087549591863814632955445 390
0x0138c4185181e332bb7ecfd4c448af7d7b894e8982236d7914ef8f98be0f5db5c25d1851bb7c85eed5d92743501cc3f4cdb9d17d2bc79188c5bfa5564f8ae7d5
0x00b24cf2d4dd5e914a0aad6b393375d6764f4989ae4b6197c08e6d8db95bee48a589c1c403210ea1d5fa9c367786a0224bf2e015df75669863fa7c028e0aad25
88381546413195830490356121814345177109849335243162749316048866938595612502926212981848292492799412243073940471444121917248865926738905612439870244913151 141664859408324603235425925772143789268886145593557745700961873313396670155709562911697090904335270223316306731202555 580654568440472705489434904884150758932777286094927823422553912716569034858464652690266635786937209905534289171527004 -362884279866659179270485806512155615923 390
0x00e19fa0792c15509b8ecb1d4055d141c26fb0eda9063f999c7a12bf3adfaaf9be82d69c443095fc3160286d5702ec84b96db148a45bffb7155b605a2bb15d5c
0x00b3ae45a8539bb7e711ca90f1f272a78356bbee66f346af5ba3b5f78c325c1ca8b157f6ac8956bd99fecd7273aa15c989b31c3177f7a23745515c434081491d
88381546413195830490356121814345177109849335243162749316048866938595612502926212981848292492799412243073940471444121917248865926738905612439870244913151 516803672465101624562761670208458904798541209515515397512344270241622885983984153967940432450840464836750407901837635 696590402902747049516912989597551095989055500878609705007379990044710033927373795322004506240085030927503364827875912 78951650457741534025138884715542974832989 390
0x00c1ed6f5600cb3aa3c7bff2804b8dc85bb92913f144b7b4215bb68b6da0b54455d3288d81a7d42b4902e2c4783930d61ecad689fc401e6bcf01cde37dc4e3e6
0x0110ca57c88d6f862801d7be688a5cab5d20555367afa67022c6621300ca6e789c511a1015d8d02079bd2188ac617154ea5e457a4807a58f2da1670b7f020efe
88381546413195830490356121814345177109849335243162749316048866938595612502926212981848292492799412243073940471444121917248865926738905612439870244913151 1246695096167586926791851228561492899922750728378801984637009423984690773251687699474547680982505933920149753178768159 196196680797383703761668178656261458278870201648316246013178285420611706592736784073017214535050166615421775957530488 -132475921296706818363189876577846419096321 390
0x0079068c765a724b56f54f5e1081c958d69e9513940f9ae037ce6990dacfe02726897aa609787bc73af35be5c99f70517c036909835d3b3db5fa4600301a8308
0x019587b7152392e45be48e9cdcb9f42a5119811330bd097e1a09cd08c71e20b3e857b73f8b3c55fa1d976c23b430b4c4b99119cc801fa5531fcc72881e85fe0c
88381546413195830490356121814345177109849335243162749316048866938595612502926212981848292492799412243073940471444121917248865926738905612439870244913151 715354908242533581233433102537123773153765864389576629731887418071551779690650520640215822878235231576563145181299625 985261985461141835665334519352878412824624823747673864862748477160186985191795211369769573261444417232242140574024320 60308790571571208600106911140681215433815 390
0x016a88e691c21eec5f9c54cc979f83acf85a3d2352327a6297782cb597c7698470ed30c3d49d73afadba506f5b0620815690c8a4c2f6faaed6f52c68ef2879b6
0x0034646d34b5541793ed7603615079013e3fab393edc56c14633103da6d829f3f3dfd3f0c4a735ccf030658c642e5451b02d5771919c28252cc757f55a8ed1b3
88381546413195830490356121814345177109849335243162749316048866938595612502926212981848292492799412243073940471444121917248865926738905612439870244913151 774602633570257670565534134431094456358718171714985299524761335136268728982937702013897503158766531746035839134837769 104046119231388538049302850256439879127595915796646481257366464360661823220118513322420351517031751694811518847775888 123247118197355199579709570413987777728649 390
0x002de7d7cb18dc40fd850b1b637a29d99de115341673656419a9a328bb385b4c7ca2cf166469f9046492e0ae3e1ce765ad47d5f9f8e1e37e7e3e7ebf9697705f
0x00f85e2ddaaf4a27e0056494ad5b08561239d425acca3182f474022aa3953a16737f632da17a48396af66015d4f53a8f417b4d9296547c0e37b79a3f536b5af6
88381546413195830490356121814345177109849335243162749316048866938595612502926212981848292492799412243073940471444121917248865926738905612439870244913151 1151367019276751643058443689381328912560850682667108774914119403441509952318941526987610369671638815374722537448583947 899240626293663324167853877061512371909182246815830755066239428931832731476601277178593861034364777269642753342110360 93288087447754123603512634758996715513963 390
0x019f1384da5f1e01ac279b89bb512e94890ebebdb7984fc726334ed4f859d542dcb5d8a09295415da4253103f3e0d81c5b4a012cef35a4418ee7623a59416c0a
0x012bbc2d0de9eea8974c78eb980ff6d4958ef1c994eddd7c7b1b9b5a3be7e10119825e2b1bdef9a7da579021e5186c2ff533e029c95b83b3053eebe59b87fb4d
88381546413195830490356121814345177109849335243162749316048866938595612502926212981848292492799412243073940471444121917248865926738905612439870244913151 235581540118672437662557101232894555427345695200349999699434145210558178763597889051859332759228693186982623123743241 418742564904618869812356025176283536027785722206537122398110689614785901359421668188239186463938784227255941066374312 64107561434905144570450239385500616927703 390
0x00ad97ea8461f5daaeb3079d65ee4031dba62727170ab22dc0364caa50dcfe748a47a6ac266371439df18869b12af407064efafa42a25f426029cc38cc351a64
0x0055567bb7dbeee188dcd051a37ba0b9ab870bb1f32176da8c0c45cb881c9262335b73f0e1e7a7ef480e980c1a2ef344b2e4c31b54567128a3cceecd8fb2733c
88381546413195830490356121814345177109849335243162749316048866938595612502926212981848292492799412243073940471444121917248865926738905612439870244913151 962732447009137337132659163420057978481464832137364133654847381590263173444999112550804361929989953945416532643150729 1086114866076092240054266584009689649962140310524020631771300197221866498045340887617362941539954380176443049608821668 -60289418719385565057419765043220931947441 390
0x0121b615b80f279caf5601bf0559fe4f275f61f05a1b35cae85bf478e02a384e38fe4fc8e5c5f61cd9fd692062f90fb190a76d05b92e2b52b9a0752eedfef970
0x01373e33fa412bd5ade8bba3b0d3ea131706a2eb9facbe65f946bec0fcf8185b650b8705888b17512273443d7a7ac2670293b603731f4e7c703d7b927a856bad
88381546413195830490356121814345177109849335243162749316048866938595612502926212981848292492799412243073940471444121917248865926738905612439870244913151 1259337035307220872480844840031050193635727770052081743781115563395875747719828725445729278011956307922213200276241367 358902135540689961027095245279075108268706304974443759429267186426574761106910520532621736591013083934036230261339988 -128569861154658624441615177375005496596625 390
0x0089f296aeb552d9a6f754491d681503a4a496e8404d1ec09576efbce1db3eb671a4afea26e22534e99213d35dc4f322e66a5a23c7cb2d0c10d04eb467fae0f4
0x00fbe2fb4cb6c7c3bcda6f0734738679ff3feb1d98142075aba7e33d202017b23a53f1c8526643f764045972ff27678baac08a6621687b6199277aea82ffe77c
88381546413195830490356121814345177109849335243162749316048866938595612502926212981848292492799412243073940471444121917248865926738905612439870244913151 1193794888020687866973415690801603873557844526578919598760887960932892988395724437458217324454715149511851899079608359 1258945926465297487347668441349762895731517669101194826340343393423661815575609136886020842589958608405957566599706952 1948019066771175902139657636673683114759 390
0x00f6a851c4ebeeb4c1de81bf593b8313b4c8dcc356f7aeec9927d47aca392840bc861d2f8d228f8e599931a704e4b7ead64b47f125e2296c9d85f3b5ac6291eb
0x00602027b288a2a7f0eb7cc31881469298964db52058a5bf8d4fcef7119450bd8eddfa0812fee43a458219507c745705863b86dc7824dc0d465da7015a941ed3
88381546413195830490356121814345177109849335243162749316048866938595612502926212981848292492799412243073940471444121917248865926738905612439870244913151 497008899136649864894051538344083573385588206636001615633562326340480134554793834052636810856117570879181783789363389 210551024054414199343502187151809469712491085926459868532736634605912420371174452501501016741830087160387747554924972 104327881661526239931468125716478272948859 390
0x00988ef8bb1dab6061299db3f3cc581a009d9fdbf29e4d2afd26ff52a023f0fceb9518c050c0eaf254b7c4030a927c837b1012482ae49af8fe5590743ba091e8
0x004e9b3b78df091d344832a850a12fed1448a91dc914729a3811b155e2133e666cb845e08e6a7b6ede88fe771a4dd505477058cc601c6877740a5a8d20ca1c32
88381546413195830490356121814345177109849335243162749316048866938595612502926212981848292492799412243073940471444121917248865926738905612439870244913151 756586804084316720454368997672534768050758918124633076254410378466829255530199002903526654781215880761801806597257229 28116457583107380136855850712288944592282425817788441499581528046212581405437450950623135662182948825084502587782516 -122888085859718891964186249253440974854443 390
0x005f21354893f6079adc02d758592c93473e55004bdd9ec81945e1763b43d2c5bd28a44580e1c97d1f4780de9b6fb4c903ab03eee77e752c26a5408229013016
0x01219538765b5e01d74e52ee1919f8b3d0cf3d947630496425297aa07bc74ccd81a4591a683cd3cb3a8d473f58027fe51e3cf551f455bc1e4a09c0a896600734
88381546413195830490356121814345177109849335243162749316048866938595612502926212981848292492799412243073940471444121917248865926738905612439870244913151 929015052709143857913912052607784644904603769270766078973532488777360760189896930938530566823591022376816098711048299 1063084299382959784593195548125724922041416273109322514632060154362498373155270148233223880228308887035789142092990488 62884960915776686286453644810678027699659 390
0x012faac63f6290a6413985c3f490f905971cf499b2387046c921ee9f752067024bf62168beac78ad74be665004a59775c63b738c901454fcaf78251057847700
0x01a09d6e59b8755fcedd5f50b6c6b938c98b15d34445776b6319d41692a9c7fbfee8f18eca074d1d1a7337c59ec7bb267b332ea09dacea0bb89665d428dcfc5c
88381546413195830490356121814345177109849335243162749316048866938595612502926212981848292492799412243073940471444121917248865926738905612439870244913151 929588245927671087183716654304014031553919910200160031896518499410836770387521609007179728547584745418633006893394365 1088124032901224849815472478073914066606233351672666186383206343811236191649310741572691725541665961878674556533049348 -57873581457558410362020886576639138534341 390
0x009601cb5767e251c0802199bae36bab82e37f1a3d7ebf72e4b1e1373da4d8bf4b1dd7c2a9db6a5e71b63527b951acee28c72469cd2adbaa7afc22afa585da02
0x01687ddd942cdd6a55d3c5cfaf70aa3ad10bb5220d91087cd7da8549fd91a9dccc439f2b86fc1b9f3704f7e9c1a886186cefc8fb49bcf2e769b087e53cb4f72a
88381546413195830490356121814345177109849335243162749316048866938595612502926212981848292492799412243073940471444121917248865926738905612439870244913151 1033269091839823043602622591899949943942045667170989289986310077121872309427717977395362787826996809670672945989719861 323425926401575162140672680007555137893709129014496126500523465845263908138046666796965056066469863250223490709166652 -127350033577489951763049324183761122737533 390
0x004e0d7b97d17e1e9667aa38c1de00ca83b0698bcb540b801cf0175a97d238c59138f71175d4e8f0934c67cc73ceb579fe37196120926c40d5e3a8fc3b7e17ec
0x0015e0f775a070f21f3252a90fd8c7775fe3e49487271d81a88fed866d4be9f0143edb560f76b7cf89cda1398465c466fd3d7988310b57636733e31e111195f7
88381546413195830490356121814345177109849335243162749316048866938595612502926212981848292492799412243073940471444121917248865926738905612439870244913151 837468988581584546921860826770751322697642818689244739388421636188360938372237488338392692778906815881747720050430751 1183189704926850250646951649815800500671787742180718421016532843942189416686646598157751281190235193097470091921736468 -10939650123241905175634137629003293208457 390
0x00bc8b080305695cc1c535752d28fe4c42553a284ceed52bab4ce0a6f882494ad921e7c455e89512c314abf76769c33c00285fc98203864323e1532707db6f3b
0x016afecf85d410a363ced133e20f8c7c8d76dd866baf8d578b8fbc319a74e72b3a570fe877e83e14d6c47ec6cd64e8d11f795634128322785beb53d65d6d421e
88381546413195830490356121814345177109849335243162749316048866938595612502926212981848292492799412243073940471444121917248865926738905612439870244913151 876360902077366375917562950779232611922748042190798840691028517266739259218531047950589006513927812441737591302290309 363403968392547366547612375114401206537749978332364448936032120039997231283638202498308571158387701024474567133443952 -121740153880415804425602090104849912891909 390
0x00fd4db2ce7248d54ea9e166a621da4b69b8b10bdd2f9c56352dd61e9e5c375ca6c9c6cfb888b62e833f8376917a9c8ec5b6edec3cb3e4e4cb32da22a75f2d92
0x0186abb99705241152c00f8712048ab58a753d4fb1a709adc1d1a07439eba5580de5f817f3b639ba616555f6d44d90fb918f1acafb8a87a78d8610a522df4e01
88381546413195830490356121814345177109849335243162749316048866938595612502926212981848292492799412243073940471444121917248865926738905612439870244913151 154822660286496379990089006456591383212146225750605442850410887312760361878676243347193277968996555316482985961836265 571474362872166357802216122569161347967573256318704106122996473778407998798275160969017490476750284476403066629662584 -21238789823710796560681559537658731326473 390
0x00def7148b6bc4291c300c6d13e3d0ef643b0acee256734c8eef83428fc12a58c8721d44088ed4890dbd68abb20fac01112c029a335dae857c3552d5c996d03d
0x015385ea343c80e06618165b07f9b12d5ea14ddeb4c02b092b9d85eb1c2424d1d299b06f22646a47491d83c030e3cd1d79a9d5cf0fe692282e79e9c13293cb80
88381546413195830490356121814345177109849335243162749316048866938595612502926212981848292492799412243073940471444121917248865926738905612439870244913151 147262731287788513125621631555961300245539826102687249471137222381902849480348941246537897968581859519108815030183513 417099817067890604732595999199383708017814204371819579679762873254763202862253035068258126017486350883027440852627648 -44586426142056185996630749087684812041817 390
0x007f4157fe1aa2951aaa578d7eead5a7df76e839cfe1757e835a3013f60759eea0830965b9efa73ea589961da9e1f3f4cabc0ae6dfbfd01d29d4d5e8210414cb
0x00e605605e7fd0e3ac810ba3be4b4d8255035f0f79ad2ed4cdc72fa0e86f9fa4cf79c58128417f17cb1b80cca9145cdcaad225f023ee7d6a2916ed66cfaf47d7
88381546413195830490356121814345177109849335243162749316048866938595612502926212981848292492799412243073940471444121917248865926738905612439870244913151 455002491903875924424797433568880683327511451556983628034406538421503530882154544703158442052018219639834377199055705 528961641054810797219852963064937063346128763199603494503228377104185178729328821734999947548375488280879891464012492 86452386745787974394567097703151169334209 390
0x0011c5a29746d20b1612438699e1dd0edacf677569b335de0b9aff8aacedb0ec5145989bb808d93e3b6172941ebdf89a29a6d2e6a8898d55abf635a4c21fda29
0x015f904260480688a704580fb88ecc1133cf6b065f08f16a965d64b8e2a1c161c9384a52267aa5bbf127ec2f0d71a886c4b2f157561f8804ecae79501e1f9281
88381546413195830490356121814345177109849335243162749316048866938595612502926212981848292492799412243073940471444121917248865926738905612439870244913151 1089022447846127836389844434790839724912655544746479686161930330042877924009838770540608298861511155547406869536141057 1233612079639085973776687987164272674130503128765515986336013209816874354349655483391378030248228846430835452847626080 -20857793794539812104780723822675740548863 390
0x012554079161bcc7197e5d07741a82c2bb65ada2d7acf08071cbed8cc7ff751536142ced94c36ab446ac1d82f3406f5e45664b6eac7d57f18ca5434bf6cb2429
0x00c6742fef3f51ea42a9aee2caf1dece22a642448a3cc3984418379c3577bd115fa5a787567820722bb39446980c76dcce973d07989ba5eba4e04f1b0934bdfe
88381546413195830490356121814345177109849335243162749316048866938595612502926212981848292492799412243073940471444121917248865926738905612439870244913151 428578896846626219075480131239119130682276474007184964156660955111245287861869235000247708125552297063580697809531837 907492370769763657376943978653693352872970045245215980420322594786408351138438003236582195796159747602441848152606888 28845166064940576646824789453075600600925 390
0x007afc8cabf2e9092a854c5d42088a922dd5e755b193c1e9a186e31a395e67fd0205238258f7018694ccca71c20852145511f8a0da0cbcb30747b5ded3d9a4a5
0x002b81ba203ec12e112ccc7ba888c5c055c9740b3f54f794eefd1de2117c5b4108662d88f7565fd2237f3d48469598cd1184aeecbf5a95227133029fbfa609ce
88381546413195830490356121814345177109849335243162749316048866938595612502926212981848292492799412243073940471444121917248865926738905612439870244913151 423707789779856979081777421703922820419063068367482373141559341388724000594299672489283182955005077771304866656044199 424513080102693656697900699964209156621867436581877782501122535633633416787938659438741084543443922420822753447398256 -89549166159427073674715766186576988256217 390
0x01500ac3850311563fc9d89767106eadcf631ae75cf6cbdbd93fa825721628312529a25f7cc7b81705b848a0d8ba5e9fa13384ebec79b943512763b79d587b8f
0x00b6d0794c2db04329a472f7b16f573f99cf34494c55134dc58fb0e2e0e7ba04b855eb00c48065b14f1bae2ea29d50c09f5d084888c70b4f72bbf0dcbd953088
88381546413195830490356121814345177109849335243162749316048866938595612502926212981848292492799412243073940471444121917248865926738905612439870244913151 1147768184174143028256648947362396202682844817510867365148854609057033484581626644668772663643218590588356847424616217 1156324669924279984446432522854998791631313994584535303150978130763938226407050028943791578259672782619917824101425280 52099709255041207495675994868923034425113 390
0x0003108da35c7136fee4af345b628bb341f72bcb1304d278f829c92558cda919aed3f996d68c8690e498633152375b9745f474cc0910e7ac4d2bdb6fa82418b4
0x011191ec8d5a613fafed4eac7a0a3d4b0e93e3360a77d5c48f773e339d30dc826be8061b4859e8da3c941a65524ef82355022b8ac70cee4d477af0fb7702d09b
88381546413195830490356121814345177109849335243162749316048866938595612502926212981848292492799412243073940471444121917248865926738905612439870244913151 680345618324117939881631055219387994796065833647865541605536832823937504690456411908052480615349513525955268715995023 294653982625963249806021966889067755073758393418021591100748639173855974498891714523794911849440214392292429344306908 -114857731228194608258152359515601348292697 390
0x012aa0d21e98dceb09395cc993b8c046bcaf0bc5e8b8d08792fbb09bc881838102538b7ecd2bff7608b43a2f3524eb0135f3199e5c254a441fd09463445193e9
0x00da04811175cffa00bd29a4d729e3787d21cc3ea1b7d4a3310195520e30a6804f286b6d5bebcf87566d6418a9f20b9ac33af3d8d5b7315ab96add9d17f3bcd7
88381546413195830490356121814345177109849335243162749316048866938595612502926212981848292492799412243073940471444121917248865926738905612439870244913151 761679739993916318611323192826607516897815686110150083169663028944414834178306632455146443187916546248646883181309065 374322188278194674615573443994301300797062946389622855187064838752430127151777585850019443218113027651974254322846576 116545631024844259296114870885279580786953 390
0x00daeb8bf2127ec5f7df2077b444ad309358f33f1ba555e17b535ad0fd4b2d9d94c2d97ecfc268971c0c8a2fb042b768e88c38d41b8f9cf8bfa7308b3441f58e
0x00b58686aff7bff868dd5df9c2647bec779e729c843604e77fc98f092db0f4c23d17fa0e2929bf46f52fdcf2072871f42644f1c591c592962049829979c9a569
88381546413195830490356121814345177109849335243162749316048866938595612502926212981848292492799412243073940471444121917248865926738905612439870244913151 48751703314611916463930488974705980968942807258397618630491567523977700123762711456775347044923880835380748985490699 230954662394645974002430874295888381745222231051906228995812672261854744340380150346654765995400671467903464546386760 27578724321562193377939973408974942708075 390
0x009a85fa2233bf380dc5d2168bfd5544cefb2803f1b4bf36d90ca9caab92de1e9a4291fa969701706d73274f99d2d4312a2da32cd24b37be6d28a3c9f8f1270d
0x00770f450407cc387d61e7360f11ea5a94a0ef33f58959a4f4a631ea722b047d28b9db0f0da4c9d984ec6bf45795dd5f8bd33932068d82dd7ca60fa167d120d1
88381546413195830490356121814345177109849335243162749316048866938595612502926212981848292492799412243073940471444121917248865926738905612439870244913151 270630423404529282689870797553061402873488494836539941871269448865418582360534520994661854766973409696285573965946265 573558290971949780901577808296371907839923364589726781567656701962962628000376961711742566461771135643042356369681824 -56310487679167227390149612645929043148697 390
0x0113dd4c126593eb71299214d7b130def5b56f4f06030b61b5e4ea2a59e369eb54928f7b6f22efc87a40b4c59030f4edcef60859f6c17c945a90813ded1b8197
0x00876c6b5ff45606a4c907518f57b46b82965b533402b658d1e4885a79515446bd87497177fe960562f4b92ab7650334bd5ef2036a9954a6fe103e7899ed75d2
88381546413195830490356121814345177109849335243162749316048866938595612502926212981848292492799412243073940471444121917248865926738905612439870244913151 387726626341498301780010240144277202997862069342664979485425739009568456785214234185964566970347246148368682119692797 905167909192025644800480657906585610682001430147478076959031959794704724329456859400212572965692909549961775755347540 9561689608437065272859907385345556260037 390
0x00cc3cba74cc6f4817de2b802ac9a536c5264e8432732c31384794613c18f351a029fcd1ee743f328a7f7c3b7c887096991074f626fa380eb1387ccea9daa2ac
0x013492d23421eada2b2b80b78cd8327133949084f4cd3b6ad9140b732e7317d5dd884cb466c19b1b3545ddd6e4298f7b1311504b7db001170a4ed4de2bb15f4e
88381546413195830490356121814345177109849335243162749316048866938595612502926212981848292492799412243073940471444121917248865926738905612439870244913151 455036335399637085973576019864550047208202706796337727311529783040245561191977902458163919185822690677144698268164235 148874295389087995298401889762560682376513847864029285668086204409823869082889833361608449198069384145216871161970228 -101929804224006718950681027170328466809091 390
0x00cfee3585fdc2578574b1836913d0e493ad4b20ac9a455869f877497fa006ae8e1cbb32325b8f8072d73c453ad451662ada0db815ee81eb3615e0fad57bc416
0x014600c2bf592db21d65164c4cbc420d12aa36986723425d1dbda4eac067179e228ffdd411d62a42cc96a3ff62f1d30e6464292ed03674fba180ad40478788c9
88381546413195830490356121814345177109849335243162749316048866938595612502926212981848292492799412243073940471444121917248865926738905612439870244913151 382982123360425417376958757707833214866052498212098555496396640507242487128136630282743458120905643936477422901365439 439774658503357451331211937317894135126021204973979522138513701733218752875037546060812679570549236174527333918118784 84139944935843155221397607366544189592897 390
0x00a7d90a537f92ce2198d32763310330d3a6f435eaab1fc8887fcdf89c81c4f7b68ed782bd0138eca32a3b324fcc665df848e37a90eedaaf67d8caff30dd1d28
0x001d375c255c490a8738a220254251e0348b85b244832ef184ec2066a92331c57b0bbffc0d351c4108296803cb41ee82ebf0da6de28e0ee600a91bf9d04da831
88381546413195830490356121814345177109849335243162749316048866938595612502926212981848292492799412243073940471444121917248865926738905612439870244913151 376943432911846586229019660492432232816795933346177231682089470026395381822395413960732092431173725337326181282032699 709256625885916202032763170249968895931445944283795804747275150442036448845546139425299784776461195580504222964344200 58784965068557064721908557092949807441765 390
0x0113300241c41f953ba7ce00342fd7d3caffa8787957815fdeb39cd4f32d757fb09859edd5f454392e79d1b18a224ccf3b727d296ea6982b9284270479818b27
0x00467f7f59f08b250235d97356910bc95e2b9540aec2dd8b3b6bfaec7cb8e7396bfc45f9f411751305f34a35609e3ef4fd848c04a61365b07f75e10cb549ad96
88381546413195830490356121814345177109849335243162749316048866938595612502926212981848292492799412243073940471444121917248865926738905612439870244913151 1012654493493937368004550181303818575714543946940135985212373103646774348911682898513406351863326265357852648879998409 814135193964537860587885849468391769885829226489168240691795747774477520839060097982104587379019609570088732302781492 98950090040445667439773135246237063154511 390
0x0094ada150447c6eea50d2c636eea15bca24cb7306d1a01da1a289e22ad0ffb588a8bc2b4ecbe2be9f2da259d092f8bd11409dc291e1ae5749bc94c9d2462d68
0x00be59f007e9781a11c76fa29497bd341fd4199b8965d8aca5b3d94649362d32851644e5d0f8491a286acbd5b7d31366035eae4c94dbf0b806d434c4a2feff1d
88381546413195830490356121814345177109849335243162749316048866938595612502926212981848292492799412243073940471444121917248865926738905612439870244913151 440081493914140191845923577673354352324884275161114243455021130022660289262034604382691099110030388674201423296797689 351184888058321083734992129751564690722411319704363374732924151922712014751720680273183236004101243265515994560503592 -94708947924777007532375862473749760116249 390
0x0043086ce8bcda5a1b2db2934ad7b21d7b0499b3734dd4073f88b092b74587fd3871028fb1228842fd8446b769013611b6b7dd73ff6faf6f6d2fe55a001b4c1a
0x0140b728502e92f573fe54579e57ef778088a6b1c5854acedb0ecc3357512bacd9317645e5328cd1fa981cc6ea3b24a9976965e51bf4960d37f69e05168f5d48
88381546413195830490356121814345177109849335243162749316048866938595612502926212981848292492799412243073940471444121917248865926738905612439870244913151 961773110580429211907399705822480087907313042061835358387177771297731147359977667714257352887855332476323638650834149 1047726399888002584624446244482643064262881404038244191561226810968525298449373955284306227643742290049811864464563780 -67491955098258955432795420357976029900205 390
0x0087f9d6e23f82faaa2e0a4f36f1f751f68f7561a41a1682ae26df952ecf9d56511cc19ade40924eed8f9dc3df9168a55670d69baaccc6ba21fa24b408c37c6c
0x018604be5bc6205bec20a3a55814e42d303e2dcd0092635f03a6977ca8924a6f532c6bc3a367f9bd48f97ea26eaebd67d34daddda2bd240699177e97ac06172c
88381546413195830490356121814345177109849335243162749316048866938595612502926212981848292492799412243073940471444121917248865926738905612439870244913151 1194053820660448292761347545935533936918404722441915192854491886712819102976927536608805660444198228554756241326594333 515538169422183187567478499451758242501060590902211892052318910232621083554619211200319070072950376501370579952029948 -122188323957877011982695552413520672133157 390
0x015b7977bb8ca4f229697c4ac43bd3c268ada3ea4d41790cc93a6fd3a5ac6dce78d78a9ecf0bfa54dc460f0da8a273792851b422a868acce0cb9337de4637a6f
0x010b75f28024f95d06e7a2a9d5b295328d0ced73e74a2ea2707144c7032dfcc2b6dd215881410fd2ea46d68e8918c29ec6a99a5843a3ae1708618e7f19ba6ea5
88381546413195830490356121814345177109849335243162749316048866938595612502926212981848292492799412243073940471444121917248865926738905612439870244913151 218701806767443249721682744803766123227802352253969113816945095370626002261129937501862806665135737544724694549760275 523785073323643738768858741553074931694354940046434307674790857663548196803500344915033797984031619370127128150343928 50938383843795063757021739064091502923379 390
0x00825bc29de2c9ff002c834543a8d92e22857fba7ff51b937e3e3aee9378e28807bd3ee8dbb10608562081f019d95d57558d9204ecb2b031f0d583ca6a30435c
0x008151fe0862c02806b9d9ae1ddc0d5f45d856c8f9942605d5d1a2d504b8a94f5bda2660aa5a8ffc420bb38892a12af5d63d6723fae2d152220b7fab6f40985a
88381546413195830490356121814345177109849335243162749316048866938595612502926212981848292492799412243073940471444121917248865926738905612439870244913151 651639264551724361069975376545206379306888135042550161492463148573367724549901414105762996455757105557177376050435557 211182375609181412457106049562884411619357344009642264921256088037909301536540214435432279632193306370469106772621388 -115254520676521119724537412018429562274285 390
0x018404c48096bd3f1437aac9604c3af839156ff75786563d4f687458f91e636552ec81fa2f127f1f9ac4d3a12bfe5f79314a7cacb422d08eb512ee53706c9373
0x005543b738efc5d0b97c16a26dd42be848a2193db35bdc1c9cfc4f172f48e94ab99e8c8bcf2f6ef9be13b628ef75c4c4a6c4e3c214e853ec775482ea34d20847
88381546413195830490356121814345177109849335243162749316048866938595612502926212981848292492799412243073940471444121917248865926738905612439870244913151 277950746019922873709384957257067653826044520116362848707232617147293872402100354829889744436932733593500729703413175 668403573829292642497428526048539602907792420124472604064034835023388706381839118120661861512706451087214656551900944 44738211541521801874239810433473958713033 390
0x007fdf7b0f70b0639324dbc9290117baf427c2d9331b0c14fbe7255205c677d298dbe9971227573ed4cd516c20f04fd84d0ac3721797a36cb435b4eba7d2d7a3
0x0106574cf7dbd81bcd5fa20f4f540db1105cf4ccc724bb7c62d74b1d753ccefbb2e557c64ec5a723fc1085e754a907a95076930dcda1faa0e2910bea33b02a05
88381546413195830490356121814345177109849335243162749316048866938595612502926212981848292492799412243073940471444121917248865926738905612439870244913151 958320376293957844338881883597608799094897492292786707407332167295917590964027591537606676186984307999312934413192987 649511907533597994099218431202054169699817915803507974604202553690168392495417898967055931415691406654977931918742580 110357542462622753218458363862905350899987 390
0x000ee518667c56b5838749ec77d054f4ad789222e14ea6222d011f0ad7a174eefb1bea9d5602a0c76b881f7a5a377c13254b64edff23aa543a00a4b6a5ac7f67
0x01300417c04ad2793654c914fcd4bf0c6cde104b0a033b6be562252bc88a23761a21752f84f385c7de64bd558e882da2e233ef48183b55668000fd98857761ab
88381546413195830490356121814345177109849335243162749316048866938595612502926212981848292492799412243073940471444121917248865926738905612439870244913151 327851476491821677849578754199501169633838426590101675643824896082675897732483300749840375484215402831611786264582265 375093978010146943418548836735649033512363097183878485596543555641298310624399742904085031918239634615277180505991244 80909080969345402841753767238889388171807 390
0x00e1ef9b58b55c941c7835f7427c3fb75f78f671dfd26001d36ba66454435b9ef586954e9bfbebc18af72d5653913ba77d11553e68aca252c6dd0e412b473cc3
0x005535e090c2100605484c78a86c5f518f9170cc43f2f00ae2ffebbf7c90d12b71165abf8ee3213baaea81d20a21323099807bd1543fcac9adfa04add2b58e2d
88381546413195830490356121814345177109849335243162749316048866938595612502926212981848292492799412243073940471444121917248865926738905612439870244913151 699797459528630308040408725257293711623189489777951216349721236811879784673738035099843661548602927473882515174936953 391988311442550756883829896511019890157454168503497711779217550423232814386066735953954118983043091130586580748471548 -112638147056070324551456341078209979752353 390
0x01035a05c452497d16aad951baad1bc0e81bf7fa99e1f2c01b8ec3c3d8a99e28ade259ec61c26facb3a80c3c137c3ed6e494a2651dcccb3a010dafcfeec91203
0x002e5d9c654e26b05ef58e4e74201f699b19e2678bb14e4e32f1756d0c56f7a5c161ac0ae0dc63686804f9be821502bab23baafd5eab2081f232b9bdf8956933
88381546413195830490356121814345177109849335243162749316048866938595612502926212981848292492799412243073940471444121917248865926738905612439870244913151 668702378355003800562693628300862869416001785286449466642122760007250008598582479764188623050978014051120165459543637 706360114728194691639903142056749200200665270607815283311704676921285996745169978489563282249964788341849943612328220 91513965446485298963465949028224578721763 390
0x00a836b16ca82141d275ece3a8e8838296aaae554b23737a7197d8b8551eefce5436173d812333b8d6b3a8ec4fe9a9ad49ddfa631bfad403b2aafa3b60974652
0x019cad0e5fccc38ee2b6873c4b785f4976507bcdbd7d2241384fc1b31a37f55ae3289e3d57d284c61337982ac9b09c3b5c571a6317a634f72c097892ca373aa6
88381546413195830490356121814345177109849335243162749316048866938595612502926212981848292492799412243073940471444121917248865926738905612439870244913151 962915631374509178835514721310568198345166878166458503351774878653159854895458171064424761628632306263108014549497275 459568304638910945288169389291997424504406166874724420947966150558234046745320742474322731560066697345105847282379032 -120803843051456182666584556705348097349349 390
0x019e299114e0d5ce2bb8eab0729ef8d24f29dab208c64309af33381b366cf4ea98b799f42fc560149a84a1e360880f9d20bea3cb2ae57a205c27fd87e86cd989
0x0077e0f899037567e7486681bcbacd9b15a8752076f77ff8e1965e81f43e52ed6af4be4761c05b2560a601e28fca23a5add17e9e2ede49861288109ddc751674
88381546413195830490356121814345177109849335243162749316048866938595612502926212981848292492799412243073940471444121917248865926738905612439870244913151 524008580811100925257880582586673414771803732475502656556651037686309389193193416675928649253135128324629571350151575 185387653791012224217518196359277884997155259091584132552295254318388862910727475712506101712065683502971482430880420 -107030313409020059420673207420888291362705 390
0x009596ed4d777b2c2a9ec20f6a06392a95c36c5d438d15b9e44054c1dc0d7912369e91e761f9846d80936d0495d8a08ef582ac70cf5141b19d8945df47ac3265
0x00ecb382b0ef91272435af5af0d4190a1b8f0522bc72bb1933d1183f716688d29b237c2edaac5118e47f993fddffdb415dcc4e4203f0763f54f9952bb6baaa7c
88381546413195830490356121814345177109849335243162749316048866938595612502926212981848292492799412243073940471444121917248865926738905612439870244913151 1253500205188847454246653909101886286097397595684280573213959907417967745198911940277858440014472003286500022738405555 1088896437166693632867454362220093709314136555531230852090449365167066631003209030405595239980009207452282335124300068 67612250077832293805045026101905769303211 390
0x0033fbc0fd9d86a40a5e29c9b3518f5d3e80a4f9545d7c60a92f19c8d419fccd231e2b58ce269d39e8c8a73ea9cb4c3cb08b004458ef291a44fd5c476dc87021
0x0118584a727704f0a671b562eb54fc0200b2c77276f909e3443b92108db5fffb040038ebba860987a20e51851a1ac72c3ddc33d0dac3efd1fa4d19912bd8fb71
88381546413195830490356121814345177109849335243162749316048866938595612502926212981848292492799412243073940471444121917248865926738905612439870244913151 1068274865233502389397493088199660247190379906778360472943568729800384087691306708929659396464274317554850698995886425 446710902007168231043174414245516695623563929649529613101517398965088583094918004454227457151058504675008704558290140 -123734305785078938193302181470856848630015 390
0x01648b74f28d707da67e310e6f6f6406b597b6dd4632e5d443c5b23f1069e486973f6f473553246dd2dc3960dec482896d06eec16a86670dcd793058a539431c
0x003f6e4376e33f0ddb8b2b97ca6b539f71055f82006bb37c520435c940a738829c89eff8c9098537e2b06ddf532d9e6068d4cd5e2e0ff9bbe15abfaa6f8db316
88381546413195830490356121814345177109849335243162749316048866938595612502926212981848292492799412243073940471444121917248865926738905612439870244913151 327848916165265489759521848410142212844914932554605099102942039407326493391861278782519050962019455586228523732899887 131927909576365884221039564958239487421529315647450473858505334392838880560031785332335835427138161942091828701461512 -89113442638815703301668416534520920017905 390
0x01a527589bf196149f5b25b926ca0764cb4406f0dc6f440935c38078a7c354d9d60eba1471406eac3beb3b50415f2b87a48d40dc05130f23124056d6e9406bdd
0x003fd408735cb12954a2dec61a2906f46b72ccb3d4e1d659ef5f19aa5aefb17f435e427eb5b23b3c5d031f9bdd39cd72faceca5fee5abc693351def825b222fe
88381546413195830490356121814345177109849335243162749316048866938595612502926212981848292492799412243073940471444121917248865926738905612439870244913151 67045071540918986590367798492375955790034132619508174531325775752453730282941177278301218514652121738618399900220849 232519598998282543657408091471160583020625722431272422061856051105740778656291664189107283970229410328924019047530140 -35360478633585567351086537932784007140505 390
0x00001556bac9c519b966035b93433459188c8c4e37d7d0cce6f4b71ed63bf65328b89abd10b3f980f91b22df2a10eab72b37f28fcf54bd8d6e8a2d5ab91fbe23
0x008f9acf114f4be8d7d81604c4b4f9f15b18e36a1bc30825901176666e7eb941dce6ee0d04e0ee40395d613ea753d4dcd8857319cd806fbfebb11a3a071ed6c0
88381546413195830490356121814345177109849335243162749316048866938595612502926212981848292492799412243073940471444121917248865926738905612439870244913151 1034424684702712661389975752125237781884572223596523415564472489424748406224093291946923041121024374631168778284701217 1235893687033687575080211913158937112897313662717414918880810895368687903395268106880147776918266589085399444977062112 -11191857803395556377402940974579358513185 390
0x00938b5b67dd46c0c216020b2e897e8806befc79d16438f597800897f1e4325b5bd4b6e61c29587117651ab71dabbb92b30c832edba71a97d7d6111c7b24158d
0x00e9b6645d2a3c074a59906ef02f80994db4a9e048ba43d2264719c9fdf04f324f505a3b3cf5ab4b7310f391aa0ace985ede5536ebf46e82c10a931164bab318
88381546413195830490356121814345177109849335243162749316048866938595612502926212981848292492799412243073940471444121917248865926738905612439870244913151 493214521411448957306724802851187002286401388690375851732731853028535410158924408982025301388375933203097389421118245 877009909194377654060521626310697249990616896589753917879151411657214527009996283217755725045857832988311641632503008 -51162329615874300355980988439002094961371 390
0x006c92ed5fce324db259ddbc682027a2fdd7184a1a8667b25b08d4555316b9b8d12473329b9ff41fda657b161c9b73f67f6ee5cc9f54d1cc835f1fe9162d07ba
0x0198af0b9ad7f9afd9cf6ba8a162ec126e0d4de06143979531ed462c2157b607cbe952e802257a1358239356f6f7ba516a3b9499c0f31e12b80de729d5562d62
88381546413195830490356121814345177109849335243162749316048866938595612502926212981848292492799412243073940471444121917248865926738905612439870244913151 513542829151236693482863945005751784747822346231178014481109486652882589793644706405222741583656122074259357834075395 1009009984315008514793646487484502372529646162660023590826188734221434737701347961183547518092334337663638409142745192 12215496666662115837512976066215367676771 390
0x01337daada91f26a3cd47ad574509b4506dfa376524405622dff27d53f1ca3089f5d1308112d0d8025c9f64fe094af9b00fdb9a5deb6533ab9c3645ee7166a32
0x002b0b1c3a594d3cc681a134713e48cf3334abb088209bdd581d05da47f0c6c7e49eb624dd8f4be94ca9938a3570a23e9fefeafb503d8f8c4b74264f514bb69d
88381546413195830490356121814345177109849335243162749316048866938595612502926212981848292492799412243073940471444121917248865926738905612439870244913151 576431116440811975477412381019366181965187566909948353562765305389573282651775990409515762872387731323343212004423903 1036341946013989840204367585703827451731518607251723079710229852836673556201293544860741813315118370973450291581998328 23140123813595721910678821205651937183423 390
0x007a5ddd99096b48e96fae69db21f19bce3850bf63ea6b741b2f6317822d96fd5ba8202f19246117354b447f2e0198b012d60f5bdf9c21750719b275044415b7
0x001f612a52787d14b4d1237bc8a8d6f6556d808476722fe0222175ad70d1c3d3680d66c4ce1442aa250f7be5fec62ebdd2fdd26e78b894f597509e070005bd2f
88381546413195830490356121814345177109849335243162749316048866938595612502926212981848292492799412243073940471444121917248865926738905612439870244913151 280762770076763196711687471371145879747385528200092758945387554029739855061987047103509116692678541786336335574937591 632764492214843855817581079482196472298036864731042223189534875574507153382817643930169066260123946502455660736947892 50878769073874899356683009344956016703217 390
0x00c353714f735a2803301bc45d6118e75ebaa025e0be2081cc9a52ebfc8b9e499d64fb8b14e92840c33d4da0708ab53914145aa00b8d43916ec511dbcd0bf714
0x016c4e04eafba185cda95290559624c91d1272e6c4f8acaf0124410beae8617cdf537e14538b2c3e42f1d694eb4d853d1ce56efaa6e4079446a500ddd928eb3a
88381546413195830490356121814345177109849335243162749316048866938595612502926212981848292492799412243073940471444121917248865926738905612439870244913151 257046227481370734121038856737508392178327483435112635639647199603175281182688833031142947980895670739963725712721125 173215430328006468658577903200574962721045700092426465785036805739417315591383467112731162488663413385538910558155340 79038316448572409575437793740117967188205 390
0x0153bcc3124ba2b353946c78888466275ebbf384774e09e9cb4eb0cc87211cfb79a8136747063fe55efa93ed1291bb9430dc38eca6a6eb9cd2e22e04fb88f541
0x00cd025c606a02401d428d13c41b453d2d79167628eea5cab6f761a6182cb82b72eb8f70d8323400c73df8d0fe009244405d30836ed4c2e92765e102d5357724
88381546413195830490356121814345177109849335243162749316048866938595612502926212981848292492799412243073940471444121917248865926738905612439870244913151 311329217890066755448139820957341120929824538728566150503959306469008606984188342058511927477394276136512153602624049 683408534284049699523152866301404398361087918788022383185835856958292263632479282174901128930523663184151073548547540 50018185643379188608018521012000163130535 390
0x01933eb35f7d655aaf303cc7f03ceabfca3a8e2d7a832767520b8edc186f0ee7877aa0fce8836da3ae1d35c7a6aca9243153d2bc7aa3b8d02fb01b88ef73086d
0x016c6952ba6332348cec987cdc22dfba2804887fe2d55d21fca80fcaca66d55e537c8f9ab089f08d7a565f0880eb893f831d5544d9b23b9671418672a5a37bed
88381546413195830490356121814345177109849335243162749316048866938595612502926212981848292492799412243073940471444121917248865926738905612439870244913151 107470175582399780211753832755284152810273103790600059508697319255614711966912773459774812644907598289151721823500469 304458009262341292091629409341760791717622811835501897234382012479881539236868852303450408163420964687278257504899816 43438323592558890079883572668077222250667 390
0x0070f838c20219622bdcd526bea2c9d7769078b140af52dd5f82949d479f1b6ef86567b1571710b4ae5efd4ef901488c7784e49039d38814cb5ff5f5b67781e4
0x00859bf85b9285c19c6a8fe1ac3f2846881ef09f4c6dac099b673a615e1a8283e0a253a6ef343bbcc847242dfd20c7bd6b5be2fb1b7cdff487db9fd013ae3415
88381546413195830490356121814345177109849335243162749316048866938595612502926212981848292492799412243073940471444121917248865926738905612439870244913151 1003753557165843951242328071446780815828123752792616348628605463669903725174115086842175829531096118320355116126506837 1216745381720649735190028236391851053061830005184429199846391025043681168524227468613318320838463744140103180068913280 22109441232747671479212200607641416413013 390
0x00526e4a36462c455c8106ab1a851dac4e12888bfa1ca09bfff0a0720962d59195d4861cc65ba463ac056281c4f0f961e6cff61a9496e3f46f40052927fb7ac8
0x00d2a011254df6d656aa8136b4cccacc14119d30c0c3e7630b1ef4e7fe5317bd68e540c379d5d3b4ecf88ba71c9055e217f2e9385b63442adc46f2772260df86
88381546413195830490356121814345177109849335243162749316048866938595612502926212981848292492799412243073940471444121917248865926738905612439870244913151 1021378074021394453711074470816112323798071380000207549106954776019971736933461833459276139166832491737749821228239953 621348746933812120387852222721154658366087626308485676566116550232926339194744311373101319123988490736882867485704052 -113887994178700200133499307863186051959047 390
0x01987c2c464b8abc70239a2e2c705b9ab152929772a3c1841579686f4e594310e7b8ae65f4baf0dc4463e52e148273480a5bc5f89ce74fbcfc3d373d002b0d90
0x0014e5569da23711e9b2cbfc1c3f0c730207f97be242b29c44f49d0e26ac1b130676a3e8bb3b593bbf1a2c75aa8afcc5d4ca65259bbcce79fb09b3f8919ad769
88381546413195830490356121814345177109849335243162749316048866938595612502926212981848292492799412243073940471444121917248865926738905612439870244913151 180998079846046594619701007892146327954649185988653758702052305134226326684855633497430149734397715245907736560645769 131773261721360405881122918993376065257760751882836874054597724818583226721414335589756000925897511991568274274594452 67802308973038451957747071770302100577521 390
0x009f0e37dc552aaf16908693fa5be25eb777629d636392b1f17ff9a5bcb09560342a060f9e1ade17095bff25217787a27f94352ae7ff3b0b940dcc30ad803e9a
0x00848dc89f9e1defdfe0b93e3201a7203e2bd9bd559983a23f714845fa2806fd5559142b10ce939a9e0bd00136e0c2cc80418529a62b6a2bfb2ab90f4db7e762
88381546413195830490356121814345177109849335243162749316048866938595612502926212981848292492799412243073940471444121917248865926738905612439870244913151 561572146948950659972901758136018575979172792409577334609017475098594609245548527154560800338306196748085810570491979 1041521692001485319036961221037704109915872501905637500101371159787665022904530900797953875870267044557095680674950968 -13455582878454216110804834628550954362709 390
0x011bb70a04bbdb4c2b8d758971f4e1b28cb8b4794accf2ee15f0cbc087947b540b1fa78f262fefefd04e11f1300c4bb3ad39259ec70a142bd91bf77e40434dc0
0x017bd64472abc3d556af9fd961ce57678fa7cb862e09e0ff81be4e2a83bf0c4dd7b66d5cbc123ad76385777a7c67bc7eed6f287d5867aca99260a1364ccc1027
88381546413195830490356121814345177109849335243162749316048866938595612502926212981848292492799412243073940471444121917248865926738905612439870244913151 209664717022844369823656386722468718654746942588359212117359835356922416516084863247849871727765279050344144616291981 637356736643545618103240797398127771689162803461795188805141729288058328676045303067244592030883084256879263330101652 -29809152561540944130994771501198395258923 390
0x0020ea0bc77e8d6ee22d7f82bc453191eaab302ed2e644a70636d9391e4c42610da943b83a0a684d552c7bb8777bbe50688fc4662a51dcea4b5ddaa0ee13df66
0x007abeb59ae1af58929a102af201114e70e1b2f42ac00184c21b1f028ac6df397f9a664ab79574af028ea8009df605d7663c940fdf315b39f25916bfd145b06d
88381546413195830490356121814345177109849335243162749316048866938595612502926212981848292492799412243073940471444121917248865926738905612439870244913151 536419000144279817951190146114234528672347726109358513007900593775916291905100376509555396116156346088358539966909999 1014886755359819938305837194199863520826326046822947238143558675946889763465098567626346121293547056432369625051780696 -19889358894114982973453449720255782943503 390
0x0051b0e59d958c7dce82947349bceb845fa87cd5a4929977d6a81757644ecfcb6044bc645cbc192151d1660131b7ff75fca7a59ab8267023f8a9eb41c3af294d
0x0039ddc6cd0b2c3a0f0d2dc037d82ae72710d6f7d74eb795b7275dc7ee88ca032bc3fb3d654b7e2442eee14a1c2eecbe0a8a31287e1a0c2c0047e3a6a7ed93c1
88381546413195830490356121814345177109849335243162749316048866938595612502926212981848292492799412243073940471444121917248865926738905612439870244913151 1028810207527870002915019199894432425222231869052748746514399844065443370080405742745439370254552634633441596725215669 707443620970555761109429700939709828693545094968812762434824578028562339372716681483499231842503301130616954236527104 108239155769129231316564326890258485821877 390
0x014457ec9d049d5123da5aa308f5807bfcf4645cc06dec8cfee9bec134c6d25941007a822cf5b48f0b9d6ffe8819dab778c8d7dbd2d70141a826c1e66eef924b
0x00f190ea7a045b1489df45e4659a201a7edb69264a5cd101f638029ed9c52bb836e23f2ca7d5c2531bcdd158f4c1cf6a0d363806afd560b30c2d5358d9ff8885
88381546413195830490356121814345177109849335243162749316048866938595612502926212981848292492799412243073940471444121917248865926738905612439870244913151 565492846996471720809641978752230665154977345778707915964566993068706164408077780362656020658767807733323838537672615 398228919426358135525013020660297813361141354116727709051320121597376258442964572596196264769450206766258384256304512 103548401825608721318530013013185465223079 390
0x000da7007c31eb93d802986aceb1353ac5168d739760b35795b1ca5f9381a9fee6c27eacbb494f0e1220441de3adb281fa52436f605442b9f3c051bf880b93c8
0x008ad1c4da07c731c9693b3374c61149bc8c60f940d209d5c5450f5639c9aa0f20dd5d577f242d8bb54e79f11dff43f54573dfb9a3b0a4a0225944f07c86ca0b
88381546413195830490356121814345177109849335243162749316048866938595612502926212981848292492799412243073940471444121917248865926738905612439870244913151 1028822467292265372673212639203587504304291935452391539621487137005837551507908971663407727978286226532460863521266987 1059552771851618922304842235238134585180828311647383128914377956649695005347652948798162643506567075577785253297843288 68382191897925707560462281108373445559435 390
0x014e87f4ca1e30e56a9f3797722b87325d37b7023f7c252215caafae8592e2a2cc95460eeff213b61c087069c68eced3a498bb2c8bbbb232dd1ff1dfcc7fd487
0x00e3a7d5f82b2228e5f624d1f438705d8a1de062d05e713345f20ebea7dd6d4e3d939722742eb54a2d3673d57d0abb9eb22340c4f8d8b44d3466668834c78ae5
88381546413195830490356121814345177109849335243162749316048866938595612502926212981848292492799412243073940471444121917248865926738905612439870244913151 172780099549338872148028002665552308268264165333382507479117494904223907155667707025795887169470335683041348642266835 563382847158154960402672857798494818549392954714279788646244028122564109074510283354194884698528241256019115709809644 -31635250877738520872006175917937758169973 390
0x01166fcfcc571bdaef9e06d6c76219d7b61074137ad7e48ad3e44f69d3573d8124f04e1a363326d502afb8597a427636b924ce4f3878c4aaa860f6090e410561
0x008921fdc9faa6d7bb35634e5e45cda97719876188d0c7649d8030ce4dc7622f0cdff73ef3d64b35cb33520d4129de07cb0b3b94b776118b7d42c123d5ae8a3f
88381546413195830490356121814345177109849335243162749316048866938595612502926212981848292492799412243073940471444121917248865926738905612439870244913151 1026710265475217001558107523262628275374348873455233619202266461529018705293843229495825832374904556689717855365366367 1162212087163743542047627903303764718239093344846079795815802560164814950384286867469594960577662764370266597926237588 -45654118365774421466458203236800192607305 390
0x019ed527b0912547f01090d86423c425c14af110c5788369ec2eb25c71a739c37fa89e816032c2775a8d92b9ddfaf24c0ce1bd603af642dcda0cec12235d4201
0x004ef17ddb949c4acd8d707a00c2c65286525f48b3736bc0c6910c7eb9fa1c69ef2e0c5b12ebbc8e013673822e6ab5c716831f288ca57c8168def7c12d53285a
88381546413195830490356121814345177109849335243162749316048866938595612502926212981848292492799412243073940471444121917248865926738905612439870244913151 566467604063411501038427370521167237432671011879959210424390202347471092796192931343035215729589091739965846140216067 359702012210366057982449309078009125001951118651715740180144097067620062669403695241194817173254059506602306750331088 -105204530544135368256785503482065664347005 390
0x0046624bc9de99724630a3c1d1604f8ce21d23de865d3fbf7b7a8a532200370c8cdef925c532a61638f928b869ca0c67947da64b85923fe019bb2934226cd453
0x001f3006b20f1a9ae3ba587928303e27b868491bc56965a6f80ca90b18723a96b3aaa67aa21ccbf14066349b1c76884da32bc9455238d242d7f510d9ed0769b0
88381546413195830490356121814345177109849335243162749316048866938595612502926212981848292492799412243073940471444121917248865926738905612439870244913151 229213240700851142524813656754516245982639503032826498668804815068431869379694937841427921268521077132845781768745655 244133245024663613555361992613945254729746250473986519142629152987348523051922934959455272430291281845863367020001948 72602794875823177319231304957360140668529 390
0x015b8cd2c5a3fada4e7d44b778b4899c27b0fb5056ae510bf53f1e04e2ae5d07fba36f9479efcb3cb17c1ff7be2e3073dbd2169835ada79945886f66bb036f09
0x01402195734843a97595d304f1c7461fb55e0139ad7b070bf6b8ca84802bbe889ad964111c0a8ec4b3b9da6b1ebf692907955bd43ad5107564d8310afaa717e4
88381546413195830490356121814345177109849335243162749316048866938595612502926212981848292492799412243073940471444121917248865926738905612439870244913151 624195491051824517185159595814099956205836959358528010895571005223818529017110381249327635293054231585258422550477625 964302223486910877235759082036526743268329259614083318128682044718524301555818984973308952994560366275922947567112132 -53667091666172128452723727307092267146849 390
0x005680e4fe63c0efefcb90563073f0bfe025961f843eb3d6aa8341bd45fe20801dbc92ba5c7f6346f642f8d29e40ca539bebbdde135e714a5f845a95c2782330
0x0039f456e8d86679c80a3ba0df3e772a48b5c2b8eb127ed7497b9f43f5443893df92f825bec2705d822c140a20edf1048b7c00969dd5c4dcc2824ec525334857
88381546413195830490356121814345177109849335243162749316048866938595612502926212981848292492799412243073940471444121917248865926738905612439870244913151 1072363676910328003988780949511762173546306739696363416476759799491618158967702131224048773433963271012836927476330977 550752847467823709100663946565866769170180534360722374944149182929791700718974250354996071197855507285266936502152188 -118968918985551261802062127379447198584265 390
0x008f9e93040e287d23695d3367da47eb3e1109d3b0c0135fc055d08e1b6938a71489c58325b0f724dd5c8c5a90bc81011a879c70ebb560ce17b16ee648028943
0x0171ed95532a9c5f2f1663652797cbdcb140ec88d4aa9196dafbbaf3ebae03b93c2757092f333a4aba4b897f6a91fb67f9aaa82bcb14f53bec3d71ec3ef63920
88381546413195830490356121814345177109849335243162749316048866938595612502926212981848292492799412243073940471444121917248865926738905612439870244913151 533886064843853543916089514732079132209290117750737239372053645986397824498808353186526951027643031993464675092930415 957763147447363379366686223970733223815459021127733668309270187645453229837986235624351879836875968314514871768404484 40360526528241325016238851085907729946873 390
0x014f7c4bf69b2bd3036fd26cd4060686a3e3c9b565ce81cfb524bb4cba2450950812f79c0a2f52649188a7d48a1b52a3b5eacea47d0ba65c1454f7949ead8701
0x005b8441b033b934010876dfc2a552c43026978ee6d6b1affe853b01e611d370a9d6dea4e3df08b7eaa3dde60bd6d8684dfaa4cb0adbd4b873ce2c25c3623851
88381546413195830490356121814345177109849335243162749316048866938595612502926212981848292492799412243073940471444121917248865926738905612439870244913151 433536360541131569548754442403169135592737627073768874796267450055633937127960902917428827103291094133492350328144515 321087812863009096247974020589977855896072024288621150202804084535341789508146653310880208375912268435165018693135532 -95271539107416264403320258409649693542469 390
0x00ae1152bf49b18f911b6640804edb08eb4ccad4b27b7abfd750a9ee925135691543ffbe22fa08921fded4869e18ee104a12e09e820dd2d9934289dcec1c53f6
0x015852da18b8bddccc9284ea5d4471bfff6dce548b456613a603540144d5659711bb7ff564c12dcafe8a4fc49909d55f6d55f06260fea432b52528b5523ae8b1
88381546413195830490356121814345177109849335243162749316048866938595612502926212981848292492799412243073940471444121917248865926738905612439870244913151 653149503185122124215029534958687936410775722066534258709515324777252855339044075602752475880724247219225538195441599 1063907029871445729668410953524990879212809852944213977593240424936181847911837061673933801870338433074726882678221780 31655258972570368972189209667985736058135 390
0x009168eb6198407312a11ecd930811a6e6c7ef65d92101bd56fb8b64a00eadf8df57ab3c3b74455cec80dc5a717544d2cf54a9e2d5fe0da88d6c401e606f7211
0x006e1ad874516e52bcf26d5ea5563e58ee51792f192e0f74786537c8c3bd6b968fb0ef3aa38ba2d95062924a785ea0db089268ab17437b0a701bb2ec344f48c5
88381546413195830490356121814345177109849335243162749316048866938595612502926212981848292492799412243073940471444121917248865926738905612439870244913151 357118517232538083984815980707918790277296746326170259405203009605449144079989114831114423582251297279730843631099505 793122235313797452533156095477134029811016525837579211597410634633286316082707411690481643292509165720665989915743372 -40361692287500959917711694842671658873831 390
0x00c93df4654bb896805a0b1a33a768d1be041a24e4dfe03906fbe3277acd08d1a3bafec9fe07415e0edfe267c5d6a80a40318384bae7c6c33c72d5acc4f5caeb
0x005a1336fb6e2a1bc950235cc406923789fd3c3bedd3f41bdeac838a66a709ec76a1681a33b0f17afcf1adde234b76761cc380d5dfc08ea869affdd2cee35e44
88381546413195830490356121814345177109849335243162749316048866938595612502926212981848292492799412243073940471444121917248865926738905612439870244913151 341482314104692704956367548143163510935576675792673827912693982561615909826141076046673261770415274910830231934473593 729444096310972541203527683851704037698749985057998799148703078772749288900903839300001256048506722153084700239638448 -49025704481772506355421192596920881104377 390
0x0029689793fae30349d0bec56aedfd3029e9fda4a809da8496b84ea815002e38d66cc3a1628a0e7cc2a7efa1c78cadf6f847daa08f88929d9967d88b77423ba2
0x0033fd54b9c499149bcc990058eb4889e9de5454c15ebcbee11c55ba28aa110b46dd2962509fd054b24a9f1e337681316c71c5a44c1fec4c0fda4160b82ab7fd
88381546413195830490356121814345177109849335243162749316048866938595612502926212981848292492799412243073940471444121917248865926738905612439870244913151 382630497057917286520833097259602191807951985684089420515063633108777255310576788116369281413602306999643741789678145 863234770192015574278347719498519171350027203621528431686231835979995687165783811140141232765629974175373162182964812 -28800517444869733401636246662339030093719 390
0x01a25aa276cadcfef8b31c1e7229a45f98feafdfbe36c2a3d2c37de38823f884dbdf15a929a7f66057cd982a80c83b7385fa6c24214616c4ad127ece153f0723
0x013130e8af74e0526468886dc4b6a2ef8eaa7b9205d648f8d1acd3403c907ccf031500d06eff71fc3597fde609e66cd531843b1e111ed985df7bf6a8fc7cf3fa
88381546413195830490356121814345177109849335243162749316048866938595612502926212981848292492799412243073940471444121917248865926738905612439870244913151 861253130732562295760690232990753851386421348582569049794618204443998369355916876997103225710521552526443225698613653 656617042841568824491766621571302897827528459506314718406274882225284517418549488923350317933150213306187920695712672 -106313809918038723972285017298927756641173 390
0x0033109d2777f827953feb3a8d849ded50a80c189c0d3c5a3f8ed268f829f1dcc49dbf5e34f5e360f0ccb5066a0a9e6e49eda5cfc13d7f0faaf3b6b05887cfc7
0x016f940e09f778956b99bade267464269a2d5fe77d729939bfff1f1763287d16ce56edf478cbbc8f7e55910907355d7a4455db7d5b0ed514457d91d7113bf2d5
88381546413195830490356121814345177109849335243162749316048866938595612502926212981848292492799412243073940471444121917248865926738905612439870244913151 323324349202452012266872743721211854235611166335227955164305664779172793043417064901404411530569420493870968511931399 542543549777216984533576334855586069371841565472522909346823724646745970289448885074375696209048644978686188858739136 68643202178529246038160550872727980497927 390
0x008654e1648a4414193908dc4587b16c5bf5306a44ee274ff33d9ec2c0e9df5025f4291c39fd3b5ecf9adff918cd67f78decfe969b54a9eec8597c3765944655
0x0126ed5d0ea5ab0be0723669d10c67745e1213ee8c449ca65009e647d577fbbba0d5ddbb2da4b86a8d571d56dfedbf3b0e2c741eb51914e782c3d00307e3abea
88381546413195830490356121814345177109849335243162749316048866938595612502926212981848292492799412243073940471444121917248865926738905612439870244913151 446156229897820304628067771748802862504513998736795550885900994538231961519194635050871390237963413751743211364645381 165965287132367503185102808746987721774372745064062735670163700020634103426177238008940246765870808089115394396526748 -100826481419046549376651900556755123289677 390
0x0144d0bfa8d85875b88877a8037ee648fad6b7b5e0597dc890d5c0ef5784abf404a9e940fe99757e204c6a0d60be84bc340add661539b1ff81152b9fd6d5ce6f
0x0183efb0659e72534b3297cf79455176adf2382645f9657ac53674454c59dff3c549bf1d88dbd51a2f229f81f1a2d74e02f9653b2f59f7bf6384d25b459e38d5
88381546413195830490356121814345177109849335243162749316048866938595612502926212981848292492799412243073940471444121917248865926738905612439870244913151 203299708542956140431618649242539588918733103062945622357011119302992273789877676688927264791453950318054707409098035 681862092216071771740092340243620792508970141830126243747426562384254222856258393789723727038604554303992450155624092 -8509576738255989760120402548497461139499 390
0x009108cca9fd1274dd6ad07004c2c396d87e6fe17ee70cb6e35a092bc6d7d44e6f9dc654df681192c1bdf692cbf8265389000752efc7946b5f647c8acecc0817
0x00b8c5f665a6a426c0b94b865e39cbde90f94b17e210cc61fed5308af247b50c71ba841be0aa86433412d5c6f5a27595950ffd5f5f81c874d40f3ccb98fed537
88381546413195830490356121814345177109849335243162749316048866938595612502926212981848292492799412243073940471444121917248865926738905612439870244913151 461751855454528707640532515310785018750444624975429714134622477477257686760791160827524890527442498971045761734607943 740223263862887025881702334926165024614057244699116425177171898605462542435523474706199400480818301343809367116036812 67548516982539973956448680063784395436767 390
0x01a0aab2e5b31aa29807af96af9c5559fb687bca3d359f1552edfaf5e451e9009a789a853819a320097ec853f36b840fb914d3748ff9ddd159ecc324ac1cba94
0x00a3f7a10598503a196a846f79790f468eb5e8024a632254ea97a2c90145dff0e21c7566c32c7d8de8bf756c44fefd57b6ca3f343c59732b177b4bce3de84736
88381546413195830490356121814345177109849335243162749316048866938595612502926212981848292492799412243073940471444121917248865926738905612439870244913151 1132004060025468237184042926440151022272244140970796105395815684282079988401940917366187860807111847706606451593077193 143073370110367598700353938786061968401267466115597655839111496934051352919639315372127850112613903569133817501079528 -132545040501771236382152141404230223394793 390
0x00121d2cbb4c9b9a6f2b99734e1b6271d9303ed68822b5824dd7dbdd30aefef24e10e47231f76b52185383b4f3ef2bb23416b8be37cbbab798b04de9bfccfc79
0x00a2d8c5e7ac31bbb4e2eef6dbea2260c70326f438e404cf8b2dc073a1f4c8c8e942d5339daf55a4f21b62bd467cb5a0d76234f9b2c163acd94a371cc391c396
88381546413195830490356121814345177109849335243162749316048866938595612502926212981848292492799412243073940471444121917248865926738905612439870244913151 693739281840918726880008945688751934873938101154186147997184369958495128447085518428937798654785551963091475640039829 260547602652055662129878108525651871501969213135639380701369832804411375771009178759090005852914615914330471780863836 116535266969391277124703318426571099663453 390
0x015d6fbfd1cb9ffbacac2d78f262b6533806672c7b64e0aa1fec03a61e8b0388e00c5b2f9adfaf45422c06d3fdf2c613a86a66cefe8669e6744763d940f8194e
0x0189c0e40adfb4e290b4fb0908a2d0f4ba00ffb24de21da3ffa573e94ec7f9672a0c69a1973685b7c1b69d4acf6f2cb40a586bb15cb8d09a124180a423c0f763
88381546413195830490356121814345177109849335243162749316048866938595612502926212981848292492799412243073940471444121917248865926738905612439870244913151 1106270670126845450920870145832675450000554630060743962360464463543544895763237890125212160621992250999361435801467149 23843895409906629160736897767507073349985755796179079692761620408701397259688281021658519055896390256321045899936752 133082054801434287008589132122194520196211 390
0x00292cedb899fbcb655869ac0446336884ad2e41e9470f77f57f60f443aba248db0b95cb116cbd97cf94b40ca0d16152fb785c719dd2890aabc15aa827978e5c
0x017785d8c9466dd065e2697f34c1339fb71c4db3effa9b1ef436ac1c75ec9d57cb6a30c3c223fc9e89a930956ca8b8616e755371b29625571a06a8c228e8ae8b
88381546413195830490356121814345177109849335243162749316048866938595612502926212981848292492799412243073940471444121917248865926738905612439870244913151 1056049805707214463280398030866778050214604760413531797836541691941315630616266687526633941876028962917085719347071985 363438636164561401758907241020845675491616558265586327662517344702877263999884745578722367337812276290428834173949332 126564308948272489358909678500611512456679 390
0x0016796e4fada187b3d0937efa4c023b557830c4a4f20e72ed53c57cecc4846561f6ac6994ff3a6d015fe0d8079dd1b1c7f20e8824d686be1ab89ae61683e7af
0x00db28c8ad6bd5815101fdf12e5ea65ada960168f077cb34030286bdc89b5d0c03cc5a91ca3b0448b94f76f3dfbc1fe826c8abf4e271f7b21ab518c8094d1b4c
88381546413195830490356121814345177109849335243162749316048866938595612502926212981848292492799412243073940471444121917248865926738905612439870244913151 1086896170935230764756207253024449901067895993038306595642510278450892465508829297491236341246454879639689662424629287 75186673662372144369556724580959949337438516374004246637419091764441076827162029842508196609153961643472439489223360 -132594414997064239460165455406456039553063 390
0x00313225f27e362482364f1a11d5ba51c8987efd60245f2e1a92e82e8312ffa310993f3fa62306ef4201c440bdc348214d879a55bf9c062c35ebee8631ea3703
0x019b7aa5449cc169acac790be070c28a0ba6e171e6b4c2f765902f9e731ed01188c78b787068d978db59e455b4278f198a110e1defd59d0cc001de68d49f83bd
88381546413195830490356121814345177109849335243162749316048866938595612502926212981848292492799412243073940471444121917248865926738905612439870244913151 453924673480381098898342809883431088180287303879055353407121295381615383416343381199376090779447228418902602658415569 960369988745430047464626180230330288690054068640626429629411019185785345821513872573160112404343241200709680306315044 -13587333302360077545538499520800932952903 390
0x00ca5347e3f7ee29416963d81881ce37bf637e881b09e942aecb7b699c2bd4aad7c1fb6c4f97ad91347bd57b62c3461b8f4df178c2a434c6b3e45cb3cf20869b
0x00e76f4c2646751079953cb7a665400fc71399cd31e5571ed9454c0443f18a6e2c30a52a1cd4121feabb78f05cf9cc68f54019ed47fdef6c71debbf50007abfa
88381546413195830490356121814345177109849335243162749316048866938595612502926212981848292492799412243073940471444121917248865926738905612439870244913151 457595654086040387336245521800152827031825601602278843917543806781052047491296086895983253454881973618588756369202359 784349720931363114999955642517021353723193180233542788441941211587698192471615885139344746311866959886848322740729332 61043198373059633467956087494063550744881 390
0x007857f32ed4881ac960165d197794c0b758fc68f5fa75ed7d054a4b1ab4d01586d256909eb5ec21fea2c2aa4a782c3bde749d645ea66048eadf442f1f405816
0x008ad2c03dfa16099cf7fb10320e90fb2d0452ff2d3dc63057ee6869f9ffb38735121cce46143fa646a1c0b7d1c45e8ad80848d05d636addf7f67b6a1192e2ad
88381546413195830490356121814345177109849335243162749316048866938595612502926212981848292492799412243073940471444121917248865926738905612439870244913151 1222248596470922859860976577067943464474753308036198605316002554678288809591190640233177392738870758107359383105913679 1259138982288386825893946216388055189018566021299471281953017193391389120044760150850407548478619586342449499715340232 5684962194930969149584684921611606291759 390
0x0085545452893f426cd73ca16c5ba2c50c7686092f4fcc518ca55c0cf7845a8c9aaf09ec220b467e164a7d83332e783d4af51302f9c8f1e25fd7b27f5ef43feb
0x00e45b6066bf54caabec022ad810ec65abb848d34645ed462f93b3abf047bf74c1c9eacb827068e6a4bee7fff2bef14c010559ac7159f27979c91931af2ae9a9
88381546413195830490356121814345177109849335243162749316048866938595612502926212981848292492799412243073940471444121917248865926738905612439870244913151 286420252117784888248545295497782692302715368814945899647413593240646695859473581204791789382947140094275429078103141 518154941038834830503354480812421045611219571747659166109656108581859482961685496866180528740170440052048326937304832 64855443100109899858936572383593728969627 390
0x00afab3e1f4fe3eadbcc1f167263aa3ed58179427766414e8ee7bb00d7802268bdfd325fe8203bbc037de0bf0c423fbc5f3c571271029a1a457ef921b7a52354
0x01a54bfd15eec5239be13e4948309d1351fa6db6ffc081ef0be693a84e152edeef29efc984c308bbdbc7b7f655418942a1d63f52458c599471eebe75f537f438
88381546413195830490356121814345177109849335243162749316048866938595612502926212981848292492799412243073940471444121917248865926738905612439870244913151 1044410196683031490796024148897528243646584126070600620057393301228638940196021533203932327972407856500709648697927307 105262696502575380583923976355510517379829278587942434683901692524652324387657779408675896701735155881468753902881612 131651784188198213868420077759482818354435 390
0x014d727a8bf7f6203c8ed09ead1eed0be76209a1c2b9572c980f301271fd4df6f9261e31047f6817b61c011e6bcd0da8a63161b87bc863d6923349279b74e8eb
0x00e5879566ee648d1f892b8b6d8175a28791565059d4ad24cc2d7ce7bab2ba75fc30dfc3019c8ded9a4f6862353cf441a99dbf50155598faa2d75086074afc84
88381546413195830490356121814345177109849335243162749316048866938595612502926212981848292492799412243073940471444121917248865926738905612439870244913151 883168321634267268798492622983491977316819795785228125782890909361367620585049240147311709696873824416723346480456609 399609733655594343034642360846431344778603010517780796614316280711158653667941304119212094340715712799267191020585292 120693003737974526924826566243055204659511 390
0x00038f3015dd4a678ec864a537d0650ca07a9e6588551049adb5fa20db3a0c78dd0c07518ba9adb7975c435126e887dba44b316082ea37f63865f56421648bdc
0x015cd389dbce8c6e0a78185c3e8d26ab3cccd047104c60129011de582d914d9084d2d0cd1a3c3d597c06c665710737bd1c801bf2e665b25cd555cf2fa4a11edf
88381546413195830490356121814345177109849335243162749316048866938595612502926212981848292492799412243073940471444121917248865926738905612439870244913151 1172534422937286282861999604613153433130678908611619824371500615377314789347083323652982377583356670358445328014996805 315069730427200777872674752276235368052029094366173162955470038651354474232051586410842086542168324100018963656126852 129523012138510461018482486231661728290829 390
0x019a697a503d0fc1d984c1e421d6575c270bc296fc0f9d9b4316d4b15d865fa49a2eaf1228294fe141b05651d3a0ae1bedd59361010d682d549571e31687e3e9
0x006fb6eeede517b1aae11595fb94c32ab75ff4faa43f7dd536555bbc08c171d372f6199bc2126757aecf67215d7371f5e1cf1732bfc271c0ddbd6fab75786457
88381546413195830490356121814345177109849335243162749316048866938595612502926212981848292492799412243073940471444121917248865926738905612439870244913151 814812635896690337814382511834932322999559798030683906120189455823280936591837416605324139207012636775004654780713309 618711946465600834555768376885829155229574096200477714718645391359790627718362426321389118417635640597963574209669336 -106795281649954055584199674495243203640067 390
0x0185abce0f430c027c677affd83ac08f8101b2e34e4fa6e2a46122ada5456ed6f0a563eee83844dddc6c00985f9a312f0976a9915d5d405834471355e26528a5
0x01a5a8ea7077caf0da066ecc3543b5b8465ace87944af7a1194117cf4ca52dbeff0eaaf1cdd53ffda2c72439837ade173673c2b3ebb9dffb5e5c3ad315813ac7
88381546413195830490356121814345177109849335243162749316048866938595612502926212981848292492799412243073940471444121917248865926738905612439870244913151 1199707540661275461230271051543365314661969914028073637443361626913439607797580937101764712020186871064789728269530911 965790531716072283353808757022058484630654775572999620221809356208221240021521769560099292608202410335812707349408028 85974809618158484643903492428063670791753 390
0x00c12c9093732bd0409f4b195e86412ea01967e0361e62ab5cc4c901ab71eaf23dc81876d0a2f0ac25ae684cb10932f5fb43f6e0c217bf11f9775850eb40f1de
0x00951eb30af7803bff00bdf37cbc1dc8407ad0cb59ba7e2d50c9f78879802c95caed72c2aef3f5762fca5d30b593714d0ac358e1d41846086ec971507f4bf744
88381546413195830490356121814345177109849335243162749316048866938595612502926212981848292492799412243073940471444121917248865926738905612439870244913151 692977183417211473903729468185072397275380285954720930003338514624534938352635008279209823737476939872943658648995651 596061432964599733432430317025744340183922084213090497682212803735752207459097742459751796483967999173591247451813388 -101581613105673791081702338902121821711877 390
0x001deb4a86d102fb7dfd3d915ae19a5f0216108f2f34d380150d5d093b940bed2ae6b98ebaab4943301597852d0b997344889c7227a4a20a6dd1a7b4f4a91c90
0x01ae0fdd543cd78dec442140753882d2c7e98995e21b7bbd94ab2aa75bcfdc13b4d100637aae235723b86325f97d9e1276256e2103aab6e434ec67c604fad2fc
88381546413195830490356121814345177109849335243162749316048866938595612502926212981848292492799412243073940471444121917248865926738905612439870244913151 812316562987702498344068793079829461544043573982978544143584969569149130949067552142244753597601628892604673239794669 1056324412836532027682400710549702721535135446682568780563917718596255357413543459145726389355801918987446882703085148 55553491355056776788663513562958896973579 390
0x00f646ae2aecb22b15195a26cd1ada29d11c888bcfdcb9c08bd1b6e963d6862743be6e157a7e6dce59a82f3b5c0c5b3ed3b7291c3d4815f983ceec622cfb4283
0x01ab97ad2d33e76ca3872c967effa5f8b3b16b5a7b0e8878490e24b93b382a39ce961b31a6892f5e90bda557c5efeb7511f94648ca32ecb2f0683ac16688dee0
88381546413195830490356121814345177109849335243162749316048866938595612502926212981848292492799412243073940471444121917248865926738905612439870244913151 558388470246283204071235449133783683975277195525325725774835743879772038487112623691138479819831070228295023809068485 61282208188279332307651686234738599500969073812734519795922470894873962368611349685190026983461883676376317876870896 111183421670183862863016529434651550272443 390
0x006058cec2c8816482360e16f91682945a747fbb944c60ba0ee261c9f13efd514fbb37070c3505c9a28fbe7dbed131a8f66ede1463947ff4e82ec0c7e8107e42
0x00107e1cc77a44d30aff228a0aa0c69e876af1ff7b815dafd3209e4158c4f93ccffd84427f5720e4a591da280a9fdb97cdcc4493ae38d74fec714a48b9121a74
88381546413195830490356121814345177109849335243162749316048866938595612502926212981848292492799412243073940471444121917248865926738905612439870244913151 1221608488268942455908770883669151558857055955945887048548004099593671909247247971911821467863715482958158281257460249 396645014399253249698316664237247270483511217246328852998948471765948422671777218364553607754831582833299096524564824 127240509366431305145048006806256046478393 390
0x00acb63f8974578f721f0479fa63f4d7ef947a50d512301b672301cf79dce2887580b6fd5e5be272b1a6d4c79f19d1a9054086af80df608bc6093fe6a8b1187f
0x011d0099228b8bef129c2a3236cf2815138525c34bce8cb505f475065f9a8233b10c04cef7cb4f4e35effde841df8ee6643ac327e235cdf08970692555bd8027
88381546413195830490356121814345177109849335243162749316048866938595612502926212981848292492799412243073940471444121917248865926738905612439870244913151 792091978738758696970486868118826548444113727460521826163268079167042992604885073749430026932650818344375093364379305 891657369932899359642669552738558001332412316234741001233361861744928551898662676668400041553936411991054906092383212 80657529719591520656987124872579453445649 390
0x0150b9abeaf369ae405c1308d5485fad90f5e48bd13498d2e552fa97b3b581bf06ea590db60763572692d305ed1a9e4a3333fc0f97542ce5f42ee1f2b27354db
0x01597109fb4a9f1d0c42f5bc7a1d1291c00c5c84910a8470b9c6b9e5ff1e42ebb6224f03e05a7874444bc5b91e4f0d00957ef6a58f60ed5bd27720472add0943
88381546413195830490356121814345177109849335243162749316048866938595612502926212981848292492799412243073940471444121917248865926738905612439870244913151 1145092274101494363255994011146952171782964519507214362701607528095130739747194089041215085458495594327810078972710677 1211565907646085764073167108275145659920107700331858920136058480693164881887817702757206125480656681959261148496167312 -35034903454439102616875288556124613371285 390
0x00e681e92612f8b30c32c63108bca57da3069a9c4d4cf5772ccdae95d80550af234e1220eb952719a28b2584a365ba38b9769dea7986813f0c6290d7c0e0ce5a
0x000a0f12ef6e52df9f778bf1b70e402608106e0970dc2f633d2a1b482470a3501d3949625c9ef30ec552591a2c1a5578eff3ed77da0fba73bd0a015d1bb13e4e
88381546413195830490356121814345177109849335243162749316048866938595612502926212981848292492799412243073940471444121917248865926738905612439870244913151 371400642288139804933374801194049700333975857880656732359900883622308536942595425277291042898626585314883227335439065 872777554337747723921895012104588426750650264657331619660304275355831173097264884752806620623863427173580233673086768 20430921207145681967077566562936724440231 390
0x00e70bff50eafd9d3ff7197be7f7a8c07cbd2a228250b2e0662dc7a952170b712e749d299b67e7267511e5946d5f9c8e8e6f143f7caa67e0e28479f3afbad151
0x00eb33d85bbb87fec39e08705613317243fa1a8927ca00ea1cdafec0737371ea1965d4b78312d122f10901e30962ee1c80df66dc704367bca0e2285391bbac2b
88381546413195830490356121814345177109849335243162749316048866938595612502926212981848292492799412243073940471444121917248865926738905612439870244913151 252404623926375604903873920776617821460909921996264554830946541225292715158158046831929598583389620722011432994728199 508488181837257007341825545548461712515674377233620150892999131873874900366302538486785768025626205866248309112994844 -59626779581595595819401172911559449018017 390
0x011f3b8ffbb2e11fa33012a78d0c144cf462fc84eb207b1900bc2b3f3ced5eda204f528412d0c13ea7793bb8f2548649710c253843b8d28ffbdc54929abf7f1b
0x0162461f3f405856aa66d6b8ea68e1226cdc80a9db058856c6f93964af32263a01e65700209dbffa1717a237e5ea91a049e1bf2d618062d62276c1365ff35b04
88381546413195830490356121814345177109849335243162749316048866938595612502926212981848292492799412243073940471444121917248865926738905612439870244913151 66148501350477095559837717321888485964401376093116635639382280224726298289580513419960633276191130241486713732951275 375136271105552810272872506207403673377326027378017127090281863594370583954690916247898727917757399570158987613548848 -15671341739739067309408972545369177847189 390
0x019237cac4393965f1580cf69bd65cd4f0553b8f568ebf84a2561d1d83c8ca1c4bd273d07e4d5a28f4212cac4d6b9cd68913d1193a0077bcad4c97756841f106
0x019fa0046e8a4e2ba1295e214a350f095a105dc79f1384d9eb76951d1ae00aad57c318a54765f4a65ccd26ffda2293358b1adff47d2a4217ee65284c9b89caa1
88381546413195830490356121814345177109849335243162749316048866938595612502926212981848292492799412243073940471444121917248865926738905612439870244913151 774670404037782341381824425186740200761589291361604879098717142968978542778931932476459065251136170816308511899808239 515433208417154276768614991541943516345155487927719816199982438969894577102932101970431531670476078550347338232385276 110937481844231748823776028287816788556167 390
0x00c897cda54ede2f39f1763fa77bb04e3968a72ed2c811774f093642a7e1b5aafc4b8d1f690a8ae469c4995082a40379568e9c6b99fd3c2cb6a043f7a7fe95cf
0x005eabdbce3bec9c83db6f285d5c33f13d174794f0c967075af8071e0a8734c4a69f42b77e70204689de85a987e1abc0f99dee7ef16b18f137ec5ca2328dda56
88381546413195830490356121814345177109849335243162749316048866938595612502926212981848292492799412243073940471444121917248865926738905612439870244913151 508430704443568906793277663773205252257865490386209708981438062118382813968000105666597502210325659062491579278155739 628126150271557320839651978353808818718060347660744823209826040318856941204870539972907405555719443342809440043903908 84366903108984058473847668847804355806099 390
0x00b7c8233212954d6bb452d67ca66f997f510522e349d3cf521540ab7b50bc6c0864908afaf30ffd59345318d712749ab67e6649e9531c572babc532bc8f1fa5
0x0068ed83005dec98f4a8bd8466693b795d699cafa0dc742d729a372cf090dc39814a6e8d49dc9d24820e200b82c72dc5b7377fa5168a7b4082f06a5bbfb3229d
88381546413195830490356121814345177109849335243162749316048866938595612502926212981848292492799412243073940471444121917248865926738905612439870244913151 562531575230101022913841733054469226073983701154840006251854254573198209396039183515664814099769214987367742026171455 466895926248548894692206323080150227330046553127332077613716842584406831334477150271725382398673748636703186869713372 -100017129032873756931113754329660056034519 390
0x0182b0046c51dc3ac73aa34e9eecc72bc8ce4d69ffe6faebfa0301ce5ad9cb3eeafe83bcdee8ba74aec7c3e528a7e412a01bc2bc2acfd74994bde53b93670636
0x00a4d7673b2f82750b5a1a7b3516b4ae216cdbb0c9b13b8a5cc3f3a7fe3491df821c7f60717c0853f6364311955620400d294ef14f4cccd4f550e80081fe6275
88381546413195830490356121814345177109849335243162749316048866938595612502926212981848292492799412243073940471444121917248865926738905612439870244913151 89354795961378762493482869088004195851576998388944397126111388366427279553963814526193514333483787953430315335286045 431002015724472930836840912533978235985037156004495496214183430041097429210784056905103715055538095403312048223347224 -18903213615433128138488545040610676428477 390
0x016021a4221267a3776f57653c22eed1077b60ab7982e70a777a3a204e3203aaf74cfb459860f6e753ebdd649ba323946fcd91a81b984e71f206ae4fa0763861
0x01018a06b7e1d318d062a63ea77bfe571f5beddf26596bcbf7d739685c9bca7082bb1ab0a84a5a2fb1be0140ca58d0662fd1cc74a978d9b396f6bffe792f0b4a
88381546413195830490356121814345177109849335243162749316048866938595612502926212981848292492799412243073940471444121917248865926738905612439870244913151 360043593779469633352992721309390602452302225952206404745914265844786262393115802334185666709254140222931895522831111 662757318779290117705526478620450482497015354658027494356412016670205956705180456831441429042406565115095597525713752 61937449649654292513861548662438767281383 390
0x00f65209ef6952241f60818b9ad20acc57ee1cbc337c63bf6283d9b2a0178d31bd9af2bee46c04595466d5b7ee1557da2f8a9899d7b68ea172aa142203dd0854
0x00a05001f01411191db22f19557a13de54233ee78fc1f541dc9af84fd641ee48e37853530d95d924d8a3184d9ff7ae1dfc43962536dd23e86540e52a236df277
88381546413195830490356121814345177109849335243162749316048866938595612502926212981848292492799412243073940471444121917248865926738905612439870244913151 747891452564934191211001163729819577325712197717663263805633902988429599446500370071693104821726585685724173877906249 810442600382204923789937250688584164803077369203127050116448516323365262346997608148125390332766426077455107537452880 87055927762966538806869140104525878737975 390
0x019039a2691015ff7dcc299e6f2ceb616e3aee3f5251a511e8b96c4ba3b59f4dba3628d543f4aead32a7d032462e2122c31004e4ae1133453610a5fd359e1533
0x016113a76149e8aefa44f7c1387b48d856631abed323c49671cb765713b5f82c209f4da182877db7cc5653406d86fe1e172f84e182aa47939e86d387cc4bd8ba
88381546413195830490356121814345177109849335243162749316048866938595612502926212981848292492799412243073940471444121917248865926738905612439870244913151 117137589098864212144817106431180283720405476046112488825402873742212094789821564702958522008731659418947498852870629 474346853201384396942345404061457934053256072532320319017932586490112032900504857853783122451975046738326561684273128 -25320315325593826621834976760789565885061 390
0x007a5e1dc95abf7c0d05780127eae48694cbd8a5791c6104850e041d4aec95282005ca13d9d9d162e0c8fa45d6d1e41f8e3762f2991ddb8577756c906a2754b4
0x0037dcd8ce15a8f7a91df21b6a6fcff598c491e7dbdeafac9010188750896c799cb6146746a1a3de411fbaee139c3470e76740098b83350a349ff3862ce496ce
88381546413195830490356121814345177109849335243162749316048866938595612502926212981848292492799412243073940471444121917248865926738905612439870244913151 970276663108647287553356815080558692325095626129491494440834023010471127689409923854847035177498304452590872552800841 390976128000446508235473775084564225136687263403652898906227116717012659920190046532051195493070240935099862276681948 -123704026960307744399396733385526230598257 390
0x00e7c6ee4775b807fcfc3e796455186d191f0cc56ff52c40b3f7b830ec26ef298ca405804c1a882823723b80cae6a0007496214e431a137b8d5f22ca19f2122d
0x01105a2bb51e09484d04a47d5f0bf7dcb4d9d81176dc6bf78be49beff392b3cf1cf24569e1e925f600104d9d74b020e0f8dbfb2efaf709da85d374883985a1f5
88381546413195830490356121814345177109849335243162749316048866938595612502926212981848292492799412243073940471444121917248865926738905612439870244913151 828064001396322305360279883441169027019798905029939369301970364797285483179893903367130366507387449249146133617277495 231281325670783976883338225421120874660620520136635241633121927332920575149828563980222767878026364245224160358806008 123543694177547839600191172495781504742121 390
0x0159d3a4013def46660104b9d55581d6671adaf4c7c85be80adfcddf1e80a42eaac8e8c5b8449355527fc8e2e9641772936614300a3beaa90b76770451af4d19
0x009e7c4a434b49df51a0d9a92b0e38afb2f73d908450cc3f7f4eed78ed01bf6aefb9b8021bd9a96b90ff21866a179b257149b0a6e005c018fa24b4795a74f5bd
88381546413195830490356121814345177109849335243162749316048866938595612502926212981848292492799412243073940471444121917248865926738905612439870244913151 186821029477151673524495689076594825112388551634504261196040836974686454334053793222174194942106808700951694620330581 544181602760010144068487555006455740431770256145927690227102485595002151449295978360264504957846630038509916661175412 -39810840689365866724247498744765412452317 390
0x008988cd8feb0c38823a5d2fcacb8618187794a6e025dac3077efa271492c8f463885f03a15e035eb729bedb64eb0a071319c5fcd819e4de445da5c95eac2639
0x016e1435f182e1a4038e7a5092b69312594ffa2834ab909b2dabe578e61ce85c3b45a0ee013dee816ec8bd3c07a094091a7c7c14d743e517b29df87b8118691d
88381546413195830490356121814345177109849335243162749316048866938595612502926212981848292492799412243073940471444121917248865926738905612439870244913151 1111588525904331559841032540095956739504984022427932073222479690187110744139703256884445456041146356625564277608737547 1205744888335699195111066429653868198031592358599536855961706441780010548177521853806192622101851934451684148033065180 -35863349722799350703994696644782596315837 390
0x0021798ae9051bb949abac62410c0056888fd85c47ed94d82c0ad6edeba7d89fc83020613423e0000d2aa4f97a47453e716c2895dc91d4c46d2e75c3db1efeaa
0x01451942d7fd935d9b1156ae9d1d994e3a7f37e4ccc52d3956e14f6091bd87c03ae7e8f1c603e089cde217ac524be4f2d86d68b1424f8eda20671eb93725c886
88381546413195830490356121814345177109849335243162749316048866938595612502926212981848292492799412243073940471444121917248865926738905612439870244913151 424469896435232360183530716997675865104206136614422860686275622196557779527724286522427970766468397238465372604813419 929531313167288282201856711920642826195350386078849988542202054110806951071796982195355455634748353926443193682641064 17215727803746037265153632242220457732043 390
0x000f91cf36cc62e27d5ffbc7addfc44043d4905d173e6bc8592faa8c09526fed83dc713e3dd7bb186f8ae7a447b37d1c60bca5a07401169d6dccc13cdea13cf7
0x018dc55bec25fa70b6d44f5bb102463cbbcb10bd66a668a9545e2cd800607a98b0b5412005b523b3b90fe1e0d19b50f8eac0031a043048cc5edb8c689e9c5b5e
88381546413195830490356121814345177109849335243162749316048866938595612502926212981848292492799412243073940471444121917248865926738905612439870244913151 255202513725740078348268187474639262599566092964246100498546750308463327375760627603738676582303528830955862654284741 724835401651551590931523259336536861288177431910547556116016245393390684627968850742512020026299725015282961904515152 -24496702387422451052559969739604588595643 390
0x004b0242df0ad91df46ca2579ec8ccf833dd23122bfc288cb2df5d9088e4f3d1aa0b890750c678229072075191010b630eccc0e5bb7719d5b1b03d19a6a59ada
0x01985b5cdcf8da885cd29df0cafa90ba287f1f23462a62116afdf702106548860d94dd521e49d751a3dde61306c95b82ba077752b4605a063bd7a6ecf2497adf
88381546413195830490356121814345177109849335243162749316048866938595612502926212981848292492799412243073940471444121917248865926738905612439870244913151 708925150715798737548685361076147191927818673682496284924636465537449956513308297006145998452704048518210599343840995 1121375281133154660311412919621510749833482658607547688592254605692988013234743304835616554699769887160261018000512592 17690485036939159281074412129814968956829 390
0x01686c8a0e94d2056ebc1cd0604cc256998951528f58e2d349f2ddb40f9349ff048d479df630ef86b8bb565739d2d63b801331d3ffce46f76ad79746eebccbdf
0x011c77461553949c2eaab5fb6b111442b77bee98f491a441d1842986d9d8bf50b3a7586f0cdacbec3c8ea6f7b8417afb6754811b5710eaa74723f75dd1f2c781
88381546413195830490356121814345177109849335243162749316048866938595612502926212981848292492799412243073940471444121917248865926738905612439870244913151 161175277374723773225612271993145253248108399793734391504113233143167866774511577936590443255329000806444616359058449 564012267916790386498876470437647152958860384845901197743171584355443803016998639932574229665017333902720445599819364 26561204047444234830564563429514230138873 390
0x003bbb5754bf8ea517ad1e8ce8691c241a94120a6f2ff30f9d4bfd93a3e9f13c775429a90af6acbe64df713779a847f6f96ae2ce11df6d5474b1d013a6b5f870
0x0129f356a31581019124c5b08ff0823e87a43f18953144f0d5cdeb332a2d75777dd6725979dbe5d003b0d5dee4c27f7ec35ffecbf9bee49f4bda20cc51bb5fe3
88381546413195830490356121814345177109849335243162749316048866938595612502926212981848292492799412243073940471444121917248865926738905612439870244913151 142855685579253549100637141282357174365980186805803714569375718840999905276402648964662286335444044698843892749458859 318722865349149520922812350377640721367251595811204538272377241952803633736642955383744552950840622790032793289017016 51920250007669921182352494536689136665077 390
0x01725396957c9bbd836fd6084729c0df85c85854565f306a0434f7607129bcbe190dd5283bb28ac84585370af44f4a3c3211762a2a0ffd02b6a38db5f948df50
0x006ded5eefc9f8351cb19dea5814bad482fdfffdc02d6442ab799fef0c062fd61ec60273ed4a25b9e567344b9fc2e50b5fa9ba3d116b739a11a15231eeea088f
88381546413195830490356121814345177109849335243162749316048866938595612502926212981848292492799412243073940471444121917248865926738905612439870244913151 431550050114558130960244753511796367848023201699278600313165634432733677522189603794790930179974562067506343492476447 603844732873570323854505453703486574595014748329838333443501746687319272893136049901346867927940847863265274489506460 -77976408462393661455637241708944763119287 390
0x00daaf3bb5c5785a058115d3c8d578e173253af26125a4c974922e8f1e07dba25946248461836f9413cebaa51d75c726c5dd6af74fb5b39e269236a6f52050cb
0x007ee5a8459b7666243e4c5b72194109191825175e8a8db2d7a0260a3afc361faef8722afc33ab47087cf148c8aca8cae816890a9fe8879a1c882b74a60387dc
88381546413195830490356121814345177109849335243162749316048866938595612502926212981848292492799412243073940471444121917248865926738905612439870244913151 1177036274438445525203014499851049305081729914106923186116844528831798752637283478551481531400723970224848296563247325 810633710727499662335290759400153365520976033577351333361131879118095017051337095767032360688066672865116159945742512 -102337922739983424120867086866471354953891 390
0x003def66ecec30e14dfe1786548fd0d897ecc125c87f5fe6fa6285582e157c9447915c8d9030a0fae8dbb8efe20d2e8dacbbb89337d4d0ad9e28bcd106075f4f
0x002298920ee90d4af52b291de7bd5081033ed000491240dc4202c9dce1edb5ea49f62f882b2f5b80fc70e014c3c580b2ae30e51c994029488f2681430bc88503
88381546413195830490356121814345177109849335243162749316048866938595612502926212981848292492799412243073940471444121917248865926738905612439870244913151 1188464362035054530873525486308710578868992148167166965920265281175021823538963022972829275049059763526255784137336605 498128922175407818513116608711179443414867336086207192275675961139190277360633448496473721402704534822047399203776328 -122966877465144318712571145598049223925181 390
0x016abc0f23c7f193d07e9e3bd18829aeee1039427bf0340cd42ac8af0e1b678e18ece981be4ec365c52a3f82cfd94fbf19c497d3ae416dc5a129e6faa992c893
0x00505af20889e9feb766515d477689ebfb87e2e6f1d995f5ef834dab8c36942563a4e702f1f519b64c9afcefa77b7b5905d46b8a16ace5117b72516b5eee2453
88381546413195830490356121814345177109849335243162749316048866938595612502926212981848292492799412243073940471444121917248865926738905612439870244913151 53598721273094973744574009946808576819479547929721858513433380454579382716423318294076488610009223786249252310194099 342342482190990898114019126483215512899744302524769555357571684469024765801194890020546275566997441086516869867758728 -13066731864548612616250570254659674542829 390
0x014c0fdcd673d0dad2ea9775ac1859ef699787ab1c835473de224df1dcd459ff0648954693993f3519a507d7adaa91e22b989698df92cdbc047c6b70a3da46cb
0x00a0df098d1debdd8b18e271ea4e269c7f1da562034ed2db13c319a102c96accf9924af205326bd8eee05d589759381ab615627d696169d71240aaaa5a970f5c
88381546413195830490356121814345177109849335243162749316048866938595612502926212981848292492799412243073940471444121917248865926738905612439870244913151 1042517260516374917820545379397865459821191515126991383383522063811317595561058854176441339775927137202185896732488325 605134505431563291332134365981327667798712884194339528738322744296354339166447255875747520325588903309805906780007996 -115347247541496510396457058081729138810803 390
0x016643efc7e90b1818c3096ed149442580fb8241bc2e906490613536ce463650bf240d1d5041460dd37abd875a9e3d199ca528c60ab798f0c64e617f505b2ac7
0x0135198e057e392c8008a7b076f38b264fbe30f4b2c954dcee91726c9513f87f2873582d2cdcb73c43a332212ad4637310f0b17fa39920ae5827497f072f413c
88381546413195830490356121814345177109849335243162749316048866938595612502926212981848292492799412243073940471444121917248865926738905612439870244913151 25709646588768424846084168222656279074981807828714990165458919861885145294036659759834575417078069006025379485504945 206223413753727057366522864665333231094921649346370628464379262052056111902415156916896831281345656850311584638862488 15648927883158969124257652243758036477231 390
0x0121664182e36d760e2b32d8f4f2e2a62a9dd125e8960ed60e53f49a3e2e01bed8b17d0418b992ef80ec1c07395545c6fdaa1734d9a3709eb71fff445e37f17b
0x0135fd31346e9aea15115cbe99d57626061d4ca76a5acdfdf0581eba76798232295a31c0b114d4bdea30f351797ada4260d935b1ee3d3a418cb2917f353b5a32
88381546413195830490356121814345177109849335243162749316048866938595612502926212981848292492799412243073940471444121917248865926738905612439870244913151 107655575333314091745580618038081691325940877324489810776096594985342839102908301587176418718335859829095611424316393 424696282519349260771260184733474016264104456865250755481846845608863917418832846956875997385869866582895582893827268 29995865048949353841542552340658560417903 390
0x0025399485d79a5d18128bfd76eb8f2b018455f3762ad289111e117df196d3bf2184f94baa4355fe67a806772f9c49a6839edcea1d87c979c2826a9a1130e4f4
0x011db2ba367ffbccf8e979f65880f2938833641146a78ebe154d60a46cfd2e789de00414b45c8bc849b6d36f4e43fe54f8e1f2e0bf74585185f9dfd4df2da8d3
88381546413195830490356121814345177109849335243162749316048866938595612502926212981848292492799412243073940471444121917248865926738905612439870244913151 689086352402485594125607597166165468612361770446008567339910968720724169115727285246386138644322408948354356194099999 691551322835527170170763705309204475228686247614151792926480835958246797177408097946136068444965765567453446361544300 94220378682497716801454178371030234714505 390
0x0104b9a42ba504b3cafb63a30ae899973655f0e15b3e97edba83ae0007f5c3310769f6354c76e1c00fa3f9ce4f4272afd70102a46a00cba065f0bdfc51d703c5
0x00ccaa1d70f75a261911b6f87767694e0f7eaacd4972f44498195ef885c45607dd01b3d27b5cc088f8dd53a1b2cde5d4ecc725569d0a18d1ec98ffd956839969
