864175120484581453683482079962486176185193500155369104423588921177379322250834082489183304374038697487834084609675858746433355728113743766078731283595263 200131682740661784003532944182860895611224488223579593862521967293924678467721868006219715531727271715334873258738675 879333776785676202786570850291225551849908407154678016292490267787408177575059534612479519778283556868128055226933660 15062953538245467446291065626812793799915 391
0x104fbe99aa68c5d8f36b5a031016ed70eb9c751763d09204646e3e4e2e298733e2c5339751119d93082f3176328bd45cac7275fb8444801da00d676f9c41a9e9
0x06bed577245281f7342a1cdc914e9474afb20f0443f0bfbc7c006dee705ea47fb5eda5a90ef2a4aaa89a9e68f82e6a71970f37a4cfa8c644ed2a3103077559d3
864175120484581453683482079962486176185193500155369104423588921177379322250834082489183304374038697487834084609675858746433355728113743766078731283595263 679005322846726189684310488003345464561243184442514269606584093397377356839953010290958410322552897266459814654370607 1535056994570151666175093951305143071415747407611071864626736606697769361793375870452290665501320975116836555080527888 -26504777267495924814835736218488441465519 391
0x048b11eb0bbf6784b4b673d0c877738bd9c0b6aa8bec544da413342c683b9d40383b3fcde82aa568d30f2339042f08de03674b70b7fdc3417614a72b0c079122
0x01393d171c4f18cc06739490f826d7d9ed34e5c7c1756fcbf0a7c83b2d9bc8332db209ba1ed62fa3611f01dee84282e373ef48032bdae777c94ed2947b2c8445
864175120484581453683482079962486176185193500155369104423588921177379322250834082489183304374038697487834084609675858746433355728113743766078731283595263 1474260935629783260703403304435949485575547832366118469749559745853244883581341137548402038546199303884464653243331773 2088545699790849916333009547671988236366969664910907189834711745470642735647871655505793524749071269351000974453759320 -32269849685466180170584754950137787359325 391
0x093ab03e58121213e0e8daf9797c2322869633dee2d236396519c5ef9e1c841f51b631c415c07b9c90afe92fb1623f570791b975074f4aded2ad099476946f2a
0x00ffff18d24407251e021460604337bff22e411dbfaae35b66dc6efc411d6f7ad1cd72c38e83a8e701cfd42bd1e215cd0c516285dbd0d321d3faa36e075dd2a5
864175120484581453683482079962486176185193500155369104423588921177379322250834082489183304374038697487834084609675858746433355728113743766078731283595263 1145553412105032993328442836957652005637234203607152942687224627824620373199724860495185823914122477124292339984830589 1769878659594690853052220730070854313555865747006614688917906383634047166833089094791277436964387382262427960420626972 -39271667269617870623021288509684653115397 391
0x0b58fd782c455afdde1a7a967e7ff0e80f85ecd6f3df2640808815015d5bc0b99bfb08184863c013c0415e655d477ed85b82f042058e434aaefd743626f776f1
0x0b156767ddec885af7a186dd6356cfb982e36bbb345975e32d4655c76deecd5fa568c60b5adfc97788f33f60475ab0b17b1e728befb38eaa068b816848d2a4ac
864175120484581453683482079962486176185193500155369104423588921177379322250834082489183304374038697487834084609675858746433355728113743766078731283595263 1773490603323756755363210648434374161100751735935734679726919943848207476619861719009498157692614969489387176232060023 2058566076233803067878797586029959620085722557494998750774203230786098550525098784090532967054910019609706956261491860 -42508762424355620926834548146002383475185 391
0x03845dc5d9dad69f7d7f9654504511503a1bcebd08cd65f02d8126f2d87dd65579a6946b89806bd859701ad562af27962b6daaa2be55400b88f43d56c7e19707
0x0f5896d526d6b95ae6408412a4c5c3964438364423a7f6ee61bf80773901a6167901d612b39bdcce58945ebb94f79f090b9b925f418eac3a1eeed1abfec78c30
864175120484581453683482079962486176185193500155369104423588921177379322250834082489183304374038697487834084609675858746433355728113743766078731283595263 1417838079498445283868760921224251139621807531866916445166917373195238606053352516343100746273824541922465904968287409 2025206272705740160975399682277172240784013523439080157264770923992864184777649269756108695230431483582885438838333652 -34675567482851874479505417032392230107687 391
0x0d55edb68dcbc578c1091be1cdedd31f44bb77b17a73e0be8fb776f35c5077ccc81322f7add66e0ff61210baa87a5e12bc775fbfb1613a1d9672b05cd532db2e
0x0aed434cc23dbc5f38ad7d2209fb7fd4ac6e749a158f91d34288bb339314744ffbc0547c40016e66c2ca6e8ae3384312133bbdb075621f9d856e4ea8840da999
864175120484581453683482079962486176185193500155369104423588921177379322250834082489183304374038697487834084609675858746433355728113743766078731283595263 2345213059853990686430734377112881535288597324311654640757284160614336886072615533506009778908928061262783993052212051 169092785720876268956285913253195420778363781380393386090783374848588750235833258635790246999269541215965090543654508 -85378294492137407231705371104461517960971 391
0x0cb8877686385b52fe46f3b07509281374b405b18462c664735d6820846a3dcfee69549eccc88a5f2baf43226544a09a07d24929135f44d96b122767b7c1e6e3
0x0e3670a1593ff670583c19e52881c89a742aefe0948f3ed3e068725b9cae5d39e53cafd6d90c9b8e718b4a502e9e0265a58f982661d39409e6db1ed882f1c0c1
864175120484581453683482079962486176185193500155369104423588921177379322250834082489183304374038697487834084609675858746433355728113743766078731283595263 1025447252930629706345710573433171799317912764019794321414758915544275288572842143361179730925620239483100466177188249 1478906112378796093046161147233675403288912368065099248338950086327578273933511850904829527546631664796934195847722832 -47296124666442240982455426669987569700327 391
0x06039029967413eda05763e91e9ac1e6e0c9828606eeb75dfb3f9c748cdd38d43700bd0a0f88e25fee80dc0381576f6ebdbe250cad19764b731e34d92bfa7b1c
0x0b0a7709186d7ef92a1c1be3dcfc86b2cedea95f83d0709b2d28b54ec4af5a43f99d7c5353baa7a5ae30f7e3131d708d2ea2da7f79c905d38051c952d56c4a11
864175120484581453683482079962486176185193500155369104423588921177379322250834082489183304374038697487834084609675858746433355728113743766078731283595263 1005951590117874425622841812417261538946795087970393002612535262828306521438369284220799192433605223752651780653312119 1620398546887909772747055903076292957464241331623650713694431620739875556947751780883455816305123456741040748715438952 40761733744796746821971462836227733184937 391
0x0d9becc241f21570e8f5c61796e8085a229a0141ab59420301b8a7f1c90d0e0427575b419352e2cdff11dbbea9894a8bef63bbe8447f231e5403e03045a9b7c4
0x00a0ee25df3038b6c7f80eeb005d0e26fc5e94b3b98cdcd7b743db616ddfc40d93050e5763dbcccdbb5256288ac659350849349ffd647854669809534efdd8ac
864175120484581453683482079962486176185193500155369104423588921177379322250834082489183304374038697487834084609675858746433355728113743766078731283595263 263629849026032851822861235830084101445747482126126118516805910360204442874730503348390972714131926752998222002448529 762506110995131228551752459262839188406424826686304428317589538248781746850580076607052522105434748749602816226453024 -28024294055871513714871699697045464844945 391
0x0508a3c5af9cbb0ef9e35dbe830ee18b1248016a05d7566cc28b42f60874fc0a1a263f8c96c53301fe394566c52dd0ce1a4ab3c8e27ccab19520c54f6e0acb46
0x0a74eebcbfa5a1e5d47312594a61eeaa8f416f21a62735f60fcbc10faa3ada4085049fd40992ebfde1081ba0371a1e8d613a6faea6b79180d67f05ce0047564a
864175120484581453683482079962486176185193500155369104423588921177379322250834082489183304374038697487834084609675858746433355728113743766078731283595263 717853269622187630476777149044716197925920983425843495258562314012449885474924525103921256651780625406602858282093337 1260092225441235490587951738852524309336697386554074393522614968963542622972676440801206912558757707247570597065329252 41902233264146342108832397278230047721409 391
0x0a12a449d7b6c062feb42211324fcb3b559b15c7cde04bb486efbe5b609e9907caf90ca25dd5d97e6bc3fe3eafccd152f4ddce99bf53a17ee7f941305e8c056f
0x03466caadce4a9e394c9dd358c09142575433a85f17e519bf5427ff0db929a3c25064cbe11f987c7b6b249e1a827206cdb84d6ea88d30b55e2bb4eff5355e1f9
864175120484581453683482079962486176185193500155369104423588921177379322250834082489183304374038697487834084609675858746433355728113743766078731283595263 2333142873433897698854801873456054645179826265000781279508862568617049246282125736851928997364469268818582776350498897 195784377947568480563320831426357713603819540712787739791550011830387013964072388825226989013809338427770348604107820 85282376942913789766323719531916096930937 391
0x070d875c927f1ee87f78f6e966c45ea607da8a81239f626a3f84200cb6d7edf62cebe6bdd7628620265223bb0f6c280257c03edccbfbb82c4348798466b0bef4
0x012c881a12495904df133a32920f84512ce90b6e58f4255748e8870f1b5ff4723199da2a61604a7e5473dd0e98edbeb96f1fcc4ead8f00f8ab70feeb5a7b99c9
864175120484581453683482079962486176185193500155369104423588921177379322250834082489183304374038697487834084609675858746433355728113743766078731283595263 1349921037165028643801276586774171959711928063094823673120998577588655813993533185608720231398404162684686346225535629 2232816944240992814681327899657754165213252168947150722226549836424337704579916853129784376358429461805617508582557288 -768301885842144460947259856242387430867 391
0x019bff3772c3d8400f71d4b9b8dd61763539f47838eceb811f5c6f5463367e86a4f3f49f0ed019b15e637474db9344876cb0d09de3f8f90a1bad767af0cc59c6
0x01b588a61ebcaa363f0d29034379170051d00fda9760cc18870a5e8e966def8388b11b0a79fa32f88ef61591b8d3df0bce2566c22f54148e683b8e9736499942
864175120484581453683482079962486176185193500155369104423588921177379322250834082489183304374038697487834084609675858746433355728113743766078731283595263 2013549649261477299264193356586244641167917720939506059342233115883474555928816087368277595028114973209626004190947691 1718052467037902121934299797396357640002122524205183951830122779013585352565668399095228260191571956062250061954352680 -60366607863249687930386788571699829943093 391
0x06eea5e49af7b99c1b47a9a6d332aced7186ce0c5071ba2cd304e212bcb3f209164c0ec380990076614d08bcaf8da04f1263a8ccbd2815e29c9ee148d5e13443
0x039672bc0c37a92eec5526a5147b9c6d5c0a56c94ec13db0ba9f953753ec296529a954235dd2e048da36fbc52a6e47ba35043383e3fbafa8b67b611161cfb2e5
864175120484581453683482079962486176185193500155369104423588921177379322250834082489183304374038697487834084609675858746433355728113743766078731283595263 788170814364463837673689612861119888100691045890941347479898226293128713202750364351032919754640009730952501007076725 1591015478964666043230167018261681864524462141577337392317836209893805587890174685942301193972130307986616100915783260 -30852007729616906812122504312751617523395 391
0x04c64a3f97fc767a7c761f466289fb7746c89b2e11a1affc3f64383a77b504904e244694acaf666580ba10305df1db53e772d408088d323643cf5f3107d0480d
0x0b632982ce717c6e469ef7a886c0865e641da7e5aa4af4400de13e2a4e9183d2d74fab3bd9dae2e099dcf8d1588752749eafa7d2940c486dd2c65adedbcb549b
864175120484581453683482079962486176185193500155369104423588921177379322250834082489183304374038697487834084609675858746433355728113743766078731283595263 2297465415908478090957643535788398958096052929026040315788080857610410377381854069348271907723498634372784180286319137 2485747907625406749791745009563899102636119350888530415157581783597289572215642426507801271151443570569650302597758960 -12259314406169199331240665844559976250017 391
0x0d0b868833cbb5bd4f2f2cccd9e16990563b0881a78a8eaa21953de0e28edc2d303bb2eb675ade22f9112f79f6a615682ce0e6d2db801d9cbd3d3b9c3a56d0cd
0x03c3d77cd428f6a72ee33858cb03ec97830963ff7ed7b0a4dba0e15dfe8b0667ff116d968560bcad171093805cc6fc37355aada572402b49bb9611e4f177017a
864175120484581453683482079962486176185193500155369104423588921177379322250834082489183304374038697487834084609675858746433355728113743766078731283595263 1327876826276821186684901740148999393727524630349641390748743825396780320333507331801614173013373609232140302041315417 1500001820065096928490390340245777587964667461126391148796821395270777641726750516494290161353851577264504969845896980 -55728375754678427562133956305265071066177 391
0x04157ebd57ea38c0166b9d26f239b77b14ad93b679d409d1fb46cb9fb57eca4b239bfd4262c0d2aa5d7cd2a4379d3d815be81b7e916c7e4ac53ff88fff5c7442
0x07910c0460e3070e0d7935141385caed58cb7c6f2344f61bfeab10ef85ea4e1a3adc604109dd036422095e5714bd275506d98555ecdcc4578ccd6fb155f5c0c4
864175120484581453683482079962486176185193500155369104423588921177379322250834082489183304374038697487834084609675858746433355728113743766078731283595263 251341275418759549426450059751392369466410813458804161036663868442516843370575546686339438802333565995169250033042841 605057759891204980957061693825956613992351364341565752345793325364976318863374343855639169214172112406911049437646792 -31146897396808443093033104006810697916089 391
0x02fd0e2e8bb43c569c52eadf419ee2c3a217d6c7578ac4e317bbe39c8c5ea5f02ff11164f3bba20b4ab90e24bada85826d3e1938efd7bcfeaea69171b6281860
0x0dacc5ee292bc19f933273acfed75aae106af37046d1aed7602e26be90a7afebde92b60f547fcdabf986cef96c881a7fc94ac2805a58db952a0b0696fc91379a
864175120484581453683482079962486176185193500155369104423588921177379322250834082489183304374038697487834084609675858746433355728113743766078731283595263 1816709499557672395200367103477134270702643973854499945333889333899971094000079051189460137777179213601234724083619481 1693198433212948033930662934415500542182928449378556723509514335415265295908970636262611793791672594731272378130348368 -58871865108906129552010260985231277475609 391
0x061db5c4d663c3df7e6a8c756d9e8608ec7e94e32b8b13e64469efaebede6ffb30d09015d9c358b679116c05d28a8f9528f208ae2ffdb4f8c804ea7af5cfa4ed
0x0996f4fc649049a870eed4fdac4bc56592fde5a7a2dc46b9b8aab348b84d31c9ce7703b7f3319a3e2069ceb0dcb3fb887d0888081818c1b7c1cfdf54c5934199
864175120484581453683482079962486176185193500155369104423588921177379322250834082489183304374038697487834084609675858746433355728113743766078731283595263 259120384953699750188053347999588429743516160132713643375864092444050226638840348310330531275934979345931469716567437 269527389446764209867825975350176208398744432989108269385098608329776845644839112444618700919523235807355970519745360 -36749237470517008764791275059716339194867 391
0x008125d0699694bada947cbf38bd4358ef0ddf5996473a668eafc72fc41923d786740250f46d6bc571fc9857380f3d0a481a601dc3acdc59b396b5a51b063597
0x0a153e833695f894f153defd4267fd166da52e31b36fa7da1e8690c2b26b0fbb225c48631ece1e2c0e8e68935afa4bc1cce27e6c79299a2a54c654fbca8c51d7
864175120484581453683482079962486176185193500155369104423588921177379322250834082489183304374038697487834084609675858746433355728113743766078731283595263 763587661711008912842869199528496605681491477077664072390306619059288386652270247785574041528802942550532461976404329 1759155024575368536593341531976094370444355147922437937387086259261347598536665277256156765310997873786138405897173372 14166410029214186043202183962181827393553 391
0x0cb6e6810ee340796c23916a26c4a7b4f4f882b111ea8c3e27e5f1acb9b88a65964b80d1f6123af61372631bd94665e25a88eef990d80b97b67776315fba2576
0x0cb710bea042d8effb79a4214f73c384d41ebc7b37b54457d6953f2d257d46a14af098344ab7278c9d7f465d83384af199e87ab7a8f278300774d8f0a9050f4f
864175120484581453683482079962486176185193500155369104423588921177379322250834082489183304374038697487834084609675858746433355728113743766078731283595263 754452742371320887712355145500928042111684174251784718100227613548740866405286553863222609361027227858971110837578723 961276197708126619047340945328496616250535713026402613441968659076467440648501164627634126713625827443404429368002140 51721861939194428027536107353021012071845 391
0x0029fddd0bf2e9c6fb52439b1b3f69c41e56a5ef2d62a243486212479519254dbbe8f8931d87a03741968431aaef1b83ed54ccb76884dc826795d930e70ecab8
0x0aec92bfba1905b663ab302694c8191e0eb6cabd91de3f2e26c1ef2a9cb242e5671b1aadee7a78ad810bc568e798442c00fe9bef6a562647735f3b8768762c85
864175120484581453683482079962486176185193500155369104423588921177379322250834082489183304374038697487834084609675858746433355728113743766078731283595263 747159073413588337896027147415688107437159884543847940015703900376361689274969177562222600756454785618177326875789767 1606016136775292068416420817190634735486276510230631176113760443248184464354684062819643593631277705985500659067549912 27015988444325839529617259454823637932121 391
0x0bb03cebd0544e92d4dccf9a474ef5165b8b5dfd9deb256fe44341c0f859907e7a7c3f47f0e69efd1e5a45fbd4c40abc0838e03cfc7e521f74495a7dc24b4267
0x0c7d35366f2522e37acf21a12b31814f3cdc282cf93b7151937c973f36bef0a53e1c90de1df74f028d6c9247541736ba591ba1a670f7a196bddb73a0e2558cde
864175120484581453683482079962486176185193500155369104423588921177379322250834082489183304374038697487834084609675858746433355728113743766078731283595263 1332938577026785479667850074059880690862481895311909266130547793283088566128384003738813964185552768793277373990001711 1069597193814624172208896318628661025711176055474184171131067900320273585654152589909678558432293511204787256687229072 -66327996438670684019644259269995066311761 391
0x07c57d710c06a8ae1d167f9c2c53beac1dca3dbd6e208dc689fc41defa37ffd7ad975f8e397a2556944f0faeadb216ac29c080844d10390e3c65baf489707e09
0x060448c2cc9e3f74ca119925107f25b72371c4ec79da8a7b4766d7ba184f414cb2a040338555979802a227c624c0f0efabd20adb945634e65f2281a6890b3873
864175120484581453683482079962486176185193500155369104423588921177379322250834082489183304374038697487834084609675858746433355728113743766078731283595263 308560733872768041926228553950214986276818033925124733637092362598273638652097581139272297138627083510713670461651309 1071145244881570577084184476259802651327509927284168217828868353538080121092987314038380447628171771878264316290827032 19051201343369739528421746094049198127373 391
0x064436eb184cb62f4d25e11350d1fb4ee043d5f66315b5277c160b21b4310c4c4453998506969faf762100f14597fe27f8bc00042f0372ba3b38e52bbaf869e8
0x0999ae9691ecf8e8b9f6875d8d0a3c1e5437c7989ad09831e74f88b9c290988be5b198e332cb54ab5a4253dabf1c2bfa64a4efcd55a3eeaaa674ac645fbe83db
864175120484581453683482079962486176185193500155369104423588921177379322250834082489183304374038697487834084609675858746433355728113743766078731283595263 274694314227618824305650674679948478309855534720038614065727660619658731055671773284088503270578848507121190784193287 1036461247557369954929250201327998374191933689560412119825726881426264436174229442939385163636171039074625458128601472 16515013435345117475968586965245420784889 391
0x04985164ca7ebd4c3e58e75bbca3f4165bdc9fdea032bb76d985c0737e4eee5ed60c3ce545c06da0d0b2a64b14e86cab8fe62486964be413a2106136354a56d2
0x05d157888a0e44b0c1804aea0413ae957e93a2eb77fbf26e75f08c2a9a6c956b075160853e439092257fa184c7c621786e9d5e5cb85446659ab037a4c193c9e3
864175120484581453683482079962486176185193500155369104423588921177379322250834082489183304374038697487834084609675858746433355728113743766078731283595263 1170974921101940925218701421325716139831165353954524323071842540199769668089671527839420807856525435717987156552818587 1808001572714554733639751548025426577182896824477774690242608206399414214069088847560863735456291998366879395840369712 38270676122543398076787354730789149993701 391
0x0d7f866f8564e7e952f82a8f25162ebed9610da27a3c6b2d0ee9b472973ed06908354a550782fc2c47c83b62069f87edf0c6814ecba0e02833591a45c101627b
0x09a64bae110f392697ade069c804fce72c1c1590d6cb2563f0ef8070a85436babfe59dbaef835d06766fdfd84f7162c5b3ba5c08026fcca89e24f6b62ee9b661
864175120484581453683482079962486176185193500155369104423588921177379322250834082489183304374038697487834084609675858746433355728113743766078731283595263 1577999150625698076279528791809259846714954465022301541103071611911365962438005707544859655767166012187845461474782881 402853986787099387269900710437513198892076358589771595178541499462094496214966219836536772520223019293308331253570800 -78359353014641174173348131931759460552927 391
0x0c1b697afcede6e0c190cf851814595f2be4aff9b994a365c93503627e7b58b2f6adef7e5cfbf4605d1a57c37cace3df794bd7f3dde17d0d70993c7ee476c73a
0x0993991cf3274bc10fa01e4d7f4aaf51f9b75a263268bb1d4cde283d18e97e61782613b689e990a404fdd595dda629816895c7fdcd863d565ea37446c8a5debb
864175120484581453683482079962486176185193500155369104423588921177379322250834082489183304374038697487834084609675858746433355728113743766078731283595263 918484010761083426026063011940787159933426174695366111223619772710188842836490775923331667688451081488733121581152397 1529326944907143736557988165204984947740572490701627378812599651880932895036737117161498208127823313082279980833145208 -40960499694476300028181891293928327746771 391
0x0ec977cc812c5ecf6257dc60f93be27aa8687e837a6ba2c9afa826abf5b8795d84c41b19ec57a92ba0ecb21143f8ca3cfa73a5fd6c1f5f34e2c49e0c67d7ba34
0x00901bd66a95d731369b7dc7bad5fe9ec878708c685cf9a39da0ed1b51ef38a3fe999190831a773d6dad6dcc115d8280634788e9d8320e74ed99aac5681677fe
864175120484581453683482079962486176185193500155369104423588921177379322250834082489183304374038697487834084609675858746433355728113743766078731283595263 568828068747440232890022279344739763659342348789096081611993025595836114330210622032160478992505779682881740121262789 1557363292043820614316236949061599602559211263799894164187613570400740751593035891129594929449017514583114198353039992 -11779695155768367488546128547569649286757 391
0x07726510e0983a8ff546d0a6d52bf1f9a308829f2ba4116711e84008a68daab7308d89d66fdc56cbf798b9ff2f0fedc836fc7caa11d66bd302014f698d9e07da
0x0c1f7ccbced0848f3b563a8f9efca8f8cc006b5ba8d96c8e7fe3fde67db9b4cb237858ad49ea8f058b936847f0be0ba0f7ac3a7e7dd9a95b867b23e3ee41fc3a
864175120484581453683482079962486176185193500155369104423588921177379322250834082489183304374038697487834084609675858746433355728113743766078731283595263 1614229427364726668186109820412619090405797911238147324410441048295268359297199664699442888728944073465758292873863281 1358956537855531449710633390652700267873781898823046366744634493355015669747573502011730717565955373301426300506538300 65334337259720406836708911671500211363623 391
0x0a676d50d5c36abe748e76870a3ec9605b0f049fb4e8b49727205efa0d6fa559c2a63dc0fb4d8b777fc527a8396612f7129ad74e89ca0dcd3f3b7512878316d3
0x09091412199658c33cad50d2398e5204bb47b308ec387d5b87d0736bcb3d61d326ac107e59c8a3937ab9b8fcc5facb44f612a40b14660334b15d84b5eda03f25
864175120484581453683482079962486176185193500155369104423588921177379322250834082489183304374038697487834084609675858746433355728113743766078731283595263 1663291153335336401130225099957417231449374797302502834701848759816889239332354551779023473898560859192353028942572081 2367271068071641661763298470626759774045806411945842151324418255070220660301716832807718672503346044240130358559795560 4592617125266811326263708441137242672977 391
0x019ca74a2679e8c4451358a12bd565c5b4d49bc24daafcb4f61dfc780d39eb3cca2b8953f46b49f371c58336e0864f817787ab5632533d4a9728ac159de276cf
0x0aad75353953dce431732c2ffbe4c935241c8d36c5515cf5b3e85f2e499a378be6b5c556e9a14e373f781f2e3d58e9981e8b9ebf34564bf3733ae391413195b0
864175120484581453683482079962486176185193500155369104423588921177379322250834082489183304374038697487834084609675858746433355728113743766078731283595263 1828467477042714962788164498987122790143601524829345875899594105178921386539571371498380380149014058539199717853952579 1951569545970205518274179952483992610104763119878453104264287857233519160153922840250671957458069349770648235275772308 48940868760472454075162093604243850578043 391
0x07d410e3fa8156691f99aa5e5f4d74705c430d6469d04d7432e250257e120a492260b96ae56b4fef4d60b8d7378d8127839a6b4d48d5cb41f7525ff9aa992ede
0x0b1f06a4f36ed34b2dac5b74a328429042e4cebd740be9bdd5282d06a96c3fc1d1f6499e34acb4474296d5026325ccaca1a2eafa6ad35ba4818af82c9a622fd6
864175120484581453683482079962486176185193500155369104423588921177379322250834082489183304374038697487834084609675858746433355728113743766078731283595263 1954718551311002211800081178073274270953644959354611549328949137066293216747132040429852405262745669857565455287523359 861601126289748369413980177573837214032676258136889952369164662352882269528129704920236000938081376211714730138575868 -78278529772049436634466996198417257679927 391
0x0ff47b8b76493aa8ee2cc7757b1bc37d481fabcdeb40ef6aa472a38aef6eef02de7e904e96405c1db04f456fe36f8fea0278f27391730f30a173510e4da042bc
0x0aec17207471baaca60b643146453438e82d5a9018b87569d44b9bf7d05b89f569809937d1e50cbfaa4ddefb09e8d0c83e30044611890ed4c6ee3e44fe0f1d7b
864175120484581453683482079962486176185193500155369104423588921177379322250834082489183304374038697487834084609675858746433355728113743766078731283595263 73517515550253855077197538510853374187543945141779742623111904285842377714756316716039842366433615797980448045358829 604445463026922158030585597498901244693218619173619875584964730944722286215928489014538695049326721830660832867171476 164096976423404861099322554435225467595 391
0x0f0448358e1a699e0a337a12975b9095e7449de454d2a6a65c30060a0d0d8089601b2a7432983c331a71dc995a6cf9d9f18faaeeebd5f03e850964d8d4ea86f0
0x0b16d917be407fc81011c91653b9ad439231f2a58db251511126c6747d086ca327927d4dd2a39ad5b7e54684232fa603ae1b2488edfcf804af8e38c053f869b1
864175120484581453683482079962486176185193500155369104423588921177379322250834082489183304374038697487834084609675858746433355728113743766078731283595263 1998388033694873725316323477134077900379781567095799208381316980599794318126299397921574356469567799600683686916715429 980208120553510961023014698591387261032034801289936873577848945555903971480598933813691086244379233542110715506994672 -77005460472809414605727283804974027311653 391
0x05614c8f2cd14d06de8b96dd13cbd6ee5142b426040f0aee4aece1ef0fa85b12d9d31fdee208c363219160e214021fb29bf70f613fb9c299ed64ac38357090a9
0x0682cd1352b8af91ecb963adc4a0eebff32498bfaec37e7fb2d651fe966ca0f9ad523683e80f02fc594d486f13f7b078a9acc18c33d94d38798941fd0ceb1723
864175120484581453683482079962486176185193500155369104423588921177379322250834082489183304374038697487834084609675858746433355728113743766078731283595263 486210302960642615294300966039216154066336751439865632647619424853963784185019662030352016739495334426118359919470425 1251895296135877143989152585717596505175198583655379506375962933727294027825938210280342521763627170219089985353691020 27394725713222350849116862898281700282175 391
0x00d6f13693f7266a2fac01590feb370444f4841ba8173820b612d0be16b0a3e2ef762e33ce08152108a33dca6cb7398e38165c391206d338f82fe0a29cce26fa
0x066ee723b421fcfdc3129d81df1e730f08378f34bbc655fa8b829e5f26dbb0306102371a2d3292cbbf66aad6bb63a6f441538b9ee3b97e0e1b974d91449e8e98
864175120484581453683482079962486176185193500155369104423588921177379322250834082489183304374038697487834084609675858746433355728113743766078731283595263 1430222015228577747712443537066242408262113753761064219080695379793635778863205000403281145500712062040255795601121967 1856045557772077750153288770583272925301217878845766038118005301824419832334664802726437721769114037617115041829929088 44649790709215409284904279880399655107921 391
0x04e320b9b9a04cc41ed6e4ce3b5ed54f5dd1872c7fe35385a9471d02e6ccb142907b16e645a613df09ed8b3f1a2dd9f61bcfe70a35e1f60e073f17976e1d890c
0x06997279020c97343c0b2f413c3aaaa7a9fd5e26c9d47dd7f71a525461eb31a0277c3f5e2ddf75409fba9a34e8fd4c135632f617c3382ec0a129092dd235519c
864175120484581453683482079962486176185193500155369104423588921177379322250834082489183304374038697487834084609675858746433355728113743766078731283595263 1462614889200653538834321744721669220288730579274502263335231659084030222884979855312999709071986800558860064893067727 1415216769044348948598830099472823827917435323561786791303929928355738047864250381957847943851646201349567070451205768 -61179558095175370413611046103372359756369 391
0x0b75567bd4d4d89260060c9d10e12c67bbf4d6a7d2c8cd107122954c04c550f3a87e75a85e9e05c0d818ea0aa562eb928e43ddaf02dd06f1f4d2c7e4fd2d8047
0x09f16121a54f6d364a6ebf312a977ceb7897094bdddfaef9e70cb1914e18296443df92afb3a8ced201e27e8460b0212abc8b6c08e0034857f99706674219c81f
864175120484581453683482079962486176185193500155369104423588921177379322250834082489183304374038697487834084609675858746433355728113743766078731283595263 1185991511660038923137811001401708721338542885020769522143954254391139160923850212800505861344249963494799992084663959 2135744207976576262312969688404171436578174107541021653096417314323181841618383149256814343322278047533730587555747888 3955045293660310112872175360917319605783 391
0x01079459a0cf852b1ba2ab3a38da4b24c6f5f43c9eb86e2d5a942d1a67d1aa176646db88d46ff3b334fb62a5eeebdb23186888114452100dfff1784a5981dc0a
0x07f8571d30da91b5f8ca1eb81941bc96a45eee42e3e23a71fe54b26045fca34148dc63b75b1a89bf260f2d005c51db434787ed426b055dc9ba6377f2dc238ec2
864175120484581453683482079962486176185193500155369104423588921177379322250834082489183304374038697487834084609675858746433355728113743766078731283595263 109437606224673878906007318093701982892939701736116032806445542109034446208157857531889415582512531741857143527490257 324357329955268062830920168327511771537292677111928167196092091527599723763619913085092683387046542946847511304587200 22429711964072202528114892533713062180143 391
0x0ad8e0140823213ff20e437b1696be599e9ef2711ffafa272e3b8abb7598542e298c88b8248b2b11f135c658cb3a2e8162a5337e41dcf91a10873f68fc22d156
0x00e5e0bf4dabf71f385e9d923ebb6e26b2a20cfc58699d40de7faf1044a920c8cb39cdf6158bfed6db427017ab76e61c0a9a892d710a303186e1f8e5819b19a1
864175120484581453683482079962486176185193500155369104423588921177379322250834082489183304374038697487834084609675858746433355728113743766078731283595263 139674000665257007039902794614674787169357731775966948892512431429280051817522348534128919760325359700555316592316369 149860910417896306294698714075836246101292683675484650316557525203304858972603151572904597336393780074729778486492324 27687459179589250200805801313851550783815 391
0x0d1640f1f7607377cb0d80b80a6a205db9fc114f770e1a01890d841bbb6ffc93f820562db7b430d96b394b2729f15958e9c96b94748752daab428c976864a894
0x0899fc7468ff1cde48a364de9448a841e5d938a1f1a3457e9a87c28f6d0514dd48450bfd10fa2a5215cdfba58d13b9d258e77ee70544636be1c88b8e8c0f4d9e
864175120484581453683482079962486176185193500155369104423588921177379322250834082489183304374038697487834084609675858746433355728113743766078731283595263 1492229649231965198129722681310447305496561384657551342217250810230978575282854333150310511691030438245328239478935301 1274920537771372519927573265171522403405572880765211290695210673955707519515597168327750605269244436697636234660060560 -65201606653307264831587157928708017384837 391
0x0dde72e1ed27a0c3e687b1af1ede9666ef8f60a65e2fc4a82e590a8a8fbc108b505655abc95895664ad7a6301da09b3a3caf45cf4fa1a1628eb545160472b229
0x0d0ef9c9dad55723422dd842c4d9fa7435bbc84a5718e72020aa92b2ede22d3184473f48c50bb3656993a0a4ee5cd85e94c70a6b4ace7c4dfa218a9179d4ebce
864175120484581453683482079962486176185193500155369104423588921177379322250834082489183304374038697487834084609675858746433355728113743766078731283595263 1949147345124989666011413907748285242117522705456752426952179862234623881710462268120272332075550461056321873747197217 2278118704198428527003629181834269875471958141178003905712548105778485341089537505804567425142582636710876268260313328 -31204034746884278859272952790928914546081 391
0x062d78a071f421ea6f2ff2bd390754754db0929b2f1ce90ed3a80080c0df537d162253fdc3ab8b69ba5a2837d08fb27fa761e4c271380f1e89f5fd644801ac6b
0x063a4610d36c531a7ad5385c6fa6d290d51e4b98dea336bc9f3f4f6cc5c3ab39f1fd08f95124e22ad8cd2cdc30518f3f2e39f5031149ce228a53c706eca63134
864175120484581453683482079962486176185193500155369104423588921177379322250834082489183304374038697487834084609675858746433355728113743766078731283595263 2004190809386769126100146253940377912509662179378984613287868224608563372313473676646848267751987893814005740235896499 2382442943185851923672319883308511695453872114435424032829736146908802678876935354382465838609707007914604209295852848 -21920268749896796738165674493472092172237 391
0x0f0d791b96e22c4228a78ad58ecc2e81ce18496f502ea466c429ad67bbaf197bb1f608671ba0629a0bd2d41a5cde63f43bd1f66fbe1358d424971a4d9ff8fac3
0x03c7efef52f7e1a3e6ea907df8fd9aed108e931cbe2e2f4837c729581303a1be8e6f387fb05974801f52c46435b615296fd0d18d233b6525b2cc54843c13d28d
864175120484581453683482079962486176185193500155369104423588921177379322250834082489183304374038697487834084609675858746433355728113743766078731283595263 1848259020438604641333487473776197557874694717798933939841229428940417126383047202178467516285950446217995696479004975 1909683813744444359249134719148101681615115095381977518454581821561777004040297930272000314777923241537909820942221440 51123977072691991860601890099832274798895 391
0x08ff26c0001b37a1a28f0ac79a743389a615b0e79a97940793a09fe1fef1d91feaa6783bca77dcc70f11225d316deff232208a988ad3b92e637feb1fbec8b108
0x081b9bd33894978ac7d07d765751554d83dd959bed0f5bea1d38b27839a7e7e11632ab35a3e39d3c11c4a6121dac96d68144e5c4de37de784defa2942a1e19a6
864175120484581453683482079962486176185193500155369104423588921177379322250834082489183304374038697487834084609675858746433355728113743766078731283595263 2067028844975915114813356184422074606206722577760273297693779424735283682681174378915257816853702902887152689384305831 335329138780660511857150934927221923592196083990351558249570444123855543562038620158817112940191950786793147176520960 83601601772590907078432144600651702717273 391
0x09d3e62463073af55235fe3fe2c04c327516c9670fc2f0ba6097424a965c046efbcb6a1d9f8ebeeb8ac9fc50a894f984ee200a12bc8ff5f6575afdc18ab53d83
0x0e2cf31d3bc2d3ad3b9c41a7248f23891764b6cc5527a1005adbd1f61e30b015d9c881e1edb45212c7c1be766aaa910a0dc71693c131e6363fd6c92dfc7b3fc8
864175120484581453683482079962486176185193500155369104423588921177379322250834082489183304374038697487834084609675858746433355728113743766078731283595263 1937085050340389140948229292096972214290793156617504615629672144113325236360499241581927432873928188547447482569153969 2134349631755717372554144814482766767389129955552685156605542958562281922912473727567237550281915121297307312672003852 -41129336362053806668190894998798010722137 391
0x05f73c8d72d1ea42597c054d89439cca647e18f397fb2367bfa8166e550fd897b7d2764d942a099ad46d563ac21574cb0d7ded3075d1916902367c361793965e
0x029d1f987025c4ac5216953e5162ebfc2b8be78dd1ed9c852483d829832981c1495769a9a1eec725ba1c13eae80f42b00a4994baa5486490d2ca3b41e551fa06
864175120484581453683482079962486176185193500155369104423588921177379322250834082489183304374038697487834084609675858746433355728113743766078731283595263 676563207847738039820485793325380557189910880060863675468860518875707829792043146168053231563992208088961650128526307 1607638235961614954268894161933433977674195694808600161157721956042506634354671522801282370828629644279165216288083560 -20691289667112355173159971637574250396093 391
0x0df09ceefa36604b88e3e6d1a84a115aa7129b1afdebfab958a2a8b4c6c8a07768c1ca1d0456cb80915f2f9915a51db63c31f3889369e5850c0b5404b99b3635
0x07bb2e9a33ded2c8b2be15830284c018c508846c69b33387204346c367669f2a10a156ef35ba6a5205c0b70a18dcecccb8e08754ac55beaf05ab483f44d004d3
864175120484581453683482079962486176185193500155369104423588921177379322250834082489183304374038697487834084609675858746433355728113743766078731283595263 1295821384216505916836265556880516426441813462539395917658437472898687481460224130201669917750973543230277012911024087 1453629597882308191691584542601886577038637736439933476074198868527017151460304899249991703090412952831072363442211288 -56341707083619824201822276511328364799049 391
0x03a09c67e7f422259d1281b3b7b2e09118b1814e65bbd8c3a3cf1ff6b601005a1e6ffaf751914373c4130942e7e04868929015d6a30015003157d78c7ca16e44
0x0dc259b15e58313948fe9b46e7b21ef26d0340a7837afc652548ceff7e348855235d2c3fa0169da2ef99ee82b85b1ea8266956a214362b8fc7287ba02f10989c
864175120484581453683482079962486176185193500155369104423588921177379322250834082489183304374038697487834084609675858746433355728113743766078731283595263 136949551316700822375172186921973658487274511121453642013766705462468535628613527737572869908985096988730644727583381 819703397911520834082257415239108464753368901124965961845915413775400381850245681923212705240897338692099532387164348 -187264082594186425891024999812520167389 391
0x0037f86ff1856583b9e71e444319c189e2a393ae67b4b326cd1b2322da37c6bda36cb653b2c397df3eec8f9dbea75fb40be0d0fe4694f3c2425e9b72495083b8
0x090d93792c9240d2e3950fc18891fff495029da154be3d526f015e535049da2aaad33f3fe04774bfe07ed166b34f62f434ccb8b8039ee96df3cdf30e1a410a25
864175120484581453683482079962486176185193500155369104423588921177379322250834082489183304374038697487834084609675858746433355728113743766078731283595263 2026588258932458540477714505911426354166396456360867387301481327982319733679661999762140453206131589880159278768391011 2350909439741669629280492036867892445178210605446874594725361487221757170512117934046086474397449040337413580058938048 26066514110024806924810526795260082953059 391
0x09ba58150edb7c2671366fafadc8f132143b6260d2216186720d9fc295c43379e9819f8a827d2c490374d73324a7ef8ce41be3d1abfbecbac8a03011213b4ba6
0x0be4f25467015f195ffa8513860756eec50609279ae87b5beaf04268f04aae714344aecb965a19e6ad79774c5acc7f915894554d3dac46dea442edf84b41a574
864175120484581453683482079962486176185193500155369104423588921177379322250834082489183304374038697487834084609675858746433355728113743766078731283595263 1801084150530762667251465259945549530335997944240132693661910206000598971824131937671932584396206740884931525043515707 1196392509018772150001721696033026799098602073852220959781256612079969269359349757355785787049736565499359982728050032 -71423502168932443672108758347080674254149 391
0x0e0ffc783e96f86cd9ee4b2d24df5866c750c0baf42ae6fcd38ecb131a5e91fceb6305739767f22a86fe66442adf2c37ad9077b7c21874fa718ca4b34b734250
0x0f089822d761b27430eb70e02da186b006e56e35ca0bc967c357a005321db6fd5b205742f260cd09e78825931aa84057bc1790ce781faca1bca86baf38cb0758
864175120484581453683482079962486176185193500155369104423588921177379322250834082489183304374038697487834084609675858746433355728113743766078731283595263 734425579857638770506109367477778436689669695519157515335660841886286999341127785091714205590038564445476510577988891 1444667805105667660888885326151793485820634465505771916892260569314119154226155141697500515999278834475118984006699172 35312417009083525111076791832380549083859 391
0x0b535cd31325fe935b25e9109df725facdd1856d4af24e59d15b8d8e9c6ecf72382b765110ae470041d885bd5b73c5d482c787c63d5bb97bac9f4be4a36fa2ab
0x0288ad07a9f66a5cfb2a0f0e1f132a7d7cbb3571a28a0ac55792a67994bac1a8dc57eac27c493a10bdd61ee06bd966c3e2e4bebc654fdce7b2421d61d1fc823b
864175120484581453683482079962486176185193500155369104423588921177379322250834082489183304374038697487834084609675858746433355728113743766078731283595263 1821888476538556345007030197099130278749090925733586031478296991789495980812743208851695858516348986467554651798320141 2002516810763167094943582347221861067303811416459456619824483641958030695101602352449252523563904801661748678501800460 46384162828156910927786124204590865156907 391
0x04d054d54def06136ec75b4d5730765d745fb4ddc185eb66ccc46922118871177b59981a3aa80684d1ba8724e5c057e2eda5cf1b3575fe9b2db24ab8394fa80d
0x0b03664f724729783205af47f8267270683719237e92f725ac14de185449ea075c350dd1ef89eee680b10b67d6cf707fd072068c6c7c3702077df65edda926ee
864175120484581453683482079962486176185193500155369104423588921177379322250834082489183304374038697487834084609675858746433355728113743766078731283595263 567531197108628658223539513811006655662617184634202251043785241734425493764304679820795779705432363777199683320453809 1054581654935543252998878910306055697062485297751428203346646111272460639266904678110437552996532180842001980169182376 -40651459345686105419546723331361191700945 391
0x0b092d347f9ff2825fc871a046cbfe70d69846f55ae24ce9e9461d67093452dfab43254ab81f4112edd0f1cf0924588758f2f1afea524f01b54351059cfe84a5
0x00deba85d4d844a6af4efeb7cc39e6476647910a7c3adbedc51a19f3f4039ce24b0bd0ae6a07a9f012b485a74a17a4c2314e711d65ae478703811b20a04b5d62
864175120484581453683482079962486176185193500155369104423588921177379322250834082489183304374038697487834084609675858746433355728113743766078731283595263 2315594268901800484429065844581497378529802188345549983290005212294780182748990042690588729751274835418429186723041499 2213635266256529795160582249461351877767249264460170007320885950972659066005419534782248042300630764470399626593730628 40485404049778254208078533458881355279853 391
0x083d74b7690d8b2fce3df6efdbb99cda7c895bfb5eaac72fef79957ce4cfbba585b80ca9c7f6886154c5c2aa6a2b2d067f075ff0253343993a33f3d37667aa0b
0x035d35f7dca9a831e246e43c1c132805e8f242034788b125ed39550149b436b019b7e391c7e0d843ff9818adb52817ab1615c921955ca4385ef35553e66b0648
864175120484581453683482079962486176185193500155369104423588921177379322250834082489183304374038697487834084609675858746433355728113743766078731283595263 1038263320749863000467989684620605169365306637061109785463752907874594478283243638556633183251688227504829109463835729 1524385332989573093516017140427703460222898381489325215639132964940090436961225016322214762626402003470974728835566976 -46076665183634269766735796064063194891345 391
0x0b8025818be875a7c1134714fe6edbd34d5bb8d30a61df10a67a61605ddd07ea3a97fb2e8cd94bd99fa22f11a838243c194cf4e496fb04b8decf52333cae07b8
0x0956a3c54f9bdcb775db088ce88823342d338457629d68dc7ea7d08e9a01fc50282ba9d01743941e7790a18e5760aca5a808ce2bdbf41fb155d8133c09937350
864175120484581453683482079962486176185193500155369104423588921177379322250834082489183304374038697487834084609675858746433355728113743766078731283595263 485816392779668994635951183653016425502410078624635590847887095488341736907455296418930085861269517761441543962037731 1239615180562483679693337937625016483383475846848702558892560767868503981778125479824617316990225772764761467217386320 -28000358071387725480759246456903366109027 391
0x061a4c2a654af81d6635d4e9b0225554e71cfa1b73abd4ae9f3c678564ec81baea07cb7fb05d8bbf973897393fcb8e29cc6e3d6a2695ff04c6324b0aab45053b
0x0f76f1ee2147fe63b1d569115bdc2ce8d34607a94c22bdd06c9e1d9b2e5b59f3a774645ed63187b1d82799924fe80ab1022a57cd68a502eda9efbbc5d0aa56f7
864175120484581453683482079962486176185193500155369104423588921177379322250834082489183304374038697487834084609675858746433355728113743766078731283595263 1993707652295640680419874818570779406256921360607612779633461300728052030213936628840059683662902700842213878078576529 2367540843517155366284197532278986276257259628514279241618186866163176216678747310934496010470777931266960085299449924 -23446212229460017899363590481094472269575 391
0x0b3afd0e759dbef86bd63a39f2651382a024689d8cf394bd21881dd24b2adda2142ea447188e360d8ef066b9f4abc61a432dffbb82664323f7d7e7392eff26ba
0x08ce97f3cb5c6643f755c34510dbe40d20d7d741f9c7fa8ba498a9583f4bab94a62bd94cf920be5d4d63641ef19b7c51868d6d836858d435e3511390f4b2083f
864175120484581453683482079962486176185193500155369104423588921177379322250834082489183304374038697487834084609675858746433355728113743766078731283595263 1988621913572859126305159351850096417078731403109786054576497194439038460946379076645478595494881262416419141202758447 78057676092334515268817737603387118858882743631741842701115550287999523374180249001868442863107920454839784352989060 -83801385350643447533557285864634961893063 391
0x0637754722a6230c3d9a20cc088fcfd39f4ed7ed5adf647cd8828386cb5f6d8b12fbd71a243e15574576a96b8d6df33bf7e0ec1bea75df2cc77595f0a518e63c
0x0f2695ddb116936b6838934dd21771bbe05a2f6d7b6808915898f534496fe0d27b55f216a96c4ef67f5e18b74fd4427c148c6e392a2295654a8c996aaacbd6b2
864175120484581453683482079962486176185193500155369104423588921177379322250834082489183304374038697487834084609675858746433355728113743766078731283595263 2170190660651093874365797217273633937867390197567496092869537904062025828804083716020811518787204051522266038859109699 2330801546002461918402426549507370151018018703498564058404812095749837431096239361468681247250384259566839384383474948 30481034938172879422780311083394476789563 391
0x0b90101839b25805989c763e92e3d46d7ec433e81be2004aea1f51c3aa396ec7725a6ee6929a57d23a1d23ca9ab205313f2bc31e6c8783da4f0060a8cd0f16c9
0x0987ddff84c9f835d5ea0d4576bb5c69ad7f20415a5a8c87dc0119753aed494773f0ac2a6a14e962f04e35429a8eb6d79af19cdd5ec977bc0095d19ddb33634b
864175120484581453683482079962486176185193500155369104423588921177379322250834082489183304374038697487834084609675858746433355728113743766078731283595263 1877809704002288972446095524045962652276479652915127816075195691326201909288024594113347599760311627474812596590245347 1597921306944804681136707881134151511697358794658879980477318808389835373129919054303031791867897775965862261530670492 62642828704725998033358014261513630360229 391
0x0009488beea488016560e2136c97b611501eea5bfd746fd689c1242608b44627e068f016376fc17244cfc1c2b70caec8c6569adff9b3dd15a357403fb8626346
0x07392ba11b84a9bd67908508fc3bd17bbe2907ff7d2c230d1dd928133914c567d5664dbcb371f5dbecb12e87c3b7f08c0c439251961023d135818084e07ab8fe
864175120484581453683482079962486176185193500155369104423588921177379322250834082489183304374038697487834084609675858746433355728113743766078731283595263 818249510116876835662812102368909105265079730630118287353232686389798540872545693808485692033029565935397756472597647 754370549081442471094732471014005252939686268771643491184042775375454427230835312149693106130753483092392465984721572 -57811290888650296005738842606099349200551 391
0x0a4d6937a91d3dbbe0c041e5c282ad3ac24666ce7cfd9c13e8ac56c0e93ef6aca03190646689004eb9119eaa3e2c9102a77529dca4de457962dd1dda90213d32
0x01dbb4594a9836a893219225e5d0bce05485a697aa35ffd590442a3e31cabb4285d109e56b421c099213a5c6e8b81ae233f99131cdec10df371db2a8840a6bfd
864175120484581453683482079962486176185193500155369104423588921177379322250834082489183304374038697487834084609675858746433355728113743766078731283595263 1084779969540188836119567855563593387682609819161519720529546808127492488149284414267314995266068519941516212402779473 438675181367580134484167020425801358865914359413593486966072070307997851936840187543519817413212884014220954541878440 68895268996291957130570704483809636446095 391
0x0b4efb90266026781cdb714452f5b2364dfd9b87399f596f5bfe912c9c3e986bebfa5573e0f148a88fcf42eaa9213b17b8fd544a6182113e34f01b4c41e01c10
0x045c3ca30e02aa7e8d561bf21ddda881afc81b088503d31e419e327a8c8627f7b6905cd925a573d1d7c8d233e2e58eb1ed8c9aa7ed9cb4a441ff9efa63d67ba6
864175120484581453683482079962486176185193500155369104423588921177379322250834082489183304374038697487834084609675858746433355728113743766078731283595263 1566885342689458976538843349533930438937615302934187488170872881409273301608275212220981364823590087874032553194814131 2073998098612051649943935583934799936849000205922583870012142778814260967354210564813484583326646925052774931284792420 36414672598950081911692562974479320242773 391
0x080dcf296d32e1f72d5517d174c864e9cfff2a73fa7a827d917b08c44a17a2ce3ed273dd3ad3e59f024b82e1e8918e47ddc3fb5bd2173cbe0414b5d5fd900301
0x024756f85730cec6432065ce773b1f91b3ab16183ff83e1f25c9d4c9ac36996afc9692137ff7d3e63af8a5ce0781efc1fef5db625f3e2ea861689afb35e41b88
864175120484581453683482079962486176185193500155369104423588921177379322250834082489183304374038697487834084609675858746433355728113743766078731283595263 401897945165539281177238159685905984855707325916323673287375845176031004544074080294854859189005600582472484035189451 1361226701542697121262575345563555171722133595383907960052660438562431756915259310167401888639740887495141607915008980 3802456924055588062786645599661618440387 391
0x04666da76942789bdfc02ce93b2237ce6c46a921063b0eed0593c40a533a50e57ef3bfd755867d7ad31286bf2b31a7c2b573f320c9e0958f21a4fa35b06ea3dc
0x0b4e321ca667dfe7c980b713bfa3755d8d305aceb769584f36ecbc1dbe8e737a76eb527b3a5e7a2cf51bd2113ceb0815aee47470f714ff20d0020936791b4549
864175120484581453683482079962486176185193500155369104423588921177379322250834082489183304374038697487834084609675858746433355728113743766078731283595263 2311668753450158056040870858422265811274025973220488406075324614817138583524196389275403213264769606577405577178220459 1376543055938327567626958193209746663267992764138789546158037554737902986535627930621502646381738659352075651343599924 -71518116020523412185874226316373226840285 391
0x0c4678bf4985dc830e5ac35e5aca278998c319a5f9fd72b536a5364d0a832c46c1ba8f081ddbbea27a29e08c0c570ce128e417aaf374f9da93dc78a85c2811fa
0x00005f24e7a00b24009b60029eceb86ad13bf1ab3d46c342ce35ebceaaaf01c90c578b10a08ca8246f2cd61621e270bc6cbf194d9c4d42a456c11f829d997284
864175120484581453683482079962486176185193500155369104423588921177379322250834082489183304374038697487834084609675858746433355728113743766078731283595263 912680442403746359515214587783768626636892272150368775913293876577747537343979359676815378309802289518744491757851219 1845329519255522170370379572687911935287084840751460576817315474642458858217767288447815842722024862974656696734159952 20547027703535614299713350117646567236563 391
0x0d39b8b4a272a4fadea9799095a9b5c440b0cffcb10a78779d78dea0c7e705179d7720e9f63d2276662829b10f60a50ac24fd37dd79cdf3803ddcc4d6eb73143
0x058b23c556da1c6c7427e85c725f9a470823fba41e6a8ef5bf2eab0d84ebc5e9bbd8d3d91c2f00ed83a9a37e7254be17479011bcc5c858f786eb9d2532dc314f
864175120484581453683482079962486176185193500155369104423588921177379322250834082489183304374038697487834084609675858746433355728113743766078731283595263 1126742973269494758143693862856009969864450267948321179465294760582839438668023109673972767759282357869293608895875007 2091230482838357585013450853148228406646373943333478251555491162433296846280335668979011457399926106964528858557973788 -6793648317044317574776171659440986495319 391
0x02ab4c4b9a7e2fa6aef7232ea1b49f5e4940ae2b7e71a5ee65ab4f002b0d98a511ca1af2153b1c2edce3e2fe03d31361628834d5ec6f6d51e8cd605859e3bd9d
0x07848d12c6889893bed375d1368443a0674012672c592a4f4285e9b438c768cf871537cdf009e2b86ac51d20b4fb4b4d8071948c1fbaf2507be77c88f43e2a20
864175120484581453683482079962486176185193500155369104423588921177379322250834082489183304374038697487834084609675858746433355728113743766078731283595263 1066009487756609738952982935132126674358044733196794190031034319923418331066698007428083206774917168987604353721482139 2042381913225173499029283280537477900494692952796779465867351356627994305621713342160931969238536494992373908356705132 -8914379831745364510823930814644938926573 391
0x0d28fb50aac7a2a0a2097ca4196c006116c3698a457ec190179141e849c5939a9f8c598acdaecedadec26bec9d58e272110ae268949d06d044f2c35eef7df5d0
0x106db3590220e2a1aa38278032c93b0df1f8725a883e05151c64e9066bbd5bdea6dcadd67537d7903fa64b6de63489ec81a395b431b1f844e2444b43830f1f55
864175120484581453683482079962486176185193500155369104423588921177379322250834082489183304374038697487834084609675858746433355728113743766078731283595263 2392321210546668390051412648020534166224902412885497781399296548599497493165709411472271373987052564955775590306413559 2066397618566112941861749492107094110052481880059934461217995702307100974258958257497412599594593674016189454536581732 48970285937677224507141444592587422100273 391
0x104fc1952f3b67a751314abd481cd0884b06969ffc9da053370182db27863f99545f7cf298f16f89ccdeeaec10da81a6f4398c2089b60971afb3ae71787a64b4
0x0cd2050f4211a98379dce9ec88f36fe2d840fbbe11e5c089557ace4442d3d285e9d5b7273345004c9803cf8aff9283d0e2b7de20f99d0fbdf47666a71504361d
864175120484581453683482079962486176185193500155369104423588921177379322250834082489183304374038697487834084609675858746433355728113743766078731283595263 1232194412547036308980028208091022427352584684779966291999575916680128928118085968542318387187310340474189535588504849 1488008018734510153828518232893222580063630031368322794639022804772099845755489522252359703438631801349513166227156592 -53592527425556060036522290433016692499857 391
0x035d163f17ae09758fc17340b61aac7ec084ce26cb84ab617652e339cff890da0cb01557ce21c34d6ae61d1975ca6f3ec312077113e4d07e4e7536ef3e30f145
0x05587e0333c48f8296eac8e06036766fb84cb174b9938176fce823538fe04a07005428018f6378ba1d2340e7d10a72191bf891ad73e76f3ddec9fb82853dada2
864175120484581453683482079962486176185193500155369104423588921177379322250834082489183304374038697487834084609675858746433355728113743766078731283595263 1815128309443368235481813074877091397418014368441554483602685163540783428670618523310217332620145674359043920107225239 2136278516321645357644591853176724395467553827764009790746298763244284963180290773720089576405772115847109724960655076 38728068268702250028951211835687903399535 391
0x0219aa79111d6757c25dcb47277c2c27682c8fc63ebc18c095804d8ac1cfe2c8b192fef835eeb756af842a8f38feef8d41f7994ee305b4b2cf1e48cd1284bf3c
0x032f527d52f386e72b8c52836cf80677e9b6e8c3314ab3393e4b450b3da0ec0980c8f6e3a0c372e2531fffe6b41c8ea7922ea87d9746585d4172abb35e39ffcf
864175120484581453683482079962486176185193500155369104423588921177379322250834082489183304374038697487834084609675858746433355728113743766078731283595263 462622127091304451322910826122835911304511244678873090983604553545932398577141227849993403041992288822042329082752621 1221953744196036914136146089695540380391393150844314644388184605059976470635881949230795178785660550542145428262907960 26915025396528192613843725050804210729203 391
0x05d89835fe7e6fa907d5eb81f3004895ff1efd61aba7cc9e5e4c511aee738311780133af6a12106f246711cb150ae6cd1fbfe4801009551b03d25b852e8fd97f
0x07ffedc9d68255e851c483132638e6de3f612bb5e8617ded1d94e412cd6dc26e224b82a42e8f15fdb52698617266ce39187ce29e8ba6c603dc2b9fe514807f55
864175120484581453683482079962486176185193500155369104423588921177379322250834082489183304374038697487834084609675858746433355728113743766078731283595263 396440956350136314190785981735405692709585312523381780515154371965242394335848209656964244575849303867415258199380881 313720825628898243182217193418249761603133789752088583339869349646427458937172600813114554861552292769811789080045660 -44921398236203938573112160369153743519623 391
0x0f599fcc61450c4c98d8ee39ec16baeb5a1f201258049262e70d9d12cf7a4f4997b009aa5ffd7d9413ef0f8f7cb43b1526fd103930706e481b9580ef6dee4fc4
0x00dc11a4f184ec721ac8657f2a9553e074deedc2d62b9b376690ab4138c0e22eda863d13fb0a14a833a8d24bcb5f11e8221cfca894b655e9e0bb5052eb0a79d5
864175120484581453683482079962486176185193500155369104423588921177379322250834082489183304374038697487834084609675858746433355728113743766078731283595263 99897897974636693603660400997616765075642552822886596678981207050687982728100309388815455113327667894189506168712841 564958378407685647980960206818618237175861753297413554562270827404751509037934774742477037189024680585269836966739088 14217139508699350103631396179694997000969 391
0x0043ea6b5aa409c2eecce7cc3e93d027d1bd80ddc20daee408aac742adfacef7e67a4f4e67b075ad08a55446506d03fbbefa821218d1c02ad54924bb4f3f71cf
0x077b7811a2a8a76663dcbd7180c11e3a3b91f9365e39105ebe4bfc0d8d988e43b40458a3ab07e443d10624bd7ee294403bc2435272bb67b4e468b1fb697de1b8
864175120484581453683482079962486176185193500155369104423588921177379322250834082489183304374038697487834084609675858746433355728113743766078731283595263 412848111892412131631555803215100256855838100291803877292565641567586713008188723174403006553742031112813317657417427 946929701302800626077983622476901475692456541059527895904277551126276365391464112468991149465691711164552932759998768 -34272473277376099325711282366947435569069 391
0x0f0ebbf3e37dd43d028a903bd4aa61ebeca8ed4821460406f40d60cf8e085aedb59fd86c687c9e10c8fb5bde20fa12a9080782bf3c817b12928ac509f357bfd4
0x0dfb078ee45baf0778ffd3e94a240abd456fb13d690d5add5f50bb254a629bd85e3853b0c88dd1bef7ef47c410d36831e9e801db4033632cc25d2d9455a04d22
864175120484581453683482079962486176185193500155369104423588921177379322250834082489183304374038697487834084609675858746433355728113743766078731283595263 908561786504552576192105300300963840867427172195858872101622781213391985502736913075744139172853147357699200972920227 1501665246326497539797183510297208294590024179763451341363325458350104218619579781213813712157967666253245731497156640 -41687560714058578231693520354677088277597 391
0x0fcc52cbffc1ca769a798fda266119f53c385f47cc55a8de9920fa4dcd8f20ba58d3509a2ddf4810a385f70bbb4875fb04cc6b5b4fb232b9bd9ae52317eaff73
0x0266873e2167c07401af7f7e31419b43fda3e4cc7831cbaaff221ff92c0221b4cd2b6add5034f4aa92cd45f9be9c1ab9f6ee0835bdecfa8aefb87b46f5a56372
864175120484581453683482079962486176185193500155369104423588921177379322250834082489183304374038697487834084609675858746433355728113743766078731283595263 1670434939821059950889715181606407666282415489778910532001315949873402682893108013808165175251575491341480945655586181 854392438073183371706406556735625914376140098903959692055225371437054699528695745856362682069007381872167301219381928 75334387762223708908858176879981238278181 391
0x0a363347c26d57a93ef19583e862bd55639a23216c8a7e8310f81d5e93d89d89e926ca0f2566a8db933bb699f04d486df96ff04a5b9afbbf92c6a1d19d20a171
0x0a4ac1f4d5b9a75bce8015e56eca663cda3e6bad933334032be74a8a3117554707d1a04ad123f6e5e7c3637e00aa060909378eb01373683bd270708a647ab7dc
864175120484581453683482079962486176185193500155369104423588921177379322250834082489183304374038697487834084609675858746433355728113743766078731283595263 912815759724498560291451270670294223419515289808163278432088487559991483235184115899499464311419242311916165423236349 1930595241115045863290037795549440989482606601202522905802008824717482039449438147845978099094036571753063288160818824 7079857827257112321605345928895507703395 391
0x0be60c5a7676e266b51e5f7cd0f791c4dcb1bcca1468867985e0cb2acb257a87abc19b36fba84c05b93fdcd937b3be87078a2e571ee73ed27b0f6b464607834f
0x06e6f4fd9fbc2fe1b9a0eb34e5e36b49f70eefc6147b9bdcd93bbf0c73b55e5bb91f9f2b41895728f246225f9e48b548a2f69dd76e62f12234ba27bb06654da0
864175120484581453683482079962486176185193500155369104423588921177379322250834082489183304374038697487834084609675858746433355728113743766078731283595263 2111453561260310333087973065767385456819161210882704669220479232326402391023985490427583120838423983188294386062577647 727418602273170275945412404422115807782543361067502501981771582569367188145632607690500923616345214425621809169678148 -80941390684836994961778599055738961813881 391
0x07b93733f0372d22e02b6a4ea41aac57862e7d1a057633113918f86c9cac6b476cebf63e48c23d233367839c811d088671d321acf672b7d101e0452bd8a8655f
0x01e5949e6a44c590271e4ead50c750ba1750f66de409b52afb7261ea0a132581ec6af09397216486b4a3ffa073879eafbb52d134dfc6e60f460f87b9ca1b0629
864175120484581453683482079962486176185193500155369104423588921177379322250834082489183304374038697487834084609675858746433355728113743766078731283595263 774195057819795945097235996332522813329496430446519834916042101962375106190646706115010196464690281301412249636478951 1653138462538295464800112998823955442515473196650095567610055106161703534044739274843239794552575425036654570985042160 25735895342473071081273307396174902639463 391
0x01cbc1708f3aabd9756f70fe6466e4d91f5d06c83fe544beab652d7a35e5312c004f4c45b39ec4c7890b96b2efd2b399f67b4193ae8b3b4b996fa1a5432ce709
0x0a82f8d41ca38f041ee3114d4f247cee17c13be8ee9ca1d88e39205b0633e2d1c442ff717eca8b8718a6585d4cb519f582dcf56f73a75485058e308cc65cfa07
864175120484581453683482079962486176185193500155369104423588921177379322250834082489183304374038697487834084609675858746433355728113743766078731283595263 111238253278308619856801475450250413058038166013128029222314473481984981645909574649287131110894725626700797966605767 192795638234912516702326856962992418366005595865423443188092450905495544356016234770728349871152676446777864833548772 24328423403391990088801762464419102105631 391
0x077c6ed6045a0f8434bb08b912fb9a5a04acb4acaf9bf5857ff4126e8676e15f48a2d723dffde493f063692f37d3c7927836529b5c607c236b50ae7827484932
0x00c168d3a8f3bf5bcd2345fb438235345b54c8defaebf16b345ab1df37b57c5e2d738333df16f3c3e40ac8feb052fb58822cb0d24aef9732f38e840e62437760
864175120484581453683482079962486176185193500155369104423588921177379322250834082489183304374038697487834084609675858746433355728113743766078731283595263 1612863525071400466384221433071184266589685224186881760782476117957778794976241621927556600886131118032871010250150327 376645317866219711827725081930397937969600548462170166189105002533407690116321130566385823122827718978068702408616748 78984619301899057755679200657810548997199 391
0x0d044c4550f65c7b3e211b09b45bfd6ad1ca0f48657adbf0bf2c6c8375d862e70183c3a3f2b73914db615381a4987877bd4b2c2f8289119ef4bab429917cdf10
0x0af2c7d9d79cbd6ccbaa25d7dab8c701e9e1c44a487ab5528dd39a9101844bd6a8be3898052e9cddeaefa6a1346716334ce2dedc7adc192ee4af991076e796f0
864175120484581453683482079962486176185193500155369104423588921177379322250834082489183304374038697487834084609675858746433355728113743766078731283595263 1317817067566187848228723663616147147551890664052727347310916072532415986391867926082348113084173611874681494963176357 2209332155463135085108805036569278517562501344655511709763332508842621158977192924396058114682011931721866650122705672 5749119965822003266587429726637180163909 391
0x0ac6dac9e219a107d95f6d96040344aef3ca19deb2cb7a4f865244c87e0202425a82b4f0396ffdc23f0aff37fe32d4989c8364d902adc28cb0a1e5ec817a7adc
0x103280057fda7c998527d01d4526c85d424862f48da33f16d4c92849541ba725599d278ade9efe7d9f92b26977c1cb195daba26b98b26553e57f68917529da70
864175120484581453683482079962486176185193500155369104423588921177379322250834082489183304374038697487834084609675858746433355728113743766078731283595263 575152221024669023821795907940871859210910844986273866514475866829951816084013555688165250849817061470180768602331201 1596571213726419857410451593963292129114365112291145407138894527268009503819538244117216551724187251647586716756849020 -4919657743589601709765384635345192476887 391
0x00ee3ec94d41fc2febb8e2f52406f2d22997619001d4c0d81fe6e25b402bdf1a262872c9d135da4f0fc77cd1bd0d2cfc85283e51f2878bfbeb76e087c08e87d4
0x03e00743042bcdc712da91375a15dd9999567c2a7136f0e8ad394fa1a3e956450b4c2020e09f489f724dda650ca86ff852d488eaab33eadba88e11fe9c289290
864175120484581453683482079962486176185193500155369104423588921177379322250834082489183304374038697487834084609675858746433355728113743766078731283595263 1938899247501129634847086357722257668097018117422754116731000730244648357027013397317346853160843062028495044963731779 2197371523526951889995312891873085623180575196098743104775781051975655272397500777954421743912440047896846567261782292 -37123750296309271402533684657946756784507 391
0x101ef931c62be4c3aee754f4c8fcc1c2350e78ac98e7b1f1966b8c683ae33e48353fdf1e3b8eddceb1d5ab8b09a4fdb59c92e5de613659043ea722183c9a8878
0x0cfbcf3d3ff007a3989acb1747d9a2d55560dfda5044b41b2efbfe1bd2d51855efc69186c7a53914990f1aec4a6a36427a6cebfa54f98951ef1cb11412c1cfd5
864175120484581453683482079962486176185193500155369104423588921177379322250834082489183304374038697487834084609675858746433355728113743766078731283595263 199297037057948055024360021150312655792441775907703147839977975648494187620007603325100029744528812078833401896693669 832840939064806535321806251011374148322453434116187428852997775687859836894283027714917583959251550315861820704380912 -17734786688545692149425621635121125333467 391
0x0b608c34a48a0a6d644b283a2ac9e04e265e9640045fdd3cdfcb234207e486a80507bec5d12b3b6ce94f428d8d9612c6a2e83671dfe659c22229b413d4f658e9
0x0a3be77d81d47dacf83990cd39fa5550393615d129f6524b059e4e1ca7ff6703a435404391282a5f87325e4ae7bf1d8756700e5005d32dc67a2bc7b28eae7950
864175120484581453683482079962486176185193500155369104423588921177379322250834082489183304374038697487834084609675858746433355728113743766078731283595263 2510590032561804721351826394529590865381764121444651109231897261349693011918943531265250866341969733665678348826078001 1145353616919877597380926126746548065628008374476049276950710537945660737078420575905431076673743525154982624396039600 -76422712380638212874586359205932407185487 391
0x0bcd3ae7882296fa4e3ad0a606723d10f9f71c4672ff4c2b9bd358dbb15f065879435233d688ea5ae75030655b3a768bee121a1e16f2a66394c52fb4680691a8
0x07ad351c63f8b3be1ecc4cf53670f43970dd8e2ab5b89623e7826c4ba87320f346fb41cb78d9b48e1224d2d8304f4765d1d36e334917e3a25594212bdbdf32c3
864175120484581453683482079962486176185193500155369104423588921177379322250834082489183304374038697487834084609675858746433355728113743766078731283595263 1550898475309122262534679939402609923615024806164820215618005666193194767804558438847981309452747779826285771626111169 852941497111156773174142892430141065212788750092086984015983658339389303375309651023617928720559834484906079393158212 73662015569305342559004135430882146305367 391
0x06385bb4da3809381f6090fb6aa23239c9d1bab8832ea069a33d90005b660d00131f8c4854fde8934213a4469b0eaf7eb3b992f3a134a2800b0ba00b896dad17
0x0904039b68098d597119743e88b13e52e6a4339e6637839a0be9bb494e2412136e1470bbe139c539345398b69fa3da9d32a58bad3d384a9a629da253b0c74705
864175120484581453683482079962486176185193500155369104423588921177379322250834082489183304374038697487834084609675858746433355728113743766078731283595263 1653529835241137059414245628859240301658171211302945660700817671759722363673092150622089529787289749729199795752800357 2323938439169704026188513905970400787472643604079221535021449363365305618670218600973720698390967000751410125159825600 15389015095819492989813131988260074862693 391
0x01b25a067a6cc87dd87066beb05393fccd6c4b2ad3715810ca7a5f38ee30652df876dc56c5cdd7bf7c86629f2a6cf3bd8cb1e86efe29062377160e8d7e89dfea
0x07532d548fc34258915bc60efdbfed92d142d161054dcc5745e9d5bca77e37947f0e93acc512fc0265ac3727a66b187f33a63cc5ed5b7c51cece60912fc0b24a
864175120484581453683482079962486176185193500155369104423588921177379322250834082489183304374038697487834084609675858746433355728113743766078731283595263 1713524451334640412772958457242375027272799169224487362186391091139379647505389487826995720644626058403451912902987551 2143686290791964993112172951061453859221658500668551065642028375191441693075083151502282073656814555153786414820938108 -35847938443794596173403823385418866962121 391
0x067ec60b37a2d831a295d01fecfe48fba18ba205b023b42f0d022546aecc04acde1729e15e6a5a7eda6b14ca400ddff63dd6742d23b42a23ab4b72c7afe921f0
0x0cf8a6daec8de651a8665185f13bb28df1e4178ae008f70d72d34f986ba90e5c5800d49ac8c44447a150dd31ad309b0570c1d69fe9788f7ee3e8d283ee4841e3
864175120484581453683482079962486176185193500155369104423588921177379322250834082489183304374038697487834084609675858746433355728113743766078731283595263 2504612211793868461055592798848532459735082834246773321039095560006308033609486514574727072057705288567791187777588809 2477137895055823705707930053525609413729512522926400228615829219967459432709652740460698754591983607171434428995156088 16049831278486560707858280820741547231383 391
0x0454adbae33526ab8c9302c2311a597e4f666694287b36b155fd2d264491ee3d2fcae97d2d203ed5cb5316b0e20503f7e1f356b57ff315a40589ef678489393c
0x028bdce167779f9872b2c6da2ab5b55748e537640465efddfc97ab49969f180926f0f989aad4f23e6d7e8ea1a64c976e2aaad737d5f335f1e62b2d8553f928eb
864175120484581453683482079962486176185193500155369104423588921177379322250834082489183304374038697487834084609675858746433355728113743766078731283595263 2017724758169338684603737644375947077594644833127097049722730375433618763744498675784021907008662266748640586749983747 1595401353200648783645539214374279048650459186736429289529964302594092228556429702650893221255685157245306971984734460 64181704483207677585637038752730819678213 391
0x0038903d6e2b9796b263883b1b94b7fd7421b7ffc999297619925efcd88292b33f4652fbaf450ba8909c9770e1e826789777b990c3068aa70b9957eb4aee9a6b
0x074ba569c6db539e5cb480ee99ef020fc6149e5939b353550500dfb7584a8ceb1efedee895e9db351637c3cd407422cf6bc2de3e288dba3f8be1501b17659be3
864175120484581453683482079962486176185193500155369104423588921177379322250834082489183304374038697487834084609675858746433355728113743766078731283595263 701823343345978213891597802881218391056712948138526320902068192607074419571753405809206448113052585490585903982409611 1745380635660715687595383590569408564662244309587402100815724257553632473492134692891496517275978904162339234978185392 903950230884584633988599598306049547531 391
0x06cc86e8591e98ca4a3128491a8294d8f4d1771b3735e745428531867798cd7a41c88fc60702e8b6f8550d28932a9e04b34c7706164efa913108a2c5b07db70a
0x0ae1d2792c3cf8dde0c6fe55ffe834eedc1ca382dbc202f556021c462cd94f960930b3a3b08d719d824c81042b3e933d92d3b41c0c16b7d805803b1d8f3db5c2
864175120484581453683482079962486176185193500155369104423588921177379322250834082489183304374038697487834084609675858746433355728113743766078731283595263 1054144806038858608355809473408639326844762233594644035258832487636490766450278349165425738130694578314274203763630487 263643185590315180048307758456336250749874317719098315560403915574028221305919490580861504283462103244958257295282860 69179773546918025752418020955143115563217 391
0x05e6f768727028e69723c60789cd06ece75b3d2990fbc2d5fdc7f4270b8a4854432f74cf2327990ba17f5307c44fda0b451fcc6d807ea73a1319128a61cd1cc6
0x008ddcf78f05fc7d698b82b46bef9d95049141c432aad88839bf72bb4cfba18e3020a509367bc41e4806f4bad9ca64c9bf0dec52259a36d8eaa1df032edcbe78
864175120484581453683482079962486176185193500155369104423588921177379322250834082489183304374038697487834084609675858746433355728113743766078731283595263 1976357480148498382115905420152975901150842682145812958032843871894637560554720665219390666944257791304365622216140671 2106459702447839931688254065271976352021270672495455657792064371268557403209994161087791171700385839918367559796777700 -43357138130427075126952011854089960596247 391
0x07e1c1f31bdb57d173dd9d8052681b26f0f44891b2835a4711a4ad5bb2d02698c525226c8c502d5e570b8ea42b2fb500051d735ebb4c402954b9d03e31f1d9b3
0x0f2089d4176642e7048bf7d8437b81f1451113b6c4e481cf4743c289cd46305e916602592be5005d8baa2938ba16d0d01f5affa6e5aadf88d7197b7cc4a81135
864175120484581453683482079962486176185193500155369104423588921177379322250834082489183304374038697487834084609675858746433355728113743766078731283595263 1470968842389168554674804795371916022174468317021796720279080532977908968477843388982474102117216795324096007003840097 2272901851195017540111647248415015238160040942149557717337823255468190251254778480274483318145838889889931488469142260 -10144649307111528895813179334840053401737 391
0x059aafc91ce2c99b700faa50402d686f5eeb216c90b96d9fa07662e4fbe0b3788d04d44d7fffc855c3962496fdf25f19e6b88d08975db4096e52a701c0fb58b1
0x02a4c7f2aeb2d6e4fe4e0487e6b727166865a3369c495a841b2a0496950e1a6df717ef1b9096ab5f31c3f1c0af0044d39cb35872813b885b318a390868717f61
864175120484581453683482079962486176185193500155369104423588921177379322250834082489183304374038697487834084609675858746433355728113743766078731283595263 1376184477658524126433125053151533660790679685214363503061939532815774875220653116797079562486968456242044661957475019 844037590774454273398846889988508912803295945115338248459181403387866484648095470722863435537144448770304463038219192 -70821612014898622060301627656088650670293 391
0x05211079ff81978a89f5daccb6d460d7c304c80f975cdc8717140321ca91d5330c551aaaefcb7f703e2b01cf30a5a4fc6201f3f09dc0b967be2c21ecb7c24f8d
0x02a13efbf29c8df7e148b8009a68d7a7d630d69e793432d7b0c56383bf11c89acaa47ad12cdaf82f82a84176f3d5618686c9aa2ff51c08b24169796184f32e71
864175120484581453683482079962486176185193500155369104423588921177379322250834082489183304374038697487834084609675858746433355728113743766078731283595263 1484823952425219735295758043696898447488429972213301777089909020987591136668753836286940968441145357674712567910363141 2297210502912681266868422275242016387431218106669324282264823927627081292131415188358000058993502180550397699511571840 2798357188314144341057149252221648334843 391
0x0639de2171d7076853561ae33a09b56ac4b3323e5b7097d8a34ab8db37f882cadc4bd70eb134b3732843f8a704c42705afd79f9697af84858ede2fd5257546f4
0x09ecf2dad5649568679c980d642be443259a27452e8a3c7ee850d948ec77da48c02f1a8c2e70e8dca8ebd9739bc2fbba1caaedfa5f09e3a0551e8352ce3738e1
864175120484581453683482079962486176185193500155369104423588921177379322250834082489183304374038697487834084609675858746433355728113743766078731283595263 1860340950688170889528425010917669733512866158755125189659186145354005262171129999841116597106931645282609662960208337 1810426075872099353882877087885439914115079662159630402315159804458950751610080731140337523097787265892320065354371072 -55313734565064237731790893984466582500911 391
0x0b3f424976e3b145fb15c2714b6bdab2b288e0ab210c1232b5cfcc6e4176f6576f1d0608c848d1047d10b81e6631a6381c45034238f06ba3133550bc4210371b
0x08856024be2f62a61bcb37719447cab4e63fbeeb9de9f41ee6f6534c53fb684f143e982057d82fd787cb2984d5cecb18a74ea2877e8961d5da3f8d4b98dcf9ea
864175120484581453683482079962486176185193500155369104423588921177379322250834082489183304374038697487834084609675858746433355728113743766078731283595263 103159724480365859558794972648777607060928228256738968827488755532605915324354044963104511660802800489549457495585225 286117049253562690673294817879861081940901429525240660065248958799203141745512898768687475359409499632345273526352740 -22248856397659476863484328492755944925455 391
0x0f62dd7864cca5d22c590470b6d2ff8e7c9d1f00e6a9e61b2f29465301e617a47e76575199cfc0522773c8e6589dcdad686b6a54ddc5d5d6adab1df28e6983ba
0x09cc07b7c0ca2654536bb148c1adfa7472af877fbc9f90812b25c2d4671e02db0d8b1f52781626d4d84c21b374c70abcf6a4112d864982ada08976b240099cfd
864175120484581453683482079962486176185193500155369104423588921177379322250834082489183304374038697487834084609675858746433355728113743766078731283595263 1031372318168737975665533609578276896094984147552970948958058732838686575095306238438921997981106109111987242615664999 1066085691937366709244555912965972885613030515920259647681927842835397985762014335010811099776310239460250662451921108 58933479670169318901574406161385712272257 391
0x006b76b974256b335ec7c9bf9de1b6ae3ce003a0edb42a2fb48efab27849be18084c08c430fd524a7a9cdab42e1a6e76f6ea6c0038526740b65698d1596dbb27
0x0233e2fe73764fc05618e56d182a76f9eb6fe229b4239a2a78d588be90510454675963084d4b799de8e6d9c7968f31cd0c70082c95a1cb7585a6ecc74cff4552
864175120484581453683482079962486176185193500155369104423588921177379322250834082489183304374038697487834084609675858746433355728113743766078731283595263 684271093580177542140337480593755544658018974608648752530097395024273957710997148377545845022447474808882303631064359 1446030757846404245964556517976570886437224039128098287083282860067312309872763058534526380101668666301044012407079628 -32125316731359978483882689261870289465153 391
0x02f007dda3257cee06ed6f61c273789732c0735b1085af2b8fa547bb5dae8718ee75919567b5dad0a4639bb0ed625529ddc1064ba86d211524b5b06e9592c247
0x007605d4dd4b153d7273c458a021f459d850718701a1982682255b34617f7594f7b0e32f09678cf4880d2e72805121fc6bbb55408725336418c2a68919116f0f
864175120484581453683482079962486176185193500155369104423588921177379322250834082489183304374038697487834084609675858746433355728113743766078731283595263 2483935291432429477694106145256241384736779260706327383245994398211329092063320641148284475783396687807181055444179681 715824579262643749310835951476830635349661348288087519506926437499739200173688942443688376916654585488132602170018108 82243543903601332698185046773534708676151 391
0x038f47d27ed080367bee7891f8305d2ac75c8d93037fc2846fc14e3199204ad4e5e1e9b3ecd415f089b4cc3d19c3e375f0c1df511acd690e2b131c5fb93c1c5b
0x023909693965a5193e0556e087251e888e66d330db91d58c6459e95bf73cb88d8397103615e941d1e88dd94e93643060f5d5ba167ef0e30c93d41fc11f9e3b20
864175120484581453683482079962486176185193500155369104423588921177379322250834082489183304374038697487834084609675858746433355728113743766078731283595263 1756329878198233568131270205366738994248743471806172180655353689203316780396792358163073615179231988486111658526957771 1990196939963325017904542632341697381861733318046558591597052704428996829642751495959292516087112052410892378835489980 45795793743299641550784832643981577481347 391
0x0e8384dec2886f81c1d081b136631a57975da20d982d93ed258aff99ee352f65e214c1f0c62ae5a070fc2274176402a601945fd93ebf362babb0990d7f3f6b45
0x0282b321d02322b533c9077d276aa3a184dbf66e46ffea97086fced5d5209913100728b4fe2ce2c6f3fecd50e10e31ebf2ed0ba5ca651c8f8789fd2c5a2aa2f1
864175120484581453683482079962486176185193500155369104423588921177379322250834082489183304374038697487834084609675858746433355728113743766078731283595263 2456198935601713847404308651894157486521476416383877871454669855677370881544868720321321286010925293034691045088301641 2506370136195913697603416769231177938124395181365600674139704767807995322037279674388817189961385508671406070850005072 -9186465838394930601897047307613387547959 391
0x0d5b7a2852da5ffcd71255c3eeeb5bc17cdd2f320ccb6231ef5dd07482e2e657c897fa884882c21004cd7c7b0bf2a805a3fb5cce338a4328bde36af763289664
0x0d165c7e9a7833c0e2ebf3ad09f660c584f9af32662c6cabd33e354fec20d863ca78f61bfc8d71e46e13779c60fcfeed8fb286bc90bb79f1f08a1911aad81bd8
864175120484581453683482079962486176185193500155369104423588921177379322250834082489183304374038697487834084609675858746433355728113743766078731283595263 449984402759842743540939217690594710206853034783620585711195126152420870385059208343946033858502152051402142684516539 251266474742920535203243802566184352694382917909770900852776436315321970230970660034848645769563815280258009957783124 48154001820248123012488268506595017881395 391
0x035109b07d8e19fb7b975190694da3586ccf5b32fcf72380774ea7df21e9fb9c76d1f8d74a85425b885152b7a9088489f2be1526456311e5404c29bdb894b51b
0x0ac7f63d80c82c1098ee25a77ab6b6a680dd5271216b47f02bac4350c0efc680e39ce12e27b667579f29b144b493e6b495810dc9a3f6bf1e9ee9eb5a4442ae71
864175120484581453683482079962486176185193500155369104423588921177379322250834082489183304374038697487834084609675858746433355728113743766078731283595263 1717625391100297616112849973325776543644535392067137349309337458419671502817111772840255392481342902614865709598595431 2343592719884428924960677756741851675814513524729718185321918247919703209125267328859263963532181355301409348121142428 -15959331370432001956116165925465257264319 391
0x1047632926f26fd568663ae66e9b033a7138b19a3a79cb671f0b06bd87faa78a7e7f9d76fd109ce4f77d13ca4e6cec03a8b385c0a184eae51831ac0c21727eba
0x103be7a1003b1b6c236c2993ae4c275ca0233c9bcda42e5b56ea7a63c87b0c02e03b4064970d9e0339eafcb581c1b7d98724bf903cca300cd8600e96806f4578
864175120484581453683482079962486176185193500155369104423588921177379322250834082489183304374038697487834084609675858746433355728113743766078731283595263 1453049287152419429355603409651468003275328993329979514710618422616023556882402429248370127836929218606999655143725637 1171549095229721221041729619086718612984134995234162479395980359085658246227276562597836270133859821610318063489869712 -66699060834437101521253947832146098632901 391
0x080b511c3c6af9dc4b99a5e1cc8cfb912524d1846010b0e6da4ef9373ce455b049cc1beb79d763dd8cfe0ed194b643533c37594c3dbebd59ffd1ee4f9c25256e
0x08d84710272e45222843a54ffeff59c0afceba64c9ac89252b776dd2771b7030b473371c6629d68278c5573916e3cb213ceb6142e9931dbb14fc390f13a24a35
864175120484581453683482079962486176185193500155369104423588921177379322250834082489183304374038697487834084609675858746433355728113743766078731283595263 2436929187036974197800730206486413593537838308273729477862148181389868300815388072790528369212566301691682465027218873 1695762638164307304419428789410162663390567033058186823210171361457795663836194270217231290572047230998659462887584420 63424713124439656469237621720399308692895 391
0x1005b4591dbaa3a7c8466671e0b8b838a90927077857126f9b70b959994424b72239cdbb9cc16546e68472142c92cf3e8f480b2c6f99ab4a1dae7e0e2bb65cc8
0x079ce22231547f91f72aa1e22c5dad20837517e3d5c18efa230f0415fd0271c08f3dbe8efeb36292444bcdcfbe053362a6e5bb34e4d6fa017bbccc5ab1b1183f
864175120484581453683482079962486176185193500155369104423588921177379322250834082489183304374038697487834084609675858746433355728113743766078731283595263 1039011172146363633044545358966383671258610194728703044994788667249968615810342530640867849430403244157243628896843411 1967914920861046027033806244123286956096097155885995629715209863783406449997404361535445188669226906907976519566828932 18254763653934478061121680412857629104629 391
0x0be61bcd0b9e278d99ce3953354a98baaba66269e5a5f515e7844b73aced24401e13a1a366a88763d9d7cf3715b3219f1e120f0f48986ec3966465e3dcb09b90
0x0797ad675abeb409c9d3d19944fad15025fb1d415a6b9d9abd88fd16bffdbf7a14e516db1035715842a8f1eaae117b5380019331352b4439577771119cea14b1
864175120484581453683482079962486176185193500155369104423588921177379322250834082489183304374038697487834084609675858746433355728113743766078731283595263 2096121191003436618677132610926875313863715970822398804549937876205143664925588919664722971526201456925789631788052201 1211081920476059893134894535659771638307147537325061840095794209333298278482919983197008585801861802401729976567550028 -73835860912403087275870356694676551933649 391
0x0e9f91303edf211342a72283623e6614d078f23e1ccfd867050d67fbccbd4b65b28dcfd9c61dbb805122ad514c64108e34cd24962d867e990743b960ae4a6485
0x05368f05f099a209e0c7c288c67f1453c1d7105feb81adfc7cd297fecedd2260e1cfd9d0f1cebc4345310bf2a34e7adc64351bf80eb8642c7494ed47dae68e22
864175120484581453683482079962486176185193500155369104423588921177379322250834082489183304374038697487834084609675858746433355728113743766078731283595263 673637461262962383065104881338031477127954481674534388263745522532222144794143498020562425681813306361350686229999725 1284275903908791368942583557026687631308721463404202100165279879748164168116659574879759726968938386579525622384471760 -38700642380244466811971904469568691783405 391
0x003335856a5cb19e84f8f7ca1a09eada93b0fe96edb1721c030385ee270edb3373bce1ee8f2401ac0124a0d36978a4b86d347a0f946195bbdb7011079eaa5450
0x0d3188ddd8012c86470546d4df8e7c46727f5e10f364959d33fe27c4586885d2e47f6a3530f023eb2b376e7a9af871e644b333e144d2b6be7a3542883998c4e7
864175120484581453683482079962486176185193500155369104423588921177379322250834082489183304374038697487834084609675858746433355728113743766078731283595263 2264831434672028626692695417168891520231248540090126765800594361977578348790230236680075627716931589499236302575492269 1623182191415841461429310203401164853868611618351793411532298355185640927300950150250485784839176598668066040919532548 -65064571521360689626667439555156650773813 391
0x0612f7fd28c95fa11a1c05a40e36e08b6886c25ea397fade61111aa525abac6d13b082811e85a3388f60f0d0690cb8cbc8f40e3e38235ab81024e24e4db3d2ea
0x0e8d0049c861e45f8c01f4107f3a4dccf6c3dbf8446c903f997a3c686098d8824f8c6d3bbd99ef5611496e7bd0981d4bb2cd8cfd2f940d75872b6f79a294e248
864175120484581453683482079962486176185193500155369104423588921177379322250834082489183304374038697487834084609675858746433355728113743766078731283595263 2260810701754405759322848246159817654208987776150059198799782565805138871436351001380376001474508381128825830247456647 683284112363610580973104181893606114278714555549505443278366870805584315171986905738224693829087047282205979202944848 -82094814831636098469400007603314282168569 391
0x057010e347f7f9a0969fe98fcf143fd5623537446bf5aa2b3bf162731aaadf2f853b3e6ac1de6f34c8b88e8e71b66fbeb8026e3c79f60d49e6de110c6f9b2b21
0x02283c45e4055812718217433659bc2857625c62926d1c0b6b3e7e445515f82b02b45d8aef4fe77d11fb67c8360c3441041ef1bd832bd1b94bf613d0c6ef7cba
864175120484581453683482079962486176185193500155369104423588921177379322250834082489183304374038697487834084609675858746433355728113743766078731283595263 457539522512843760773584829879841226845334815320639800817450082463909782463928007857424254007638269144201165008233649 861766654459662356545359142811585426984593254996527875496411553513659706791008521067759016684780972814125931313071112 39606308056418020663501992208163918081233 391
0x0e8409b9e77d1c2a575611950fad238e9454bb65f72cebc219d5852d94abc9081d8a1ca9abb100ce514f8c7b3ebd84cad401dbb7d795a7121e3f213771098150
0x0038e7c92ba7ea1a9108161994630d7f2e972492b794a99ae461c5315b83f5688f0a665563cd9f11123c3515b6827bacf282b06de05ad79289912efe5e4396f9
864175120484581453683482079962486176185193500155369104423588921177379322250834082489183304374038697487834084609675858746433355728113743766078731283595263 1891192737729136726229006114129329586363436882422558315574459173174905579318813000820749233105190221187108870625324901 2441165402491511329338565079599827695634442068307718748570595692538666899936625728447272859920171697233716008104426308 1613711018266975223757832830310967005229 391
0x0132fadc5f1432ac183d98b3ac0fc20a7f06e573bf4dd9960bf267a72f19feca66456459e9b95fd8cef84230e99a3ddfff28731a989fac44ac5eb27e7d7ca6ab
0x025da8731de214c4696e8cc203d039864008710086e39f8c27467806e4881913e4ed755f8b5263aea67be9c157b2867fd29855f12efd302cd9f8a11d24d1c78b
864175120484581453683482079962486176185193500155369104423588921177379322250834082489183304374038697487834084609675858746433355728113743766078731283595263 1208585112743548370376302930550684049829676491141501664843255049421520299872141924183185957427058638319019461604673871 1529365425958026815880305304783101060494420965162780992286133917589284378478303523875464347350209635366374704347472180 -51542693809728599686439735411004537259353 391
0x0efbe23cb06b8b00680521e2c67f06cb940735616a191b63b4f58af0aa1e696e1deb24e469a1d9137b80922fc32746a6179102d315f5fd5b1d6322fa9072e3ea
0x0068365a2bbea9b78b4267410b583ff2d2d4811f78c294ff838df145bf12b2b076b4271d1e7fbabe0a17dce2294c89dcf84dae2f207b6cd513875e6daef12da2
864175120484581453683482079962486176185193500155369104423588921177379322250834082489183304374038697487834084609675858746433355728113743766078731283595263 1714221447192842444607005628539604685306310659702449130621752438885316516158390262900546253529361378616971758120550147 880154585559201427402026107282598249093917929352495422320581563346635801667871020497221937889142811951004393102194988 75548725836644021248313365124226751712709 391
0x0d085acd9284df8ad70d15c63ef3e945ee7e922b5e6085ee4d74eb3611e57f2d8c8c53ea0dabf3bba0cc6d25b757786f9a03c9c92916eef5abd0653d07a04cb1
0x0d791a7387faf9f9dad269fa799ae27e1e8d274c0f9b5b0dfa5484e3e7822b3636941a7a5b312604e97bce00ee35580b82af465edb8b53acc4b0287ce49ebe76
864175120484581453683482079962486176185193500155369104423588921177379322250834082489183304374038697487834084609675858746433355728113743766078731283595263 1201159260276801691033247395634173919261770781830516534053230489674411283435895989107649511409971437516219630022002357 2120107215112561390854517420822899613087119156113321650283402508436973505385059181674464614264789466573853494797942120 11801417696118115366805593364536754792107 391
0x04bda44ae5c0c1bad0bee2e5cf60fcb16b7958ef03dbb6e3cd4e9d8eb0373c63cdf8de880aee152ff80cd8b10b32a671a54dc354f52a87b995e8003022581f8b
0x00a0e5a6dd5eb5ed3c17093658e277b37cfe7ab143f8a8acb79455ab9124c9fa5f8e16c9c814735e0f119b20b4dd98da250680579a898e4304ac1d8ed0e4d8c5
864175120484581453683482079962486176185193500155369104423588921177379322250834082489183304374038697487834084609675858746433355728113743766078731283595263 1455995368273983487465034033164220320871089929571691125445687775913581364854838153849773748289985670819879026967264211 1450461203709703327406596598299269197123483702885884111360542078923036632159299357237888658384840426108380806128407140 60081516452968030610028976364334721067467 391
0x0ac45cf74d8847b190e51cf8a2095105520ca9ca5ba9486c64180cf014e0bbbbb6c193dd12968dd91a6fbe2e58a2e1145cd1abb2261211ddf5b1e19a907fa2b7
0x0b197eea129a433d1430e571f89f2cccd79f083dc6ec29d46d435bcf77b86409dcf677b29293d30e06f969461ba86e95ae66573879a2266b1d3226e7ab74433b
864175120484581453683482079962486176185193500155369104423588921177379322250834082489183304374038697487834084609675858746433355728113743766078731283595263 579261492091428904595075143047551271923036434838719822741684567610152734908450480930926682582771058766144178708483259 1263202334966673714612932503803136685131042858773988912744915821545965502847115081986405287725627028266601086347804892 33851110919261436359220599277140353826957 391
0x06d83af7c0d8bd5165368cd8b3a560db3cb0abce7929eefc8826452eac4894d43785c3c702d31cfb9ad7d0e661b15ead9628fda5f981f26cad21581f18ffa765
0x0b20cb5290bf0a843f468fb924db96ff727f6da35798e880e667e92be5c144b6f27457a0c69ac568fea04f176e511999e584ba2b0907fbf6bfce719164fa3af4
864175120484581453683482079962486176185193500155369104423588921177379322250834082489183304374038697487834084609675858746433355728113743766078731283595263 621838953837441958225117551665790739241323109637924744198656563065645483431638807297746275899014518143421188179750999 289965456808094303205474522531991697437445364242551893188377162203802121963726027100773513922093954011131008941853852 -55537296706624915016119508845299883112913 391
0x0ef2b357156f3a02e3c93e1f77c5bae09587f91e593e6a50f1a9bfd3ec0c023c22ed0fc19516480aba9f80e70860a0b3264b24e065aec1bdf54005617502a83c
0x018a3ff4c84e8ee460f7c922f638d4d41b3913a68a10b11a012f01f309258e3ec0d3cd4574c5f8ef2bb4eb603d509bdef48fc0450d226840e638f6a6d82d43c2
864175120484581453683482079962486176185193500155369104423588921177379322250834082489183304374038697487834084609675858746433355728113743766078731283595263 1065131498574518512963836317673517175356556925322997127557819084469618641329393238991136634653394159304915152628738437 2055120469478700579715405108224575395112833342507606124497592623314453336585076531773188724261810128736139542087735652 -4013377232677623802062981773799340444109 391
0x04099635987fc2c5d551d386ca49ec38f868f3e0090300d524ea271be9611006b38adf79d50c57739c3615fecf07c9110c532c23a2f7bffc0e9eb49ead35fb1c
0x01e9ff3a90a1dd2d1a215203f0a0b127ddd7a3867957c0fcd4a4bd967e1c72b2db1a74fdd66778366bb4664ccfa4b13cbef1bd67790ee063089a86cb68e91a85
864175120484581453683482079962486176185193500155369104423588921177379322250834082489183304374038697487834084609675858746433355728113743766078731283595263 476725692334409433137685913936533933068724025466047308103410478234168157309777630203088228142692983731334884551087527 357985200833350220231283150480396299618659683665225096998233400172628308246652017732926259122720749425136481613942672 48692504533557926892827347496953921808679 391
0x02ef78618ca42ea2b4f10566e04c889127ccee55d6734370606e6437969412ba4806b78645b2b055c49408b4cd916a3d148352f2aac8819791f418b98f097440
0x0bd327e576459b324e35a4db17b0ea83441b4236e85db71647400de1af3e5ad272a4db5c0cd5bcf5a823a107a3ddfee30c6c0b6b63be2581320a377e2f78bb92
864175120484581453683482079962486176185193500155369104423588921177379322250834082489183304374038697487834084609675858746433355728113743766078731283595263 1322176766318440218150448081226392943744995379811561285056217128136666345856923038677676019902430009075078547857616041 2049566272729197652407204299869082988959803892197856566499697346887738240182923252366617175510397240900907113209723732 28853924281820660191402098501150806629649 391
0x0d49e0540c31a0aecd0130b0526f9b4cd3a4e6f5dc7977624cd7e1071c27f5cda48d82ab80b79aaafd5f579d34364943fe8945f1fd5eb203695944114906e66a
0x0232e12763835120d93379316030e5b4563439750ee58ac36700fb0dcca1e64bc52c74caa2540eac0a4c85a86ef75a799548f15131454be97bc1a556af2b89ae
864175120484581453683482079962486176185193500155369104423588921177379322250834082489183304374038697487834084609675858746433355728113743766078731283595263 487216969510111706679044237939853866240361142106509873067326254564243241704269708323526583434160361920757250144681837 609373192695375690872468064988160758862358730878191779548667811704121692286270724260002446096030978298223052126797528 46250213639790824906494191723705037138189 391
0x04afe6f5e5bdbf5e9d4dea2d444563aab4726f00f4f31b22efd1fcf17c91e0c64307f8f884cde9e048bc8f723c75434905d13aea3ba1faf16765f591f7e839db
0x0e8eb95502887fd6cdd6bdd9e37cc8f3ae0b1eae5d3e4b8ecc488e36d9f91ee2204a41782ecfacf1b2df9b48531045e080047e593fd1fd0cfa44f8b14c6942cd
864175120484581453683482079962486176185193500155369104423588921177379322250834082489183304374038697487834084609675858746433355728113743766078731283595263 1568882153312552966092721326594871375687940563586183414155446661662219602950985763628560466244354414162417206637775601 822830518993978694854923207369692299333001507718239835672481449972351236681437554081133572092814927239721541546583460 74327078586745833501950202461945111275737 391
0x056b41ea557690b45e9713dea5f6de2eb69b8dd408a7559194b79086dfdaa47ff2e9fc6ee49cafa6c175f2151ac5d7cb6e7f95335fc9c82d6edea533a04fc658
0x03912d7e325e1312b992e3f43d3ae11e19aba6c2f1dcdc91116925aeba9fc2b4b480cca7dec6270e0965829b83873a95b7b5ddc994bf8be716e38b9efe27bf00
864175120484581453683482079962486176185193500155369104423588921177379322250834082489183304374038697487834084609675858746433355728113743766078731283595263 849732812431205198440008338107543638123741587272397470988035067871637538401985521895091122448708495439779328082537973 1859294029712950197908574964274633260575970024677947918892203784098697157847925081680305544905192809148078966636197040 11104980312033867875731630858755496834955 391
0x0b39894b3f59a2e0a07e69e95798121c841d5adce80cb934c2e0d39c6512358b1d96a403a7c891f7a8c847707d4b23ac45a36971e516355d4aca9a990b63c2d6
0x05f3dc622160f2a88f96f8e7f3491c720f39ad836196b8c8bf9253f1aa44842b325a2888b2b703a484b58e7b62809db0d287cdaf5436e11ff65c98d53c79c66e
864175120484581453683482079962486176185193500155369104423588921177379322250834082489183304374038697487834084609675858746433355728113743766078731283595263 680487562255268968211882138166485088340994742030318899457383179517306751973436971579127230501666456113451083218842023 1161819664354085136908029162793562073912933420135091346291272956660012178193010681918384261265601558072385540632463240 43285139564091160374703276848896595438215 391
0x0f4ab42a4d21f1ffe5b0507364454b1777eec24a067c47ad142b0ba2995a93d2b0d81967a1e358e7b3cba9b1a0375fb84d77b671e999c0fd2fbf194f43d761e3
0x10387730434b78955e2f66e94ee8bdf8328897568941802f0c2c00c48267907953a76ded584dde489a91d7a6590d7d747ab674aca45535b24bdbfc037a28e806
864175120484581453683482079962486176185193500155369104423588921177379322250834082489183304374038697487834084609675858746433355728113743766078731283595263 361671987879225889982877681490176284661507006539425391664872218585951672428321881643438708469589443818245734130948237 574087811568780852814414666552095288527508484011129659607976194736010262488406454483996112508976817875333894740491628 -39724416072457036103189463632784648800811 391
0x0cb4abdc70f7d8544b79c997535939a697e74647c1ac1b7f000837a01e917874f1fa8d82b0bb30c71af8f4065074fe59e656bf93ee8a249257fce344843115be
0x0c155641dd6e650f81f593d69dd9b1e1bd389d663f7fe006c76d7499024cbad1b563844c52538d912d23ec7007d559243fcd50f0d596992292b9ac4a74d35817
864175120484581453683482079962486176185193500155369104423588921177379322250834082489183304374038697487834084609675858746433355728113743766078731283595263 2410080629045548912514039097147005535677595499505755059457185782931773132213039201131302556283592365090392184997736679 2439468692710843622579499162794114085380335694224705031805662547152066329212186584483841084860207861000459298333623348 -21396856508490945111365738355981069233537 391
0x0573e71734dc93d4a8bd43e73652b90ec33a071475724b51f58e239d6422c9165687d632a1a8eb76746c2523951037d7afa3145913cdc1c0f08b18e2e586cc85
0x02e9b45890cd9edb10cf58651ba1a2ec7858a8720fb08a04b7448283c041fad8605f6b516ae1a6ba9e432dc6f7152084155321a2474340d4cb758d45a441ac13
864175120484581453683482079962486176185193500155369104423588921177379322250834082489183304374038697487834084609675858746433355728113743766078731283595263 1902664194129881230492406693612083707022937688824113492560831258540622456098440207365361594165341893329783860547551391 2250957945578308283286626358954611262192726443381316972787135654474428589296566931779647719380604593699278148225277968 -32433652540662024715792223253586942636001 391
0x0a449722682192887d9db0a0e8819f21529c4b2bf73c72a25babdc5f4ddcbca20697e966a7dae066708cddc7955c56c0a74fbe0f1899cd4abf754b2afa2760f5
0x04d104a8defc20c12213def62648c8c744053e73940f0534e1cd9db7fb72dfd98cf8d69f24dc29e90f7e8c7af073f25ca5870f86d4116ba19bda8cba2f5130f8
864175120484581453683482079962486176185193500155369104423588921177379322250834082489183304374038697487834084609675858746433355728113743766078731283595263 1231373522159421955528293960111101737290717195230979201142420686735375317547223185023217873651395038280135824229788747 929105041967793818935530350049853484051410758350339478721575663084199144985450454608440203087867056902226868898005352 -66580551337011801399034127052104758109781 391
0x0a878dfc678f2baeca2eb37c530139649757237f0f00530d73eb4a47a70352e43fdd9641a3e9a9d76ba0ed9d770b25a476e678ed08d4efacbbaa0e2209eae933
0x0aa0f2a47c86bcca9720b647c10217937bf1c7259020c15dc633f5e4194755d25871479c79c7590e4d8c1d4dc3933caa8c054b7ad6bdf21648d214ce0145b38f
864175120484581453683482079962486176185193500155369104423588921177379322250834082489183304374038697487834084609675858746433355728113743766078731283595263 666520044750745513281039046450264157635008512024549978380274860253460764334093085864421440567989275438590362482079329 366002004811399820182763721609465588881488473379565600675007297938594634310669722868870671426961092457091403573723472 -56752330849156562759496903267734512041247 391
0x0eb8b25dab6b1bda7eb313bd6cf3d80906df136fb28ee4f4c587e72604637b41fb4f6881ab326c84ebb7eb2c64fcc127e20e2e3437b4a9dc51aecb842a916d41
0x091469fc2cc2d300a8fac41cb273f27a85768a9f2fa7e0ec10f79f80838243f864c293c3fe67a6257e4c50242f47bfdeec9be12fae2e779e183e2f081eda6472
864175120484581453683482079962486176185193500155369104423588921177379322250834082489183304374038697487834084609675858746433355728113743766078731283595263 587130915356407833780305678291443454653466218841638344239651012981192464629049847854651399087739662353789410757508469 1547788454140371715430447767846682218199414210332928329373515170304984175245049246051291815843004200832795326808698424 15984398119526572772380417144446116836075 391
0x0c60fa66d2da1e5ba4881358144cca54633e4769b24f6ddbfa49b191e6f1e06109b784850b1a46dcb2e9ef327011cf676da0264a8e63239776ceed8691c45fd9
0x0574c171910663d4c340f5f887fd6ce0ef9b660c53bef2245c968116d7c0d917c94619ca4afeb340cce466a88c08ca65125cbfb2a61dabdc4a44fc585275a155
864175120484581453683482079962486176185193500155369104423588921177379322250834082489183304374038697487834084609675858746433355728113743766078731283595263 1677872885717538665145683112804355452299420313833635789881699014325509137608582180724423658126669351106407427201940577 1256081460348175326324278411982206747330286628791424407504237360239710976020061926893156086687577911813489515491312448 68621148020232014287388855659741685480351 391
0x01aa64e6247d9371b08188b5dde959197a5218a54bf446d1309259aa125c23820f163b9a226f325b8814872a9cfe116ee4c2ccdcad741f60a710cff70082ac59
0x103449d78673ce6c221d248c5111aee9185d451902746d3c5e02b69a868f642c73c2b9525479dd2d5f0fa76e4e25c58e35d709f04a7bc55ad0a262d79093d2b0
864175120484581453683482079962486176185193500155369104423588921177379322250834082489183304374038697487834084609675858746433355728113743766078731283595263 1086635379690056419301844176101369719769296206107642704322618583074974168558159597587883515499210935409841315943621309 476464029644010815398245551687425968233880079915159763677269727041496447235614641550734212830140283283617796051695732 -68649159006310655032733216022784846294523 391
0x0c59417054e7d2cc9b635a44aca855e8c8e19c994335914d8203754d356989bde357cb107821a3cc7b04e4bf89f47b2430c820b1a029b666682149723d16702c
0x027940c3f8528a4a52abd5064f406496a5252c48a9ce654500c998c76d6ae97249b65fd2088a7a5beb5d16bbdfa277c654b9ec268db53bedcc460b79606e277c
864175120484581453683482079962486176185193500155369104423588921177379322250834082489183304374038697487834084609675858746433355728113743766078731283595263 185457901310084713781659594606398785105266559947248582035916718300546831147136153361009020817844222418048235840555973 170436493336253324800835704558859428963333005180967826566692983598506503066802530960999977019876626313172033105571640 31763903957321841867233339737432197593445 391
0x025441d42475ed5a0623edcbcd0f22daf84a210a553bab5abc8c7f58acb205e982fbced21a8404d1f5eab14708ff1d08c91f7e2c6e327a8e2ca817f237443e2b
0x04a5b271f70a45eabf7f6b0aa71932994091b6c0a5e6046002d6679d83e0b50dff6bc35e80b8f14ebe666827e6ecd9ed4b90d72f7aaeec8845cc37268273f9eb
864175120484581453683482079962486176185193500155369104423588921177379322250834082489183304374038697487834084609675858746433355728113743766078731283595263 1722931426246014255232921352963141036296645944058989822254526536486635897487955830675594424336499253968120363106004173 1833579472436814976763926019333805175997776553246758088699987768571067222117859976967789962458666294850314187188445380 -52247472259799482622346508002412389523285 391
0x0918e5e2f5bac402bde25f741f5671b20ca466c601b6819b09f97d2df04b65a57ea7dd5481a0d29a585335ff8f0986105fc6ef5e86c93277985d9eab501f2f38
0x069891d2f058fe379759229f25983588afa1f00f63f85edc56c93d57e8244e6528d72ebe5287d9d13b38fb95a9755b859c828a10da0390c3cf0974b1786895fa
864175120484581453683482079962486176185193500155369104423588921177379322250834082489183304374038697487834084609675858746433355728113743766078731283595263 2284631031606200064471140182164173029966563743091983410466229264031570340861905011774136567029445564615375651713581581 2510335920488466805344911123674550284019367636735463494671437250535631478581605250723922982805437239188502760642598868 -1134622659168917364074429427069397446741 391
0x0d85b4a9bf6cd529a3f3a0730822782b69942700f83ebd2714c550a40d6e456e7c07464e4e49afd7701443940b619dd51a340bdc7b037fe0e6ce9370f70be2cd
0x070dbb7058e2fbd241658760ba1ef4b9648f3955b398f741711194dbaf221c80f82bed186e34e2b842e97656aa90a0fef38a3a98ec46209f7fdb9e95cf062904
864175120484581453683482079962486176185193500155369104423588921177379322250834082489183304374038697487834084609675858746433355728113743766078731283595263 1009673792866135428539582234976708060806378845152865438045146914020022972984034300646282415587808900985409605503265507 2012924085268768649299229718375774447555980202945505824412757985620578805183274260888947610560423625301419603206398080 4922708707865186857417910556486512080157 391
0x0f63bfddf8ddc2f764f05786502585de1f5a4a4242c4efdc99a10de1f48405ca43ca429c434e0bba7689eb845002267ddb45dcc715c952c8b3c7322dee789f53
0x0b6e189dff949d0d57ec803cb84bbe32155066a5e02d06ca713fc1e436ed0fd715ca4b076201227504fb32765d867932cc964b367a25e6d3d3f8dd585453c3e3
864175120484581453683482079962486176185193500155369104423588921177379322250834082489183304374038697487834084609675858746433355728113743766078731283595263 1168447559502907243903941858789009043426496112449729841089297426868787038109903764532745145793590380140743781883399017 678994349236394017472944416325116392130452727184021549058947639905581113570987057864509064247216773793281427393861660 -68599478813115214691201355299631855386223 391
0x0e0058bf37cf8d485d4dd6c369a6da82b26079a74c2ca5c26cdeffeaec4af281287d3a8fdb08cf5c136d13f2fb0695ec6fe9097ee717e084cfc43006806a2df7
0x09d4a324e81892f34c6b041c53d4c7aa46e55192c35031676d9fe8f0dda49ab05bcabb32cd70981d3ff21449e04f608bba74102404fc745cac9c42489e2400cf
864175120484581453683482079962486176185193500155369104423588921177379322250834082489183304374038697487834084609675858746433355728113743766078731283595263 2308367546287683430986528076302581175045260584630970151333363863210676121252576154309761155761467503804874694364524425 71197304235912808687757214979637417926819200485980328648207953918286643970168118768489772748448658307158144703922660 85440334180980918940916927013909379750065 391
0x08b117551de2e6d701f0bac681c6a3e0fd8924b9a617f0698ab2d1596528cb1b066062d4d5df81556dbd9bf0c41095ead23586e8876d01187a712d426bc1de46
0x02514251209b13c1be9909dd3f9c78f9f41cbace75cb7f4abac36ca5161fcf8bbe3a35f5c1aa37c5e86767da53334937996af9ca12bf4420f7bc939358aba432
864175120484581453683482079962486176185193500155369104423588921177379322250834082489183304374038697487834084609675858746433355728113743766078731283595263 376875230724228471554791856286014775228499639465333998050242063494588128600946083753356106590588036835858600235033311 60523913038465429550309634168870596631079066729204832473074591481165959284387507829208437874455289854198263812494460 -45065541342613578845136726265000253364983 391
0x0b6abc4ba9d26690e2d99095c45188fae6a8348ea63584054b0a575897b6202ce731457a215c8ed50f0dec419b71fc55302a9ab40c4cc548e5e2c8f0402e6bf5
0x09a9a6816ad2a71b738f40e7ad163e7af03ae3d48c034ab7d1d12ab17d40b732628d87c6aff3c0deb3f7dfbbf863db85a1c21270a07fc449a035555610ad7444
864175120484581453683482079962486176185193500155369104423588921177379322250834082489183304374038697487834084609675858746433355728113743766078731283595263 595271743649503333098808648231269721970078258543274592794767068164681629912461873770745806419205134943765648368178449 918070892627112566367462750684831994367619559570474568616590093678118339522216289405548043000806161884135416986666192 45702577728817738021549523687725974175343 391
0x0e9967796aab1d72869c5ff96db1df2642e16bf2fd26a421c24583ba36a3d6f0ecc78539b079094026a6af4ada354161e3e4aeea7a840fa99d7d1635ec72d330
0x00abafe70909ff2b3de0f52f1c2d72bc865b33bfd761f8a3eb5ac16bc3d1048d9b91bc13d8ab1af556e42286762ab0a244b294cd222ba1793c8148c29cde4e5d
864175120484581453683482079962486176185193500155369104423588921177379322250834082489183304374038697487834084609675858746433355728113743766078731283595263 2387130475590142744659585390095311663228672935530572405487430609059871915105831124326636868056328332384374400403264761 2051913048308463197354529670209475859986346006659746528039636127234403313302591166025300208573723740072492420031149072 -49654111283226367900537537535576703965561 391
0x047d93df81f11f6f3471b225694cb948b1176577d926881b83eee2a57e537244d72910deff390bad249300b88b15a3cc5d102f8adad2a8b7f258402519c218f9
0x0827ec0df8873c3f37c3e7ba23ac9299bce935f94eddcbedad4f4a055291ec16680f5811535a367ae48aa264e3a4a857305369e8878493872eb725150364f82b
864175120484581453683482079962486176185193500155369104423588921177379322250834082489183304374038697487834084609675858746433355728113743766078731283595263 512451121478302141001840485662470069832740324376744537838493409352364424299387073249430354942641627393528396668068289 615048092659964266904044866763172293076267599309818777303754628537119358442987911360664226569198412229588286956670632 -47424903043054871627606113182833614270177 391
0x0de7dad82a32dd9b6dce25694f82bcf6ecd99cc7f9a0487c3b40c08f67319c9811e524af02d0f879b2e5045d1fa76a9e16f8b818385a507ad110e10e4a9c7946
0x10737b071d0138822d4fcc93c8fe72854052dd18b81460c9045e6cde00ff947f40f6022315fb16b65b800680a4bc79b6e3827dd588ed7caf16d32df18157d09c
864175120484581453683482079962486176185193500155369104423588921177379322250834082489183304374038697487834084609675858746433355728113743766078731283595263 177497219247488928213192150694135500401015215316606957733511169111683289586286152971752120918857789440770341784725281 786745814478921140681645496215842791989484913755496486570924747550637944837816198949864368477558555512652373481244288 16828235079663300157954740817332705183521 391
0x00a3e0907b08b4d4c742daf381a4f002e306e0c711972e19c5855ca3b93323c107ffcff84f32ca76fe7f5ae8fa817e7c678f6edb66835fb117870a5ede248400
0x0750b827a05cdaf6f75e71ebe43f54bd9fdf58cfc9e5009ba1127ed8249bc7d453be2841c411e8f82f80208e29211891e8f229067f3f6be6b1828aae9e2289e2
864175120484581453683482079962486176185193500155369104423588921177379322250834082489183304374038697487834084609675858746433355728113743766078731283595263 1473054301063169491953372460256262332621892150213679782265637754436398879729827214832630486415742690856682696151401979 2015906365723737848957195805917482905994327963029867748120537323258218335220003419762139222521156295765004480530805676 -37194371940591616507833275787102235763315 391
0x031a1efb6ed74d333fbde873a36fe40c67f45a4d1c56d113d151af166a7cc6ca18e3c75b118cd70135d06e4aa60bf73d7765c262a327f05ac54a809e1e13c535
0x1027537e383a7c8b4697fa9ec41df0b4afd9d7f1b6f9e5c4882439424251398685ff385f83f60bc2e5356c35faeec00e48efeddbee556c5a22b163763dbeb1ee
864175120484581453683482079962486176185193500155369104423588921177379322250834082489183304374038697487834084609675858746433355728113743766078731283595263 179050602725768767881806728933319611134415735970573113220792555653184794774618794961069739502343480572664990209183789 542724765218433797090429119284965076397570546698461263641428231560465027362162061043970006988674417481616219621403272 -25826788600227386987867808128560667381453 391
0x102d631a1568a9e7931c4fc842d7a5b50b55d72798d29de01e205818571331c08e9c9230b273d544f297cbe5eef828f6aa885c582dfca626e2a35016e426e101
0x01ba15f86e35ddfec15524c8b5f18c2074f8a0ac09e7e34c8e198a9224211d146b78a19e0451deb8289d843c2aed09e4eb9368f41ffa443ec881613cc4022ab7
864175120484581453683482079962486176185193500155369104423588921177379322250834082489183304374038697487834084609675858746433355728113743766078731283595263 666079267856737612637298999418845600158156126382598987576171481163474916550559560718539601824722758333674946164739019 1626997318687143609901385757139349365814411372860079446240720226860228865436420402620931223123012391976344840960417252 -17628684270655984573381033583654426115837 391
0x0b1afc2208c687db046059918da2ca081c87d6c88148157b7feba487a1a7006c9882cce62d6a148ea60fd586446ade35b7799921a24e29a6880a8e3b09ecebe3
0x0f307cec34958f7fdab8b4972ba2a0901f17161404db0b0ed25b2f6ea770620d110adc589f28c8640616287ed53711544ac49bfd2bfd2ab3e0909cf14ce50bd8
864175120484581453683482079962486176185193500155369104423588921177379322250834082489183304374038697487834084609675858746433355728113743766078731283595263 989227079970531292106454212814813638971595101412210485322303868119297515690232750794945910493628211623056806084325349 1997775807767274069963573604777164012485792378178652204517807140800375109666936921273044994915799479918267178253856124 4743624135943441766792628511186226002515 391
0x0fdef40878226d68237796eddd65e66d5d276f3d553e66de1bde7f43afc5974c1f71f4ef6bf6eaad0dff733b3865f54356284fa68af15f539b739a1f68450ce2
0x0c74d95dbbc4224d93996ce9b279994801aba3562808f7bf4250331541e7b50c83645515de21fc8a735c1d96b09d559201be79385458f07d8a6cdbd24b124879
864175120484581453683482079962486176185193500155369104423588921177379322250834082489183304374038697487834084609675858746433355728113743766078731283595263 2239464240366438527408662825346684365262774069260362327222711917483777053912835518797861401050799101264819410038609219 1064274290771750079639976062439237692977910895008877569578116675474299364071645978337661174099770012138714244268197032 -77173133296600134217485994165018342352477 391
0x02ccf9c036aaf712dd430f755b5d58c367b7785751a03f0d3be779dda5a2618a7630ec7c4880dc5ba7429f5a80db6a6c8f82460d8046fb1ae8053d8a6d1f66ec
0x013472c68109a553b0686af2620c4e0c6441c50c052affe0f54903ca41fcd1a59e25fbad8654062ecbb4c1005d619b3db6ac4d53cc5a5fd59fbdd362d33d0e88
864175120484581453683482079962486176185193500155369104423588921177379322250834082489183304374038697487834084609675858746433355728113743766078731283595263 911011038919755913478210966936164619440962429773878438194473401483951347510143256758282039685433075996414320868734599 1523806662739342709276423906376907013797953968517180291065415006230120494131710833558475908485932021117260964777776932 -40859183930631504398042804009486936185377 391
0x10630f80ac4d0bb49d3489f3911852ff352dc699e80f17d3cd129dadbff0d557ca30a58a2843211bdf1335e6c55752fa5ad3e65ac74a4dd5f4d748cd8cb2b06e
0x07fc78e6253e53441c4001f5d35164e807fc32432562964163862becaffff177d9215c68831f30a1e5a3519150d3c2e39cc2fb8f90237ccd3654346a3e311e22
864175120484581453683482079962486176185193500155369104423588921177379322250834082489183304374038697487834084609675858746433355728113743766078731283595263 1577026516549693349809776979785226466276707022601012547733619545862332610883653761656569441289031080412096109378456587 580957320219788805035859650697934953225678497776977227655441594196043997667662014257931711534715902107084631761019300 77040916730041865791444906195495263478717 391
0x095370a9e2da7b0aa39de33d3b5b83df03618a5a77b33b886943c6a17b2336253fcb3441ad8af1adcdd17b633eb446cdc941b61e97e464400886ab61d4a9a926
0x0065f2aa00a8c3b04bacbb30b23309766382e4d20617b26dd161e2ab480795bc715ae6fc422080b5eb88598724ac534fe2cf67d1a5462b7ebe61d779ae59a229
864175120484581453683482079962486176185193500155369104423588921177379322250834082489183304374038697487834084609675858746433355728113743766078731283595263 652962182996724901057709688206605254447825341869702003401689853637352417130574198773193083687457050604960256334829801 353033979036066386510712889170591338514080480413763443695731511382017104751444679252185037282072908664785993349181240 56331096517502180386092318465911440379913 391
0x06716342028f9a1588bb4da3e1cf89c4f3a8735965e1163691b137741e46ebf56f18878bedd52a945ee16dd6278bf2c7b9008e2452bae59bcf4609cf4ec0ef5e
0x01bee2c15ecc6549322fd0690cd1835c6b126962f37cb6114c63d5355b6becf6afe132f7489219b0966b35c00c3f806caad75d8787443049c0dfaaff881b2553
864175120484581453683482079962486176185193500155369104423588921177379322250834082489183304374038697487834084609675858746433355728113743766078731283595263 1413040077890033965855341538473286825260219438975474458363266782940979251321434837174794299791778144027659329046517259 758205426794542447062682674217244232126459612003872283156619885343686952735561984366927988550525807701820573072072568 72601507742508137621228943158784555810923 391
0x09eb8f69d181cbc0a3c0372899edd1cc57944cff713f827605201cf79c85ec2d7d020f09a6335c36ce4e664c0f366000a31b1afafc45564f60209460732dcfb4
0x0ab6f22a2f76d8f48959b605ab590a4568831a57c54cab212e50b0a32f6bede031f5a188e2f25afd26ffa2c1cc93de7bbdce32680dffaa5dc07ec072c7c86ac0
864175120484581453683482079962486176185193500155369104423588921177379322250834082489183304374038697487834084609675858746433355728113743766078731283595263 1718244692438772919374856739249991182900906895362151379008825607773103957661667021597416389462976675483474423521893767 1669380856989466975222797774717549415695310669827780059689780617890020897564048699411885912568145462024134878619087192 58195298173653590001910093030106688465049 391
0x09e2c926fe5b67aad5a937c232566b4b6375b641ce074fe0d37ed4282436baea7d778efb937fd12854b3bb2d8cb692be909d197eb966484e37ad67d64ba82027
0x09fb8584f58a145e86455527a1a581d0d16da3e491cea9d664814679110a3ad7e85c68b6b97503faf305fcd9b7f75c2402072df1f74a9aa87f7a47aaadc013ee
864175120484581453683482079962486176185193500155369104423588921177379322250834082489183304374038697487834084609675858746433355728113743766078731283595263 1166175153338694390279949699811690032663808632024489271764327865983926075297699624982410837928367662046985230911918727 1361003373982006356030345215819978085115160011006455483982605254839931072327934685567252286418836341723362437431519440 -55576923831446479888767241032250988304903 391
0x0f97eb6eb88025618248579b214116ff736559700f94808049a660340b50335cba6d5b12dbc71718e6b67d25340868be4232760991a07a3b824247a37f580b49
0x09dfb8c881f8347d1600d201bedaff4b4008edf538318cfd3a4934a776053080e2f02a5f77ea1bd56c0fe94c5b4f3b5b32fbb017f81447892ad13b759519136f
864175120484581453683482079962486176185193500155369104423588921177379322250834082489183304374038697487834084609675858746433355728113743766078731283595263 183361945987049398370911075470939705366875990196907324342870430276677817956789668111381207214089418835897396508674161 918557022568573328268762858177086452274622156906917799108306385029697405062735808431941830286588942325727493068222720 -7406816013984575160893577345319473821583 391
0x0971f7e4567b32f58a4edd8db375c8e3e0ca7bae9433999bdbc6d313e1a995604e05b0b14b3712d47a3f20a9413e579d37864e5cddae072def616c6c49e7bbf8
0x0f42c98c10f469daddd88e261f7e1d2890e40552779546363defd0fd7730892781ab48e2c3c8625a1bc08d182cfecc9b7f7b0c8c3730ec8f454de85a4e219ce3
864175120484581453683482079962486176185193500155369104423588921177379322250834082489183304374038697487834084609675858746433355728113743766078731283595263 2014791563327748894548976598361628587142767514331171782714445668392878656883487172468200568101182098874307519280006671 1916186251233703318014996285891049175979567993571226878939967593456105862257285245765112694114382466935362460658852508 -53031556210659362160215462527680732993241 391
0x012a8c33de6b152f76ad03eb933162f070b08870cebb2f630c66de2d9f1c7aa7549e9b2869a681953b7e97d7c95186a00db34e8e5aadedd929f0ec5e2fa3a1e4
0x0b2023ae6860a53592294b8756b63e143a311bf1104dac96e12392fb11aa34bb8019aa5a2e9551c24fdae8d9d2182bde81e0fb9c90bb809e78fc836556e8e049
864175120484581453683482079962486176185193500155369104423588921177379322250834082489183304374038697487834084609675858746433355728113743766078731283595263 673011288012557778235112453280334722817446330684956974810474074286956711933037689047190922370479464005719764601425171 1691719401677180606852226931865155966559287677688485418964396008280368394428827545884516695433454315315696680529413660 -9588074041952413174475371760589172359947 391
0x0d1c671c421b5a6e5cd54bcfde5b5aa1ca48e95f9d5677e3cfc226d3c3ecde0bbe27011900863074bbc8712d5994f6ba8b31d2a6b0d5a26c249e0b0237bd7032
0x0ce281c725a98c86e146a8e15c622cba5519cfdf3301669e7c0ed120ee8a24f395ee0f522f0788ac9f2c50a43af48943c6c037701db418403d17d9cc3fa94aa6
864175120484581453683482079962486176185193500155369104423588921177379322250834082489183304374038697487834084609675858746433355728113743766078731283595263 1906114730851664215224366949412315801182993068607728725779166609489562421762151372487962013284350871183666472331800325 2311421034973854915988356596308294304533263473474319474513360455638862631000351304394458521157410935308620057459045280 -27159882002377716108125108185911347029755 391
0x010ec6233d98411fa26bafe6d4a4f8c03e93c7d33238e85bf5c00b441e5b56d089ad58ecd0a31ff75011b656a4a000af2171c7fc614b60276003db8c16e35afc
0x04db1d3c1e0486b7dbec1c8e74d3051ae7f01f6b7d24b50ba1b2b4af546621aae91347a613c8a6ce88449efec9b67da3f4cf40c562ebc8ff03f5ac93d53fffb0
864175120484581453683482079962486176185193500155369104423588921177379322250834082489183304374038697487834084609675858746433355728113743766078731283595263 2303115983060281283629084696327905978689342498095619358707617744816626806902988182296660177677093191232310397143558409 1780795689533300959148355781828914379516020455134240666087743030027699631811636800302723060365793710591220478047239072 -60279567707048668078112399601013477299447 391
0x06dd5c19cb2d6c72933c14617091ce6ea385f9331b6710da12c259591e336194bb39a5eb4ee28fb40b96b90ee390208207a967846ac5a6cc8a23248f64a4b6b8
0x07504a8bce36f5b685d0ab61ef19a1814f6b355177ab37029602e9ea1b874999c2c7e5bc63f4040ec34cd8e7db6103f4878d418c2d64a3024ab1eabc9ad9891a
864175120484581453683482079962486176185193500155369104423588921177379322250834082489183304374038697487834084609675858746433355728113743766078731283595263 650757765034518618424439693054242561948221034503543844540376390831934447907910119908649295081258322169218891011641791 1596193669719992349784880036755754743985284115132799544635089697006604181850097469027903782448433502317653459705400448 -18962859629426274632845263711917135187521 391
0x0263f6d4755b67afebf197c79b8043a53c3a4af4191873371c71f186a496288d8f5656dbca0762785bfd2aecce7d6c90d6faa30874031c532bcdc762c96f7041
0x00dd7c18a21a230413a55e5283c0337e40ad6ad74cdd38b7ad24421e7dd9f01e5ecd7631735ecd75112eed68ca5815087ee5fff84e2e356a63ab26e1b873caed
864175120484581453683482079962486176185193500155369104423588921177379322250834082489183304374038697487834084609675858746433355728113743766078731283595263 2399583461499557291338012480780650887406188486451961548696220154221926595667773431980371401638065879570603732877927091 2512197640546936529329019368828749619180875733170668431249276456624722407355634661248866016109196980198865112049917220 6184942583801104820710817940930273896107 391
0x088c46890149da490f26a7329db4ea1c78e09fb7f6adc4fdda8b795e218237d1b13d5b8383071c352a9589ab732f696766eb3914f0996e7fb535628c36c3ac9a
0x0e19168559dd583845c150ec22b49ce2568742202fa303f4d1f3f58bacc9918260edb1fcd1584d8de4c44b8e1318ab11bffedad53bba7a1b8775e126d99ca6f8
864175120484581453683482079962486176185193500155369104423588921177379322250834082489183304374038697487834084609675858746433355728113743766078731283595263 818909941758987927963161690961509680020729339731085880035878148397051856328940035616683494849751515897837935096545707 1780740114920968486320792044743790566233360197864205948366644239256190433501220715553252637708593794352209980526088212 -18271030455169901269561229810179362266019 391
0x0d39dc6d6e287aabcd3d05c3418a7bde38d9cf79461c41cde067fdb8b2f5f5a04853c56b201a52f43519563102e80982dd2669ff1855187084ea7ef031741575
0x05870d906482210df44548f7bbb4e7a94176a5b9da69ede77c52e9c4377bfe6db58bc79c115db3f87408978096942e45d58dcc4e92945bc8840d90cf4f9f6ec3
864175120484581453683482079962486176185193500155369104423588921177379322250834082489183304374038697487834084609675858746433355728113743766078731283595263 1522369897106050672825102530555324017404941115744033218718481624846786073972938308966570040225383273502755173756533709 2257612790988750205052380885122784823877821302180455481479753264883285574469394050174118735296860899184622347229469876 17464506607319057911684198288689982669205 391
0x0150e4fa9d6aaf891a03b8d782401c56b0ae626ea98ffb4a99647175bc921486c610d37e276943ff17e7265a83004c0ab7747604e6c9a6c6b4fbf66699ac54e0
0x0593e8b684c9960d65ff93cbaab364a901232a380edb68f544f8b5f3fd421fba90805e94b7b2d6cc3a5a5bc8c766d567bfa30dee762df69190c0e9722e1d0a77
864175120484581453683482079962486176185193500155369104423588921177379322250834082489183304374038697487834084609675858746433355728113743766078731283595263 2224416021303415394297672959994278333603557417639612040528702382884788177570213719203768325425281376564462671121970147 300716730628191742225940248296860068022567403190044580488739070728553902406715746601106668109957797933068365661585460 -84567503327623186291629662026408589483163 391
0x0a1f95e14996bd5c1418ca728ee26beddfb2c6dd2a92069b9be470a3bd9488e15ea713598164ea11aa12ddd2653b196d0673d3fe648cbc4400db145b999b8ee8
0x01ac3e77ce96d6d7f66ab8a73843516c16e1af7dda564dd75536f1d4172506af0e052ea995e1d2c0bce335cdaa6e0e6b1667ccad1368e2b82508e1bb4ebebcf8
864175120484581453683482079962486176185193500155369104423588921177379322250834082489183304374038697487834084609675858746433355728113743766078731283595263 796062263017545418952287474010626217026711417399879998641517828658268979283080293063210969986206976256404104283642719 1242259817833569628164492056919025542579710140081057659216319872368786704321536472169381009646503196183230990524559324 46117911850040866541459987166945617613065 391
0x09a0a4c9ff8f0f6d6340abdebebbe3a68dd9bc1ea3bec054a446bd22a202c5b842d784e3136fa6de2ba8464073db27844510e1c7d9d27e7ca82d4efd26f4060f
0x0429af158686bd355e0f7027fb20174704f61a2ddd488286f64f1b9e3b05ff251641c0be41629884ee426d5de8aab1d23775a55709693a78e04d56eab8840ef5
864175120484581453683482079962486176185193500155369104423588921177379322250834082489183304374038697487834084609675858746433355728113743766078731283595263 1831303832668053610314967929608363473043115254279435217608496406428285902306441509948545031368420762208622426672701511 1092927040483587363756232653285021903260266334186248396964077780324094081900486718027699353431125832774928242418021152 -73652937745016960606485755255186365132359 391
0x059392754bddeeec89da12a69534f375d99e4f4a25c9b7821d1a6e75ac8955c9dd3953be3ddd5a078402b489746d15c18fea952d71f4f012e28630a4b6ecc8f8
0x076a81ba050a1e04fb004cbf68df676e9d8d5a3a85a007a41059e1edcf7c2162f3722dc0de0553d67d3064db39c690a0dc4506483f81acc1b2f6f6e0357896e6
864175120484581453683482079962486176185193500155369104423588921177379322250834082489183304374038697487834084609675858746433355728113743766078731283595263 1834827002952801465434958153454971235719815645111610104532923025226362041290652784675011207820608697781277429690761823 718132616483331341978478072423785557511654369476793598036947132297678740662650015332065311747994816570381470450372300 -78840538837029958520343255638252559706825 391
0x0020575603252e8569c5b2d8ce0ecb20c25616d82fe2fdf85f364cbb289042cebf635fcc51d63ec9cf1893edaf277536a4664d730a8df0550a55b3767664d0ee
0x028f3fd4f2d04ca302a9606db550e402beb3191735fef65a191c14ff3c96fe2b44cc98ab252f745fcd5e5177dc16198c220ec44c61d7571fe3a8949797b0096e
864175120484581453683482079962486176185193500155369104423588921177379322250834082489183304374038697487834084609675858746433355728113743766078731283595263 19376938678550945716924299443897133546733485776731228259508728635168689482910902580840913742433215785077038796018639 62514914270491006777600887503069887449021474096776876300959791802034115022471702759107814009444781737707825205432376 -10398552972504581398853639139722956900945 391
0x0c6b94d3fbd93c7b60de8107a19d12b7395090c1a334c2e4e8b9c67468648de550e43659be8079678dce6543a8a1627a5f36b233d63225b3c37c118191a1c6b1
0x018d720fd32b758bf69b13ca52393363b1fa42c8dabd6626adacd4366d973ebe0fefd4c3d18474ad1e1062cff123db584e15e476210bc8ac08b3ad6727d9b8cd
864175120484581453683482079962486176185193500155369104423588921177379322250834082489183304374038697487834084609675858746433355728113743766078731283595263 1628057724297215693024871020339156639764284336610441944536756344650985292356805026616703210228867764550795098478685777 2308720567041471176826365808091463140059217410570726645883884458075917218465206626221995748623408792625550497528749008 -16323888803687283819040081835853480717009 391
0x0ee533f7d726497c74f32228e1cf59acd90a184bc439c20787e9b2e1b26c001019500c37009d44c9ecf40f94e0c106165da82e6ae0bca76ed5205bd0da177a5a
0x09b0370eefc4aa2c75f329259bec200b03fa834bd7fa95f9102efa8adb6dc3f66a1f77d7e09b6e7a8cc2494755067d13daf4b3fe9e11b6b46efd130af94017e1
864175120484581453683482079962486176185193500155369104423588921177379322250834082489183304374038697487834084609675858746433355728113743766078731283595263 914405579637908742661530948752126405867047168358654558983344358480788675586264815965496152769669506470087479300653789 1460069950489825905822166864310684212266182658008066269071953386211416476356110224562639690391884417270315085115395524 -43614075835569377249762343953421443959525 391
0x0a8ed89d68dc2ea83dfb982a530161f67f057f133ab6b7a224a199c597a40d64d17c32921f7f6f71a9002c218579c4315c981f96cecfe018e00c0d990bc05008
0x075d1e8094412255a49bbc35d0e04310768b1bf0ca37b9aaad8fe5bc799e52dad4b66f18b19206a3d9c93222d9ea031ef2dc1d492385d424432197542ff115a4
864175120484581453683482079962486176185193500155369104423588921177379322250834082489183304374038697487834084609675858746433355728113743766078731283595263 1271684492169372367945787195348882062572899671667108124096227692961717658272430052937098956871741119096225025990770499 1778907104732906258289368766063160274817839237219880391326957088272166926442683563769895419674335418573281967060142676 43456863736286755000344088403609166469755 391
0x0c73f24d8233bc62fd433d2b60c0503f0ad5720e9e81504be87a58f8af1a1fe75503aca07a90c1eb1af35e13c1364e682583a141719e58b73bd01258e06d4fa1
0x033a6a3772977a66956fa509aa676819ac3c492a3124b6b37cd7b6cab618253780ddbffcae76cf43ecc832953a9a2eba80d4f896ab7ec858e701e29e310bbe23
864175120484581453683482079962486176185193500155369104423588921177379322250834082489183304374038697487834084609675858746433355728113743766078731283595263 1349557673197097071237913576692341384050650124864134832646172537795516051239441593268559225543513866362869617689816657 520607532379662788404594588746871109343212984203768279377707496496151641583545730940746648678952737693035579190242780 -73858147414866654458605623474396017350457 391
0x0a7ea6a3fb77c999093d0ba830f9c876f37f46bb29d89e114413c30cc8e6426125585c5b1a984b25f473300c836d3fdd548b179375dedd020440216e5d1b490d
0x0843ca0d67e10beb2364025a38d5ff46b249b1b01a29f4aa446a96611119ac157aabb296311a2ead8153b253cc46de9a7212a444663304712137e8c60bda5ae9
864175120484581453683482079962486176185193500155369104423588921177379322250834082489183304374038697487834084609675858746433355728113743766078731283595263 835519143868412952922442048475962585899814390407846159610250489394303830078379282075783471969715194895275495022372347 1600694690617250993293334167574423083712856976172207291786680782339741969655091697346721315140632290114895135631083268 -33218477989631573223952942394010539408589 391
0x095950e6677cd019340041c01409c343edb27fc8de4926dc516bde7772e40590eb049fca256d71d13a9f85ecdc469f42bf7d10ada0b291f4df6a434ee430fcfe
0x0b47efbccbb0cb9727c9c8be6c5ec5f8cab5eaa258ebd9175aa88e992513cf5e7800a668d7b694c6f2759ffab475b648f8001fcce81ac26b88a2c5c5dcd55412
864175120484581453683482079962486176185193500155369104423588921177379322250834082489183304374038697487834084609675858746433355728113743766078731283595263 874680080944673448986651310498177090906991124144263645053234010352529399118363993178021239026663458531965932058621001 173996647555215708929032430742262230904476803947169739320413357278138072616059463799010743327382854782548346549004248 64687088173251878118392333220084530074519 391
0x093c714aaddfad23220b867dba0a3552f2e6130d0c01bac4950cbc814869b7683d44452a66fb420db6fc0b378bec6b0a86f80699a846671f09715e7c555811d0
0x09c3f92b61dac1cdd9d29fbd7eb1d67e0aa90fed34b09b1f609a5ec9b2496884ce22cc17f6437b8bf1ab47691ad556f6f7c1fba35992020ebe44f8056859d558
864175120484581453683482079962486176185193500155369104423588921177379322250834082489183304374038697487834084609675858746433355728113743766078731283595263 1456631624700055765104922411307135684322999016640126960870508154655146843807632642757783898189803527913829814015582641 962550704791431717210180962261429652104586878140920976785291511075815999845828792195755298514815778445339089928673608 70524720762890941584096206467128028404689 391
0x01db547720fa26b7e5058742e6332bef637d89adca74289a0643fd35b5d62c94a86a5a42b1a8750512d311f833f975d98390a3d0921a7e4b57d7eab94fe5cb3a
0x0510fbb1a2e82f1de9a68a0bb320c937068ddea5d5a0570658e2ea2c2dbf50662ff4da053d58040623b7af2b1ae49249b5667c13d60fc9fcf092a80de4678d00
864175120484581453683482079962486176185193500155369104423588921177379322250834082489183304374038697487834084609675858746433355728113743766078731283595263 670564738494863857384552350654095265273457675353428007036223589223382285821266663390899266831846965403939451618937669 721450452941167874409329001413647257648697655073718364391015985697121665146044731538463712718061093839010926031073512 -52828861089212928675008613149930916972517 391
0x080934b684554e4fa6d11242a7912699e18a759500bb476e2f545c5dce6f607590b4be51bcc7c90d4cf2271de65380505b64816eb6ae9b377b87b9a7da9c5e47
0x05f5a590332f5a63b527ae7be5fad967751f7938b7ea220b21682ee8fb3f710db2f9202337c17265cca047a58f7f72e9fe3304a698be69e1981d8f32edf47c90
864175120484581453683482079962486176185193500155369104423588921177379322250834082489183304374038697487834084609675858746433355728113743766078731283595263 2236922357842561511031907268824699312615940300958764673415342988301867569333862101555993523226988130511911980260533075 2236513791844406519870121154129993015305497571998865612757148202006583072723129638858857590191512360063051504052425740 38426021840909822330242518532261767236725 391
0x00d32057232ba84b23ca58198d29c82a1320af0aa2f9045c9e307948ba478548bd222b4d54e7cb0f5e88d52293d73deb351c19894f8bcd17e183726c8669a512
0x04e11c4ed5e2ad9fc0de0742cac0cdfc452194c2a4d9d21b8fc3810a1b1f0570573d3d9c29c59d1361e35f2734abe1167bb2431499f224b98a281984d9673fe9
864175120484581453683482079962486176185193500155369104423588921177379322250834082489183304374038697487834084609675858746433355728113743766078731283595263 1238879584768582904896383978713913596754148974297042575743538111171464331928001642752497999798787205792455483666201779 392461750803923676540599644588829026398998542047838013552141221122011631792084602001567647369630500130886280721880592 72636070193081652022184568123471454009907 391
0x09a7e80cd92792fe3168d15b114eb6a2d6d6a9e01402f6d438dece67e065d2f3416c825942c7e8d304d1fbf4c274f2e9e2f91f852a0b822b937976b7799bb074
0x04ec24e64f117623533d6e7a380e7a3524e23867bb8cc09f653b084775e5c63f91c8ca415fdf91b816940582dae5ebd594292486c22ce0b583f0efd42ee6b6cf
864175120484581453683482079962486176185193500155369104423588921177379322250834082489183304374038697487834084609675858746433355728113743766078731283595263 1658354632544655446604759698041777459294377835057809288999248236385933687958812380976762491680600449070347011262679529 590084092729606549884656442279645274094972868515249983462847441503610738424392079865043253725126818837739012523566728 78058275858459625665233460473057084421897 391
0x00816aa8905ff00df6135b3e533cf404aeeae833517584bd9d6bef585ec0782a96973155c9ff8726ba8b914722402739367b54e4bd8d5f74d2952fc591e65467
0x054fec2732b9fc8a68d8cefc28420b6a0fa399d091a0d978181e767251e9f004ce29f0bf9613c8bfe693bcdf5092a6b808f869a9cbcfc332b66be2d15827d6cb
864175120484581453683482079962486176185193500155369104423588921177379322250834082489183304374038697487834084609675858746433355728113743766078731283595263 1901104699203633195863749235248497044457452699196571705800894198992241706246785254954788077584717042874058289547313147 1308800202655361820402470210648485595594024048741957469619716045295027581872672413440161794829163031558554578745637912 70218894659681017458977256045524765899941 391
0x06a81d2b82a7a0da384e4124a312c7ba48c8b41533cf0648e825b121e84fbd8bc0b6dd235e8b22485f4206e33d4a33c89d832720cc07192949be2e6b0c1911cb
0x066f41b1c223116591661c89cf725f5b7f34123407a67b7673019761b1ea0ca6f9223b17f93d8612f294b046152c6b8f4ce99dfff8c24fa165b1fbf145f90afe
864175120484581453683482079962486176185193500155369104423588921177379322250834082489183304374038697487834084609675858746433355728113743766078731283595263 617275408297328877626075592759564878616454325040516208427010420040197298947270479566814966237671003518895412714551011 1609262034387324025297400589232460187200986647890323304327929382784361950785882939782692633280985839652062715848494712 12838912917223290994701182499271985607101 391
0x097806bc3ad598ba6c9661746d9fc32eac9299f68a204259e594b651c7f795244ea7e10d2c2254aae9b6ed139f9482582e0902f101d35b45051a5b88c306363b
0x00b763c394201c397efbffb1a51aef9ff069fcb511d1e267f077f4dc4ba01f20e7f0ef111debe36a2bf6c5b7dade7a124806a8d0d746f7306fd88979cc8d2eb4
864175120484581453683482079962486176185193500155369104423588921177379322250834082489183304374038697487834084609675858746433355728113743766078731283595263 1152948938417630764456401921395145596481477914466381648810042252892359823991461231804951350395874597861645587083786775 1446673838404779529311956597233872025480827068214528681915625593450429322202116108357207015199977646808365473615864780 -52618988176588835619824719428759673055185 391
0x0a95977dddb696d95c406b4e0db86138682de7530b570e9e3877515ddc6d024896c266d9b60df1f1ec146457373317901cafc7a3b0ac2240b33db4625a90b272
0x057249d256c7ec26b1961e1c3cb98f0b5e977b816aecd931891aa5c4f7b4bcc90cbe3e2bde7b9bb19302801f21b19de249ecb8a19fcdc313e4061110f7d38e5c
864175120484581453683482079962486176185193500155369104423588921177379322250834082489183304374038697487834084609675858746433355728113743766078731283595263 1693777509524945898775922897700398166001075688646930932660842364523509640140106462200654041248969327025429904175097173 741483131777168883421932919776416256271197295876851869539446292500023730614081810281152891389165596933608514447108480 -77000901016432350132077094999790786970965 391
0x0a8ce0a62951d501f65148b46aba96fddca261e5717a1e2bc9982611bdfb7cd6ccb6fd5baaf25d9021ddeb9730f3c3288dd53ce3f3fe18aab4bfb04a06131806
0x01edee698be0681a1806cf81505a24a64babad992013eee171f0bc0a59d135217fe320fcdc8a321c6a980b30c90cec6fa4b17f52ff965ac564f75a83d5afae6d
864175120484581453683482079962486176185193500155369104423588921177379322250834082489183304374038697487834084609675858746433355728113743766078731283595263 2130321437490595044824436394702398203876046007911233360454652835855532611013390389149417865718622647460947671740036859 2488559900533999010168132593591945266711601908771020536421802760476176661854265181620513510453862383171330877750426608 3876222731140801180004426786476578386043 391
0x049ca9ee390add042de04cc3793a57a4e80d838a058fed84e8a651a6bcac0fb5f9087351942864f86783f3feb55ae245e1d8ba3e6f8cddc568f765a453b115d1
0x0c3f92eaac3c8a628ae70f47b0b066f3a43056d406d891d506e2be724e8013edec2bb107636d5ca546a747dbd1b09c15773118bdfdd4871299461ac73c122558
864175120484581453683482079962486176185193500155369104423588921177379322250834082489183304374038697487834084609675858746433355728113743766078731283595263 1642916487032779320021651425688011053600388198114839545729348666935796121939890633509275531198096512625234501167890773 2348050832845166217420810188264096625532682811576474009827455935856653578026933119923533112798617078168588999886659480 9219929451311547478200676357499410622475 391
0x0563791b6a8524931012989e9ab7e94a7d25364402d4377a3f6a2ce6a38901de110658d066b87bf35dda93f8d5a23a8dd68993d714d306646fd138b98b69a128
0x0db9e52d8d6fee0bb17c3f5db6137253c49fb49b76f11a0ce83595871b095cbf9d8212c2bed41d0681c887f69fe87a28dca1212ec8435a5c1bbbd9cfd459350c
864175120484581453683482079962486176185193500155369104423588921177379322250834082489183304374038697487834084609675858746433355728113743766078731283595263 1534899787732100013541289576963106100628219348721636113352548181770769433171439890727595583256246122130538420916771299 1986241070181056028330228995038524555076230065193492678176744034212145896850076572668834833810429700512661846241086492 40822532292217192222195477437602320022693 391
0x0a26bb6636474d0818658d475d9f90d3c3000f0d7ded47f55404fb7d6a756381e242fc80610feb83f623ba1e712264e4419d1c98ddb075d111f9ee624d4c6d1e
0x05e4f4147e9875296b1a02359aac2cb470454b98af0129c290fc3e97098bfca8d571e201109cf1c39f14900a7d9130200112dc228e0d4e98845c51bed1f71b2f
864175120484581453683482079962486176185193500155369104423588921177379322250834082489183304374038697487834084609675858746433355728113743766078731283595263 1794118407451685041525953075205776411839773646506611634004607243462014276790862164445476880044858901371773566325297109 1303659695916405795279653041472858665080611799327523823489222545504485090439266118310164584673281299802270068586085268 69132624238429442940566976258860785928227 391
0x0eb1175a110256b0c8b3b5042849010c575f8281696b1d19b4d0e6df502c2ea2e87dce04ea7a92ce7e74435d6ed3c852e5643449a665725afb08cf340e83de74
0x0cd12c6363cd6bf060d049554e748396479ecdec7a6a341d93d4cbc6f8c7e7c50ca08ecc26183eb263f029f8b48a214fe4c5090368006e18daf24e3b0e522022
864175120484581453683482079962486176185193500155369104423588921177379322250834082489183304374038697487834084609675858746433355728113743766078731283595263 761698017509568049537115138515198148776192814781368009606866861714325948147991958898634781355119639107196811338355277 587883647197646926073868312449143362055411799667071661222099128536947696746534400073948899222702585132954238335597152 -58086871373926895961873721764156211811251 391
0x02e4cafdd3086768bafb69675a2555347ab1b53fd688e9002601bafbf34fb580f492a84cbbc3a61340ebc886d301d47582de3140984a8364022a4624551aa066
0x0bd98c60cddf932cf0db896e9b5d47863977eba840462942bc3e470865f6ff0be0460add6b9712a98cd5eb5e93a5e44283a9c0b614dc81b51ae4ec99f2df72d9
864175120484581453683482079962486176185193500155369104423588921177379322250834082489183304374038697487834084609675858746433355728113743766078731283595263 433417436365204075708117446567324215441436430116350290009883913730875491554923782416670073819588177164892168735578377 1048895273351983954265626591550098582270429840606097910679240185740753362492802501619627667875823654270635682948861780 -32233741818488579861330346849757806928497 391
0x0fbdd8d4ed5b99cab1de0dd6fa7980b17006fcf508c505ad811d9d59ec1a58ca558f82c6dc102b3aa2a4b00cc84b64b991c2939fab9103b86ae6495617c750b4
0x03c12d53803b7ef9b5e316c986148e7f8469ef0c7743042717dafb97ad491cf1a04675a42ff72277a68597a7c61419048a66ae33eeebc4ef039e55f98afb4172
864175120484581453683482079962486176185193500155369104423588921177379322250834082489183304374038697487834084609675858746433355728113743766078731283595263 1710324629395387725679881164482871956462386077335394846951499975889512829976941480309058318324405815281836170216742039 2313569018737412800201442335198581942082783203115443073745002032994813063576365516851951795453838836928138953882583968 20071223879944582238941989165037304128873 391
0x0a2e251df05af085fc3ddc933dc098d0fedb999391e722814fa6c9a20253d234196f41e8af68e55d192e39d9372079d586ce33d998841f570a28521cbbb96cc2
0x105697129e11f9ab046891d35cf63e79bab571cea47ce4b92b23b74b935b9d36dc79cfeb51b36e17fd2232da0be33b1dc892a0b14281682d1cff9f00f157914b
864175120484581453683482079962486176185193500155369104423588921177379322250834082489183304374038697487834084609675858746433355728113743766078731283595263 1497278342001920744323317012073075881272133214156399501377621124223273312942093298732712351211041312252974068369862677 1887554052609780083551674914682254685896967164934573238135073209505432402794023721263729091900505501748540009562468000 44958853609660318292904280403187729291797 391
0x0b1dd2cf73c0156bab406b60817f998303f409f426e455cc5082f4b16a188e6a47468c2ce1ecf96dcf9abed807eaa605bbe8134b397af81d8af167bdb4447f59
0x03e48a350d5e0cd7eb4d70f4b4dbcc49562e6ed58da78969368f17d05c4e6ec8e71faa489ef5f82a0e4440862a0bea3467b469591bf88aa15ba306e694729a56
864175120484581453683482079962486176185193500155369104423588921177379322250834082489183304374038697487834084609675858746433355728113743766078731283595263 2102980064984103850214447765802383522952372652934730410975185990964000749120345003038563580094632577234172274776915067 2340745539656007074446772364979610293643602921089496195185967918856736205108148298234041512040642925877839233532871452 28555733779047497255648115245237473331661 391
0x02ce447738c2438269227d2cf5479755f01994c175e18325459d660a96fd93ec3a4a1cdb3c01e52ac9c668308276e0efa33b8a30b9a83f4528f04b966ed2b8fe
0x0858c575a7abbc77593b5b7fc7b35f59f066fd1ece1ceab1aa36a155cc84e298deb3769b1eadfba1f0ab056ef1cced3a0e9236b876891536c645d67f3900579b
864175120484581453683482079962486176185193500155369104423588921177379322250834082489183304374038697487834084609675858746433355728113743766078731283595263 573637004062546843051884447192753941720928263589436962576600836742520480253837377698887748400866465571559163745281921 1397773526459556113573834387945183241715583770564174493993592417148939222141493497018463017684174727833851697338753188 -26574483257627261363966036756111738486039 391
0x004a522bc04d090447fb5480a048692ab6c2fadcc35f1a8f5a894eaa4472f680eefcbf4ad9e2f0e2bd447a3b77e7ddf0544453e72192b97a16a30170371a68e7
0x01efb903db0ecb7ed64ae030d1beedb5818271d091d365d7ab2e3836432871ba11e543c32a998f8d7872fffb4a301c9b811c015d4caaa9579d30b6fc5bff85d4
864175120484581453683482079962486176185193500155369104423588921177379322250834082489183304374038697487834084609675858746433355728113743766078731283595263 795758623618716892950398774144701741568706429092196369972135145741168669095323004121350107863004645399506192563264671 346120481353770026223561898658347112498054904697069563181732966804418748464194011806492058959098864603877063060160412 -61422964117808280935295299916344334464311 391
0x0b51fb9766db1736e068c5412dc54a86e4dab6b09b161ece3a8daad3a21284f1f35b5a5652a3f0990bc001894eed5532d58f23bb56164424b1d99061b4277384
0x076b169f8adba543ae52e95db176f67f853f09daa39be55edebb55ea691cc07b4a2f7682bdd8bbf46fa98f6d8e62e8a6d9c2abfca864800cc255f4fd22b99210
864175120484581453683482079962486176185193500155369104423588921177379322250834082489183304374038697487834084609675858746433355728113743766078731283595263 1768958546950483271451601694987922326253649962061325874979096849409605204485115972079242413147799365988526857775586857 1885157653126500897242408177314566122592872141568257991920379280649539816853097760660704783540536570662113741906087148 -50896802766506627473487582631423186741871 391
0x0c2c2de6d64d2ec32a36af21f68fb1ca283ce057f5d36beb9185baa3871c6411a5d3473fe937ff054399230b891a7b8ba59aca00f119a4be095ddceee273678a
0x10682743f584c59b7f8e9065bae47d75e9f239b4b9fcc6e9f74b3a5b83cf6bb46c9fff841ed8ba5b4a910c3125910b1360dab4a82c0456ca2869d541959d79ba
864175120484581453683482079962486176185193500155369104423588921177379322250834082489183304374038697487834084609675858746433355728113743766078731283595263 1128145276236415757501754910884616346246120266375832612821002870482774204472238741951004098588415396583662935645531301 2068820430807424185352770537395973917502716524039214291382888292293625156678916404515454182255280151538154919244004268 12591997157144647716708401998447846525139 391
0x0de994807cdc3791667dac56d721a907ece4944de857fb206448c43b190496122fefc5e4cd306263a6e3b31c13305f1fd169891cc048868c0cac11f51f661878
0x00848bfa5f648b257e67e9d44ca30236301f397e02567ec7c8eb63c4af9e5428a9fc9d45cac740b84bce338a8c3649729f2557b39c2ee65a0364d6f891bf539f
864175120484581453683482079962486176185193500155369104423588921177379322250834082489183304374038697487834084609675858746433355728113743766078731283595263 1574594261910475989294236472549376429414355129431371934098832520624500221249206264229763233416117074859117941541745671 1822714584441019380573667855711587934661465219045442863586371048453959307692472787986357505873010141158754694848980152 49760176806759513711554708026068227680999 391
0x0039588a92eeeb0760969c2478cfde6ff958cd36a875003f0f8fbe6ae986c61552250a92d32921d2d3752eb70c3a6150085e235e8ba82386d63896309afff269
0x001c5ee637665c6fcb98a1aea5cf1cb33ebf0f9aa4f2c50924f2938a72c6f1352e0a1dcbb37af56263722238b007e8e30af389878f436ca43d1258f650dd4e21
864175120484581453683482079962486176185193500155369104423588921177379322250834082489183304374038697487834084609675858746433355728113743766078731283595263 772141690837178204368033983940401669860206777913324880123115399567436147947964809234603265586989867291546891732225141 1660344600417148901341961415792192472206453805612735604945509635342070335896125562460789936077763729765817836471139328 -25027914466481434476788467629453551701109 391
0x0864fd1206a194cf4437251f5314eb34e6f211b9033995bc77e3623863b80da7e4ff8acad9088d3656fa88fef31006101fb4907f228a18263a511c642bc9cd93
0x076b1e4933f21762ec9cd4379a9db6e9207c8bdcbeb56a8820c09bf7262efbb74fc4ba83cc585f41049fc2575919f3aae0a78cf10345bd45069ffbba5119f570
864175120484581453683482079962486176185193500155369104423588921177379322250834082489183304374038697487834084609675858746433355728113743766078731283595263 1055101475120152255219578101914003548493954604185065289836133170189237584068471225119285495867976975933101822950569521 2022748650042179231336443202070140902044972149886188148013703225370595410919495983716559761604007068287107925765734948 11616152956357477181757070917718758655001 391
0x08c46baec15a92a4d32c803afb1ed24f78c8ba8fe38e73fa89464e8ffa3cebdf3746c715b6610cd2d23a6c5e66cf430bd0d9dd0567599374851a784c290d41f4
0x03096350fb9ce96a8a632b0210335e7dbd05b8bf0f67129c8e293fb6a63c2e76badb0054397c13b7a8f019c5e4fa63499b3fc205e6d94f2842b130e0954b9440
864175120484581453683482079962486176185193500155369104423588921177379322250834082489183304374038697487834084609675858746433355728113743766078731283595263 417521989284704636623187765273770860322250099304561753461386517356802842214324620742298875723682998710672880357432737 767174312839719773494441523808134085853106257274399002524274730562026084000920040142605890377377081269773454910504192 -39419998526819560964300314618011905547681 391
0x03b5a75044fe1862b27a5ab344c5196bb0e44ad78e534d832dfe2b77aa2a18019331fe2e3cea7f7d1700b2527f78f4f09910d3c7a18e8a0ec0fc78811a00a0f7
0x07513009da660614c94ff247ecfb8fb6722db641ced4679873b88ff360db38101a61f766419ccc84c07ca58e5d68c382a03c1f39ba42ab9899ad2c99911cb88b
864175120484581453683482079962486176185193500155369104423588921177379322250834082489183304374038697487834084609675858746433355728113743766078731283595263 2277485103811670031228586783485894807352266987908560428050766040401900282084985362867971936126007197764473435541353737 2158920598352669976870997652815292491757712505424731007003211698617274728852024677700861644142871584544741377473094480 -43543681936732439095767566541457564519817 391
0x00bb922407a71fc8375164b7518072c806634704fc76caa65d2cf0eead8e91f0258bc6a88c43a95331937522a3565cecb2162d94bd7804d4258d5ea23cdf27d3
0x0f51bcddb6d747b4a26e9974c9ee2248e72ac0e5066b3079756b12484e3022c2f6e01add08dc3909f3dcf0cfffd38c427dc0db1d3cd97defe68ed148862a34ba
864175120484581453683482079962486176185193500155369104423588921177379322250834082489183304374038697487834084609675858746433355728113743766078731283595263 333811340600523765364835293424985298716856569237417508111846982175686942008115359309748672454553037157912395714982623 1253351316787326523885569154951958768658745078264109558104985678326496398019247007854649656952538246337578562595065280 1199578907495639586846020100185437727455 391
0x0d0386bcf2758d071f0e7fd35f2539d8a463030e0027d6f82f03075c3682d41d0b6fc3c62e53f7986433719e7dbf3e4c406a0b5a58aa654a74e7ce19157dfdcc
0x081e4b2d08088788e2689b162db643b3ba5434a7f152040ac35bf17f7405655be3f45c540e9eff5e9a4398cfcfe3d917be02e2619d4499a2b2c6a3d7ac27fc6a
864175120484581453683482079962486176185193500155369104423588921177379322250834082489183304374038697487834084609675858746433355728113743766078731283595263 1064796220799176838822001478708625006377784491787660789471952549749041345139476727813468605561136545798482871130777339 85779035437913757112029696006150085465233859704172509699740422505979165832174953311890108227964047857753563848394868 -69955737434556227946783680923398654045427 391
0x107d9af89bcb45f431811a682ca4545f44f20b2038b71813dcfa31152757acd20d6f43ca11e9cdb75cacb3d3ce1e0b2168f67502b4da1cac4b5f4fac320cc4fe
0x0069b2847657b01c9f82ddea08d501b0525df7ef7a086dee1e94e180d25e58b07920f417fc030ec0717d6f8af8eaf56114d60ef52ca13465b2558a10460456a5
864175120484581453683482079962486176185193500155369104423588921177379322250834082489183304374038697487834084609675858746433355728113743766078731283595263 651007100082771172340340467161713998307636356210349678200582446810412185770510950756370624739067166189211734692268817 913030395320403057275445964760046687962045728477073529715790576763339028114087565194427387260256676901740818800287320 -48418039974425476466150914731072518851023 391
0x03aa5689e79cf838533082961714593d6d37f4a42cdeebc2b75276226b87510a526412f85fa53ac2ec9d4a4495ec0021f8327f9fd53cb358f6382c55767fe906
0x09d81650349b3411707b06b88493411cbb066da52fd07d3c074cea6b04eac0a1f8b46987baffecbcb3c055523969ef1594fcc9b95a95ecb1e43f86cbfc4d6f08
864175120484581453683482079962486176185193500155369104423588921177379322250834082489183304374038697487834084609675858746433355728113743766078731283595263 981250433272804193428723745210355061137497085149626030816120439062392780126792870084543792743674798575360241955944059 1061378596705969508938118653143470924967360094617811262377073165596397046700445052156986000389768898072032391813639328 -57523523360411759600805956581576998245253 391
0x05914fcf277cd602214b2411031c5947546841b453fef58805c9d2aec4623168fba82800ab0419486aada64450bb3bc17782933c20ff226863131b12f2382617
0x0bed042a96089c6760eb4bf4869da709f74031e8f0d949d5a64702fc3ffa0bce31a13818eb6ec4e85e2c54bdfa0e414441377a4d8c53398603e5390a9864a08c
864175120484581453683482079962486176185193500155369104423588921177379322250834082489183304374038697487834084609675858746433355728113743766078731283595263 1884517964578292303342079868512850609053930242913489102075873254983964136414594908766562060027247764382610401440345269 1231959775173763374405061509573488745731115930155143224925542576255904426572044589703384845207477604711035125551707676 -71641252626556414544999245656287031817085 391
0x0909ceb869fbe9bcc94bf6910013d02e82886e2f9faaa5f3b97da611b68c922801c8d1c10150f952f9ac95fe7bd37151993e96b4de0ae8212cb798ad9de426b7
0x0366b0c2cb2379f97986aaa0daa2dcb225d1287b4e6d4b744cfb334023e03cb39b70d145a850ad9baf609f04e58d7e9d11871db3c2d5ab7f04627461fd3da787
864175120484581453683482079962486176185193500155369104423588921177379322250834082489183304374038697487834084609675858746433355728113743766078731283595263 247721708178900231249061721108754622552077492108076633055241970173640698179342272307776962070747221024805988668201067 1036680265231045897989585656599348168459925294099693297313744031287363541146472939927555674571507985778542418533933228 -11450313097733393751304817381790805784419 391
0x0704e7b010613bffc1f2046e1f2b3cac4b4572c7f08b439bb051abe3f7bc935d59519c00180d01db4da08f1820284813a951cef2e9acd78de9c898578991a851
0x06f929f1adb2097dd2f3fefde01e238fc852916f2499b28bae699116f9a89c8283681a1a4b3a0fea4aa2415633ecdbafa0c308a83c4d691c0ce1fc81fd87492f
864175120484581453683482079962486176185193500155369104423588921177379322250834082489183304374038697487834084609675858746433355728113743766078731283595263 2013030795156435916249769838979598665208741969582627975248281250791287735058712217352777093745989282102584720618403771 2227175106059715542232193711265231924818825714796678024737727790979539051938091380026788655510142040111064771939576948 36320985445367996000980021690923964903501 391
0x0f9c4da441e60c6ddbf4da4cbb3c2558d6a2b077b931cc8297cce3d79a2411b5a714c57fe8f15593b0a13d1bf99ac6f69dbe6e26a2b860b7bff9240a31aefd29
0x0e579cf83753eb54bf3491cde191b6a620676c74d08de445895d07c862daa810b45ac4d319f9c10c6c40c0e9ed5eb27ecab7b3a6dca472e588fff7ccecc563f3
864175120484581453683482079962486176185193500155369104423588921177379322250834082489183304374038697487834084609675858746433355728113743766078731283595263 538631971328733256622934046582086658122027924321195791937514180605330858543940451991050206675618864427970298863337077 1502219475030459831404116661171513873817081107866041815293484685075077884034120344528634029189208181419643030214237480 -14016562550223635698731330392072644677397 391
0x101eab1f6ecf86348916224bf9fd5ca7d920d87f7a1814ff28092048a1bdad0558829f6f082233e6feb84990dcea76c14dd5dfaee79fa199cf393f887cb4174d
0x0c2a48d26bee51c62ffbb0f9727dedf476b210d3edda724fb4d70c582530f9127455ea6f967c71cdc66c8131e93d1f18830efe7a7173b521befc77cdcb898fb4
864175120484581453683482079962486176185193500155369104423588921177379322250834082489183304374038697487834084609675858746433355728113743766078731283595263 783813919023776344465319631458341152575238168011410322207899629935706662586733106896533340208325692721667460744269737 1563001110716578310634021799804882417610717813626893278087737638586525646148508754404912421594356825994001995492285168 -32196110851716827301903979226760764830679 391
0x057c984dca5fda6439775e56874bad1b982718c6b4425e249004234abceb191aeb83c1eb4cb18323afecd694f1b0d2e1a846d2cbd24d79c6ab23e58480ad3b0e
0x0b555b07efb2242e58091c18065a29be1bd455accc7dcdcda8035b9966077cc01361ff691a204a2a482fdcd93e64d5a9d416c4e2c9deed43ab4b2a27a42ab08e
864175120484581453683482079962486176185193500155369104423588921177379322250834082489183304374038697487834084609675858746433355728113743766078731283595263 1028680199891785807286381667402804402315127360466639867592799223835096130465352785571270535273582303098320138750268729 1288182302292131191132708010595168278305197526257472408861206699120300272673461218425628510700004501492143912055178948 -53467787435110045647431005479582404803487 391
0x0abcceeb4a5ab28c120239fb03399ab5cc0403451aae8bfcfd81424417dbb2d572d40251f8b5631072a11b9c5bed84d68f9e3e6656b8b38ed28bf54700a8770e
0x1006369c3328d3b242bd0ef1b428db9d4f77e190b871469b1e91fd2489a86f997b10632693d3f354680942fa12326f86a02f912ec6b425789bf4743cc88d22e7
864175120484581453683482079962486176185193500155369104423588921177379322250834082489183304374038697487834084609675858746433355728113743766078731283595263 1248847656388366447435679380320050413368931876653889100645170001425015538591932621532449276440217482416233590013444023 1701849659609561309392662973873115339759772736548758844482032043953389579591489242865298073979645806820295100264478380 -46175779674551594665269661636131533930575 391
0x004c25ea434448e5cb539c7cd336fe3af6678aa55718f4f98b82a92b4810e4c2e1dd825e6f14226b39b32fe473b1fa8e7927d93c73f2fe0d479b4d83182ed96c
0x09a699b7ef10aa22f05c4a527e5d26716b2924a38d273e0c9d8de0672b17e5cc292038c14171917f2df29a0c7bfa0533d38fe2f842513be2e6aa84512d6ef152
864175120484581453683482079962486176185193500155369104423588921177379322250834082489183304374038697487834084609675858746433355728113743766078731283595263 554597659892346071042349753674174212723962715529112409391934856942077254777009581865982804692266942479597962122845281 1576587903767298906993126753605111331993268363551845820130680311357291990416612067694021873780986993109118184989822908 2119291363676454985427281667948673120951 391
0x0e362c821eda9aa580ad1a92e376d5409aadc4ecc9dc54a6461b9ce67f494cebba00bed10c8aea141667e94cd65ea46f9c545fd039876c9a46930d85b3150560
0x00586c642a617b463777ba522369929a3ae8d28a83c9d071cdedb8f9c5c1e89d2e421b3e3d1543ba3065c768b933c5017d12ac9c3cf1da3fb513ce93fb685394
864175120484581453683482079962486176185193500155369104423588921177379322250834082489183304374038697487834084609675858746433355728113743766078731283595263 1355538602064130268837817627896757688222273073621528584475509679449892729562706045243696564791683083630265826158223637 1827190768136175648466843578140916830364135841619795002413944813121338420125981737362889713205496107782315420853920320 43834612317227048202865299567525356964117 391
0x0ad4b43fdfe8f962c81753b5352f66cfbf882d93e5bc4ef18afc35b3b928cf12ae04794212ab0ad0ed5db25b128893974b2cd6ccbd0542f0689945a4a118fccb
0x0120e7063f0b9e94a1391731c63f53aacc407208764acb682727d2497819fa70b0c65f362fb9a74d44bb073d5432d96b66a6a706f1945873a247194bf5fff494
864175120484581453683482079962486176185193500155369104423588921177379322250834082489183304374038697487834084609675858746433355728113743766078731283595263 2213822796937793770244603009578324466695722485150707031825332437856937709605963674787844275821117145167167964799945429 1729137448262154740188292217872899810223195908076959879643732675262586865548355196660469092032723473492647750992666728 -61555158141968692999216545193600040062603 391
0x08732098f0415cd252609e971448b69414a8fc754dca0d6c3f62a852bb9f464c8ab8a91da484a943ca50a66bcbf2ae3adf2458fdcdbc7d9fb71eb0659fc9556b
0x031e7de9f8b9a627ba1347e1d7ed83087d992777610b4780e4fb7faade9079fd8968f1bef857ab95372d6de2279e64d4e29f635b54dad8aac15c563c955b4bc6
864175120484581453683482079962486176185193500155369104423588921177379322250834082489183304374038697487834084609675858746433355728113743766078731283595263 1883166003415782457892335200182772493127360319921355341655351070356969506377725444703191398013378450246688037232017825 1982028761522453238500880166884863086970552651079941097055734200462666791738528627847870797470463977730509721852668880 48382449084722365596165789116945814902305 391
0x0b83a82ea579050ef23b3651ae8e25fcf6f2b83f8c32eb7971848607a5894e6f1495413b4cc8179b622ba0c7dc79fd3afe5a12b9824de513ec500fd67ea94ab6
0x0cdc65fe5e1b81318048b0c89d2537f1578569b1187f540a4f1216656389991b5ae984710647c23e4e96690a15e4a90ee4819aa05587b1eae4247fbcfe218147
864175120484581453683482079962486176185193500155369104423588921177379322250834082489183304374038697487834084609675858746433355728113743766078731283595263 1439952814196530932429706815991137413281567156297326558545967489742000485804619606745674316140562158423600420789850487 1602564513805187288107722330424886172871837337342371072134692900202876906585476634382883050363359282613531821920831892 55068681981633568993525267732404878479119 391
0x064fdb3959eb3a886f0194f0dbbb826d60df764e6ab6ae211fddfc3e467a91c28f016d707ca2c991302952293645ced44b2228e24cee6804fd5b47d00c208c5c
0x10643c9d9bfba5a035f06640cb916438793f230e229619e9a61392aa5c372b171f8881266b59e1a75a9af46eb160990e88f412804ce24274e117b1961b17d102
864175120484581453683482079962486176185193500155369104423588921177379322250834082489183304374038697487834084609675858746433355728113743766078731283595263 2322545465573481199060152158438650777676658927834779806924453175068293808593515614199798709320360737942814959032930675 2281987673526810450739983527616635934730325031171981073277039279233991920260477899698569907756835198734298372460180960 35871220097471539752408165107814377342835 391
0x02c3d8c5b93ca388948a57528a8e2ef1b887b3d57ee3406e631808daa75b4871e84919d96ef382abdbf9e6b9afac4cfad7de593b907eaff9546747b82a6903c9
0x0f5acaa8074e3db364a8915e552562f82914ef0cf91078fbdefa22b87527a316b180ab17e00d3cfbf702ae70e0cdadf7c3ba7e43c78de0a7117511aeeb7ca788
864175120484581453683482079962486176185193500155369104423588921177379322250834082489183304374038697487834084609675858746433355728113743766078731283595263 2335896525527426698030541857084569819153397246159416105880691491236114719079512498061200144865246977536928919400169627 2476422739957875801992688357999622163313374971703380805247853263882749759994387433343681858729250799661243828561165752 -14902155613998439233030927429708849034501 391
0x032388540a67b81c0486cc4930c50586fcd67e2b82d4b6edb84f1610bf7f170a78b39968048baaaa415cc1aa7d22d178d754db1421fb134893516c988b06bf42
0x01b389380cbc2845e47efae571965a2127ef2fc5ef3371f700e07fb35cd52eb79d186dd396e3a366a85f51be99d8cec22b681863b996657d8eb2d93e34175701
864175120484581453683482079962486176185193500155369104423588921177379322250834082489183304374038697487834084609675858746433355728113743766078731283595263 2518960251630064686224652429846001176789722481589957501307539318402412285313357263498423410971621474814539167588778187 2251260412482765141716597231675997538116221447722425753908967230591062367536630224425146916145134860438078490235286472 38650131131641788395661614086629201959211 391
0x0ab94efdda6e1e7e1d03d069dc00dffe7366c29dd0cc8d5bee42b7321b164033838794c8f7ded9b82bf555294d958c65154ea023d130b680ddd96b0f0f798f36
0x0e441350eff01d3120e4ea2ad8dcbaa040bd590bc4164f0e4528fbe00dfa1d32cfd430875ce76a9d930b982a7e8aefba2ab36a0d1c8e9062b7b52fdc7c7fd423
864175120484581453683482079962486176185193500155369104423588921177379322250834082489183304374038697487834084609675858746433355728113743766078731283595263 1040727333159158382533402504427631126260437366042912209676168164139964791805975149612657709687580946690424721568786527 434393494903778058887762988270618107152979981748260583616284192018827094773266516310027544743251030827837749901092480 67839051760189116909023123007010857531297 391
0x0aa453ce5ba636d32a28b34054ff955a8d9183b171acd6aea1dc4a329e44d1395cf65ac8c9bf681ba8736b6bebc1d6ce7788129f6a80c05f1bb8c1952e186e79
0x06fb36444adfd279491c7729ec35560fc04c2310d5c04abe426f40e21a83dd53ad6d2dff3191878be9688c5a141cdc931b2871d49c6ab69321aa310550653756
864175120484581453683482079962486176185193500155369104423588921177379322250834082489183304374038697487834084609675858746433355728113743766078731283595263 1734252884134506877194911773707195557505194429073257418782048411616827094077094631728755184801905484168780884873288807 426714628434867281733319416239998452696523658315128565707987979339022854869897648638369416724297521019698328650084620 -80189193032539736127133903578512350848257 391
0x10014db477a1892ffa6d92ebda4f2e0289909f67fd233d4320133e8b17a4d8f079031342e002ec202c6609790bf6886f726bb34e8586fcac0dab080ae938dcb4
0x0c8081a98ebe5e7924ce38b78e5a9c5e4427c9c56bf27be6b892caba37f1f4df3ca9b263907d848c4ce7f10d3bf87c71f62f5fcedbc15e60b39e1257c96d18a8
864175120484581453683482079962486176185193500155369104423588921177379322250834082489183304374038697487834084609675858746433355728113743766078731283595263 14199898886138607937257169826844151564042565727226299851862570819677605061104789250134309553539491266446312802882175 62996675215147032719341918370059413600178881790532940553787158012993539454062421520173437734315769656102388067706960 -8834426729854616474528578438334898870785 391
0x0df985a202b161d601038660566212e7f0f844cba1b3925c894e161e4b23e0fad7fb9640c31888de6d50f09075f5582cf328906a19d0209239e10b5210956861
0x0ada4fd0089b2503021635e821339ef96652cbf97c14efa7ffd08e653e808f2b247f37c6bdb82002b2ef17ed5a3bfd377e3a11ff602ca9535c8ce70c9dc97432
864175120484581453683482079962486176185193500155369104423588921177379322250834082489183304374038697487834084609675858746433355728113743766078731283595263 2197556714441615903255176691121255910551742760664003135150003497283685741873198072391667650041024531131061210736025081 895222800779827375781914682035506248517216569715414559191684321800330336806244047072185309464104172423499132832552472 79433017019454629279798933837578523487769 391
0x062c679efc256b464c5389c8f5d801408122066de96e708607ec74bccae245e1dae0eafeded97f252113eb01cb8f8ec4e41c8295a5e02e83cc59ba3c579a279b
0x0651b39d0a841ffca5789dd1fdb55aa4599db2b401ffcc7896df3ddad6d5ab9416557c48c9430c2a28dad7058efda3a1f461a5fa63ac7e312116cb299671add2
864175120484581453683482079962486176185193500155369104423588921177379322250834082489183304374038697487834084609675858746433355728113743766078731283595263 1299092901646686061902837921545731665950202249876665662164279612799761679777620808012007319717321746814003342744461637 1595868505471995400154079628671207962995733574417834401902310009583694692894508585538514757453392473772099644459479928 51785377074421996102168936645277638714139 391
0x01de07f0344d544d4a65bef9909b1a39a29d5593562dd0339e80a842355e15d73bc95a124ffeb64b45569fac2489689bce19b4df8dbece0c7532925398ebd139
0x092e487b276cf120bc7fbef9744949fe9f67af51333d8a03b2dc8ee0689aed4bce6b2fee2e46313f258ba3ba5aeb44daccacb623beac50fc7b94a2e51028e6db
864175120484581453683482079962486176185193500155369104423588921177379322250834082489183304374038697487834084609675858746433355728113743766078731283595263 964010219492633543393021849939793122195881181067234874381969124073466917551656117259224132666570578390931293362055739 1528221698969571857856591747419358460038460801166377205071910472084810620995962549959111009642719033543680394394981888 42990672012020910137378013040979205166533 391
0x0195957a3276070cbca0214072766688b7be796b566d78cb02ec00adcb94dbff2b4c3ee18be437ba3abfa0668f84f67abaa015b6bdc4e99b43835c03881fda1a
0x0426f7b40b413729c25710c85fbac4c3151f62b0df567c46342132cdf0e55d5fcaa89a4fb0738cf2ad481e1cc6ab3fa593cc70b5e8ecf10e902f5ae6f4877393
864175120484581453683482079962486176185193500155369104423588921177379322250834082489183304374038697487834084609675858746433355728113743766078731283595263 810743144768522723157665427580203754541738052414958768643181252783741233957663333484644889153691838782379227436298447 969544899525802992644162378291339840432267192684360081569199692654236073760005107645179536980124343454837893900092328 53695831309317665034697713029917701970351 391
0x0f762ba962334adc40d50550eae8a1301301a7ab44d98502bf49242858849bbf96f8a3a99c7396bf1ce295b44ad1b7e7c8f03ac69e0a5e4cb5f73ad9ba2bda45
0x0ce904d27b6fc3a4269832167346e27aef21ef2c3e35f615f8f8dc27b5bc07352ec34d4f089b86e3b00f2c2807bdb212f1ccd78d78da77de45f1e305ad729e64
864175120484581453683482079962486176185193500155369104423588921177379322250834082489183304374038697487834084609675858746433355728113743766078731283595263 2327133240671629547387843264421467786894136666023312930143483651905309368831307400889828644222026668372390531397616217 2409413849950711782633521091161839323266625500982136615405013586187693227400511787014178943012052386200265863955808960 -24434984883073654430704896696001860629927 391
0x061d706f165cf190763dc32a9fd62fbcdca802a3c268dc5b9940ae8578386f13763c4d1cf55894a80dfd7e1ee5fe4c94d49585f5e2c59d58440b19e3e60a2a82
0x0bc828a66bb0bcb444224a9a7aa3d06d3c5b30d984c1ac8368e7f6aeaf73f9f3cd9c42707d922f2b7a526859e8060de9878ec982d020b74be2140e70a24e090f
864175120484581453683482079962486176185193500155369104423588921177379322250834082489183304374038697487834084609675858746433355728113743766078731283595263 1109142444575756129352089592874184803597272874330584220996026689574640730146856754617852578595380579251722558534014221 1299571001465602007707528504643293984660539708730971674963024740595233923447831709427090563552690171038152509656941888 -55634889948346137494031225838789770461939 391
0x07cb0c4982ae269248e20b6e699a70fd85f0f50a81425288153e6d9cd06786461ac420e249eedfdee10ef2c21977b7e872db0d66a7cb74a4a61adcccfad41525
0x06e8d1470ecbd6bf29d6aced37c6c7cf0402fbf70b3b0b51ddf385cf2beec8b0c8c1f8c64d31be9310dca22e09453da5bf5d2529f07e69ea68e15ae8f1ed2ab6
864175120484581453683482079962486176185193500155369104423588921177379322250834082489183304374038697487834084609675858746433355728113743766078731283595263 1773516142766119693564334668447522460313841480875993378019769917934317657118996334770204055576373179450384999934995609 150322129948735927616363496084012580849867725766080047930645021282331603128699603964274721898103836443338006454910924 -81759620922306236388661465599263135170815 391
0x05ecd82c7f4be90cb6c9cb6748f7e8261d7ab40a9aed81ddc7f983a2a710dccd2545e2e07f73dde85aa23e5912c7129675e69cea66984fe3cbd7a8ae89bec1d0
0x00a3c9ac88ce2ebf57c0a377031a7dc156fd69dd631c3c9447f564491ee415056c6846c4b682daba9d358a3be63289d75d2a975b8d52c74d6dfd73f1d0fd35ab
864175120484581453683482079962486176185193500155369104423588921177379322250834082489183304374038697487834084609675858746433355728113743766078731283595263 1971348409742288180586082612279150720583555209428127446747562933526177797488883129697366069972202441538808038736297391 145474432039681613197532018609893152485154348640155887983919480123083338956332403210435633813489635508625345942890152 -83567796540258374993225316920384007900529 391
0x0450886151a437333962e8ed2698bda437f94189e20e81baa446b8902e95f76138f33bdcb9d747f6d92fdcea8647abf20f908243a494f2158e03d640f5cf5f86
0x0b06104d6d84f6a62f5cd498949fee0c5db0adefb0ae0b809f213bacca1f72687d80493b50c8407333b3f5344e49702c9d9caada2e0b400e6c7f334d536eed36
864175120484581453683482079962486176185193500155369104423588921177379322250834082489183304374038697487834084609675858746433355728113743766078731283595263 189657902622225845529943610760191990950704163154495663411869567772221643981687333822649293418750692452947534699382097 937092319444178387921772115314648032621972508157823613474006868106666747278816664391974958081859751592718732693025908 -7006173378882100194425524775222088143879 391
0x000eccdac9e64ed0662a7dca1dbcaf1a7412f1fcc0beafc669d53ac44f08f39757b1927d0365f441a4f6ca7acbf9df3e43c1461844a7cbfb85394f9040007e33
0x05ff2bac49f60a4c5358447bdafc0639b2e1f8563d09ded6dffa7494d102a32bd147da6a2ea798193669a5ef3a6c4e1e5b05e676b72e567e305d8e66ddc67582
864175120484581453683482079962486176185193500155369104423588921177379322250834082489183304374038697487834084609675858746433355728113743766078731283595263 1619857801863877121263400328772617618191193351472033388328263353435174986136447785561404063557236304014102754600364757 985514340674566743850133154474289662202404722382972617111683113042369786706213265392693148782019588818161652138664660 -72756395462498124712818025994387774609443 391
0x0341c5523486beb04e18d98386d3e124e1e9c71a7bde8d8414d128775240d7b82b2c30632db5de17c06eb1d2a87bbad2da4399ec700fedc3b5b2f42490a53211
0x082fb9efc554c1f16dd39b223adf44bd9308783a91dcc59e212d08b164740718772bcc488c540d6c7cffa3362a063ce44ce826da1c902fa2bcb90201b668c853
864175120484581453683482079962486176185193500155369104423588921177379322250834082489183304374038697487834084609675858746433355728113743766078731283595263 270147784585766385084583582421126178291720241974710196230810672275918822873403305023686184248153051190822766661563499 1084616750619676213171216637037409608038861526306997294544881365026411211958261611249793572607831092620041949026478528 -11440386848828312038552797989614309602197 391
0x0abb69dd02a599c2ee0f8dc9069f8ad856c9530899d70d812a3af5b2a58c26662e39a4d21a0213527aab32a69c0611a80101c812c7b501fde6874b6b9e3d4652
0x0b99a0842b8cb2d4c3f32d00c4a6aa054671a68ea49ad71d382db3777f845193ce14f60a2e9f765c2ba16c768bc44d94f9390416aa5ba82ccc6f1c5c427c898d
864175120484581453683482079962486176185193500155369104423588921177379322250834082489183304374038697487834084609675858746433355728113743766078731283595263 1992814743738757572075213145809113169330092287165519864610878069676221807621701726373039460415328925661285604432530329 2461991672151232638718840681979773163876329055968890121508980347821651052043713406784250273457796905171792495104622432 4559003654878591864083981902821185630823 391
0x0c04fdc0b946abdac2302819fdba0411e2da2975fbb81afc358ac8ded51e30b9480c544f00d4d3a7eb68641e6f172076ea940611a4d78d355f2baea74b4472a5
0x0c6df3e66f5ea9a50f1cba6ec6a36bc221d816f666f3ab694e7c4391b0908c63ebb29a0ec292ee7e0ab4d22f02b4b926ae299c052cf432d3d6712f5ac386a1a3
864175120484581453683482079962486176185193500155369104423588921177379322250834082489183304374038697487834084609675858746433355728113743766078731283595263 29241854270714182439581169587105109902808513911331740698713545832205855130299413324407738718669526749657842015864731 308909233544620388499882871093908651505739494357138681250983422523959977929266332190898054568328238965127584336925768 -7697225671314953777405386314998283690491 391
0x026584c37c2140f80f965232e31f685697be33499aaae7a142607398c93c703765f53da922c60bf96ad70bb56de2b7c8c1ea7b227a180aa3b79c3f41bc096536
0x0a05da005852df900492beeeba409999c01c397620a578282bab28f8d826ee5837143b24f9599f2eb3e97cefd17b07e848043c7fd9bab31c7e11e0f3c5d87934
864175120484581453683482079962486176185193500155369104423588921177379322250834082489183304374038697487834084609675858746433355728113743766078731283595263 1318476184798123666432776683262961048664284872868388394211042705862895647063274244979091902624221786390620139364415031 1807668729299390029917379500303331928588271494088513087257379094508540616392059440460219758354408036101492079763255388 43611539003278922512528149465432265273329 391
0x0e0d43b4327adc084e1420d729e91110143402348fcc94143a73146f41726de0eaeb69b41879bcc8d16256ce996c7d6bc51b01a2f72077ce0334ea9e2bc25ce4
0x052b5746a546c845304570fbf45d85d2d5bc40e0f8137c3d2e23170f0381c38a45d73828361f8d936d566921419b8bf9973861b9c83ff3a7e4088c44a6d6c4b1
864175120484581453683482079962486176185193500155369104423588921177379322250834082489183304374038697487834084609675858746433355728113743766078731283595263 75500134349082926876922565524160633757202747774448642529291944765772016957472723339511035542274735981684488678025249 90293674663627269961220288480358548997298641317680943941108374163522537772457538802826281985514225104706077222809624 -20605815752441360317968929859136124773185 391
0x006e0db7dddee9fa5cebbb2af72616c8e08fb1177c23fe85f1a6e0fdc0900bf213f430337b77d8b8986f6708a69fb962a6c7fbf619d199d1664723f93fd11e22
0x0c79af579ac83fe683bb24a95cd275fbc6d064b7671f463952b7795d577842279bf75208ff8868a37398f9ee98042289e16a1dd2a2ab6b1390989c433956dbe5
864175120484581453683482079962486176185193500155369104423588921177379322250834082489183304374038697487834084609675858746433355728113743766078731283595263 325441326877781475658859921116834025138420850101635229632998581437740498398360964081812935336542475046372395584824699 1169372258604934474673570121803202962720662851077417366514943166357266923466795714806275222061545558603403129198133272 13943158787618033083747383624246139938597 391
0x0d2589edd07456cf73905708dcb3a57587869ba11271b44a8ac1038a72e57142119e4b0d53bb0f4bb3f0ec2aae6d401e9cbd8dda83be2992120fe4c9921a1bbf
0x073bfc64244ce85bde1e516b41c1d1fee23df80c605cfea55ae4a61d26b2f8b07cdea44b12ae75b07779348653b01a26437159b6b13e7b7efeeb0158ca3eafba
864175120484581453683482079962486176185193500155369104423588921177379322250834082489183304374038697487834084609675858746433355728113743766078731283595263 1361180127981689594968723063589279189557944195477993908445000419788272909400954071683779045026300027346236843484488397 830411488168452701315049188789111765611925562916946350343413093001733809031674047823334235325829815845952391414119168 70725265756652392558380441575839486303539 391
0x0a7a46c5199e289a2cd9c70413d42717951229a0514771105a4127632df75af12d40ceb06295a1b5ca971c3af2b1ec11da1ab63424a9d384a700d364ebbcf45f
0x07cfa1c5ab68e8f89a4828f2a796b3d810024f1e5f47ba71f300c14330f8c4a25c2d4d17da533819aab7a62fc043017123c58d3f936fe139b6ff71db9db161a1
864175120484581453683482079962486176185193500155369104423588921177379322250834082489183304374038697487834084609675858746433355728113743766078731283595263 62105335442324746080530739751567211405929858850323218670922056786987275225487122752068192177513541871035701876244277 355313845060069518912803354254540803682066094936586522415145938459110410648555532355324563449920477396667869955912452 -14556859555244443303218147292194093197699 391
0x0f379ae553ea5c0b76e2b76da84af7d1dd3727e960d1f81ad88e07e8cb7ed8c4b3070febaba5ada2ca00ac11d06e86e14801e2397fb8a21761a0c3ef56fd8a50
0x04e32821d8347a0d24481d3c0f2c5b510b381ec70dd32ce312b5a0ee7a1ca34e38303b1562b8ee33a1fae7384f8a80ece0c605fe81c5434c9d895018be3c42ee
864175120484581453683482079962486176185193500155369104423588921177379322250834082489183304374038697487834084609675858746433355728113743766078731283595263 1565864987959721707283050780845778556764383237765334508152660175957581263158318561081349286009254422645249889273129609 1349943638537709405821477219169654767523659586834037821158943892179689903135405422322558929866702330391912807829922924 -64749850052919896034633846926856907672335 391
0x05af2f80ba139d2c408df575ec5718d54d88fd169087542b3f46ab279ba589b87b72bffe0a9ad193e69d4aed0f3b45aa0b7da9a830525088dacea02fca4197ea
0x007d1b9ddc3d14c38001977382603c7ac87efce125e3f8da8bed604a2ce6e202d14d29c01123284d337e7537a212f619dcd318eff15aaa7b7a49847657eb17a2
864175120484581453683482079962486176185193500155369104423588921177379322250834082489183304374038697487834084609675858746433355728113743766078731283595263 521426802194425870526144842254122003209216470067736941022814820337738829836669205528703086003620389027466126755491197 540116662214657250895946595117003528441500432711901140241965135458738776727033876223138302195008246208000689837797128 -48897129925325545119441322824200025070051 391
0x068d7c93a043a25046990e0484b1469241c5d029f6c5dbd617d02783e0df104c51d3424e3fb4632006776601448cd8e5e0227d5a57bc75e6894dc83b4125d6ba
0x0fdde96748f6f8cdbc8820e54ee42dbe3e91045c04245bded5441cb0c6ed2fb79dde05f87fa4681d625a7759d5b5f43852a15f88cd97ff3bc192294af124a8b8
864175120484581453683482079962486176185193500155369104423588921177379322250834082489183304374038697487834084609675858746433355728113743766078731283595263 612563534742342108996754592293454722595727072930433273399582484419221852848339323661706934350141950873659581185385977 967784474772894940370533284922091964444773610753156972366092890697347434951379296404550887302231454538366880565547028 45354016756836638985093731360531648943329 391
0x0b3f424976e3b145fb15c2714b6bdab2b288e0ab210c1232b5cfcc6e4176f6576f1d0608c848d1047d10b81e6631a6381c45034238f06ba3133550bc4210371b
0x0a50972f5dfcad4c126fb64abfd2f5642ade8869e67b3b827709c82d1b2740d76cbf22cd15e305c89ebec458f2cbd478c73979ac2351bdb20669b60e178d5513
864175120484581453683482079962486176185193500155369104423588921177379322250834082489183304374038697487834084609675858746433355728113743766078731283595263 1809394142609223687161422009587830437151362471709277690846274828134499355568570700940010164318920999044614365392985341 2323797165193764659679284327026818033745940453887539085496052459198151170162105821757997659641180807507089719745960220 22861530265439877603029525440625217162107 391
0x0d37d1875fd054ebc8c9511b05dc72dcf6c533109948937898f22a4a0f0f761497e70d4fcad2871bc07ae8a840a7b88bf34459d4ecc3c7c75d1fffbccb3b8606
0x0fcd02221b54e837feddf30fba818899ea38e4a95d3cc61dec777ca95f30f1b4ccb27038f16c7cab0966a326169d4a2fad7f65ec6a89eaf3629a17a7433e6370
864175120484581453683482079962486176185193500155369104423588921177379322250834082489183304374038697487834084609675858746433355728113743766078731283595263 1836967013444503912331143205123850398153977715546652711069960996438127228575618920887028790194162304899901189796756419 994385887443615319651251298491183800049132993873250389491596081416375728773883740437031989549515133332729828536319676 75311232438484122739518065173882969115835 391
0x00b26c11225ad4ed392a4d36767d6205b04d44152913b2e4e4c11878ed00ba2635c2cf6ef4bf8be757120fdf44af9b2faaa74e58ebc52bee463a8d9d44ef624c
0x0407c0193e7d7d9661b1aaab1f586d6bcb65cca6bac195a27ea51ba472129e40f5e1c61ee7aea966b36ad50846cf30bdb99556108b2aeb73919fcfbc0222059a
864175120484581453683482079962486176185193500155369104423588921177379322250834082489183304374038697487834084609675858746433355728113743766078731283595263 645007346831816367165597177394500683917281272828776787473107483411444556574523451714333898532405761157889590497211557 1064272093208959203215041962078206202676731309704679354216889362035853894845629453161703350937736754771092047617677728 -44409861635545923823222465023892990713509 391
0x06b3e1641146482549220f0cbbb60053c11a4bd720ad9b4bb97d93adef695b5ebad35b74c2af38d1b7fb419741df5c9560f726fc123c94167259cc0a97732f87
0x0e311d42667f4463d76b5c0ec455e3dfbb8ac2a9e68420397b9b7818307e6a56c08439c86e1b8f060a57b4de7cf2baa4eb7894991d7f9cc3257ab8e53c75023d
864175120484581453683482079962486176185193500155369104423588921177379322250834082489183304374038697487834084609675858746433355728113743766078731283595263 1083176132566242250593509255868207090612604782531091318580970699811218667329876589035357394945556933132662508659852173 1579072377971645309826226262382811004548770963388282751444096541994324443600667844041679287663871247756335560078735500 -45590872854878605090513439469717496901205 391
0x04fee80b9d6018c30902829d89519842a5110e6bbad132c5fc8635c72d7942409f2c3167d4168572f99a8ef2749397c4e5d7b144883da0288237a4e65a642181
0x0de66633b4a967932398945eea7ecaf2f4a920bcd227dbabfefed5b653f90b5af28a0192d66ee0d22306bfa9dec904f69e4724a336bc476987ec26d0a0ddde76
864175120484581453683482079962486176185193500155369104423588921177379322250834082489183304374038697487834084609675858746433355728113743766078731283595263 585793592148595708850436840552486679256859924584980522105170459989401192205987643586084632650633519891866695231281721 1146219379894160999250356819349420100157411840163758318065303602121004710581409106658770249674937946697342052715776988 -38747591779735133676632746146873397592289 391
0x01f2f121227db31c49dc77ce1d64d71bf28dc32cbf243f7d055b54806230d1c3adca5a390420113e9da2b6ae815bb8d105f2696f1ed392fa332854be14548461
0x0b8511957d7c25a0074d314b57e61b7b5b1a056b0dfb5d8cb8492591b009816fa4768921bd6f882471699e0db2e31dd9778ea9af5aeb94c35c4548e8e13682fe
864175120484581453683482079962486176185193500155369104423588921177379322250834082489183304374038697487834084609675858746433355728113743766078731283595263 1083910275769154751835138735786599460806111204583145096465795335614757523003861921545847870057153851643270177987750967 1205429164293227679487489772137620659692287015206893923031540938212045952475229451252084803251992374358718267752433948 -57314095944645054648698660191951757498639 391
0x016602326e942e0138195f2ec43e29bf127484a87d093e80b0ab0fca136bdee37c18cee1f7c2e61bb6d44bd0a0e06c3efe4546be47907ed6cb9d643762e7b565
0x037139de6c40cfc2296cf14199b3baa4d19673faaefbfd8bc99c21262244febf9e4320c1fb758f784b76670bf5f1b617552bc19b98fffbd84d8d06aab935cbb5
864175120484581453683482079962486176185193500155369104423588921177379322250834082489183304374038697487834084609675858746433355728113743766078731283595263 1579119799185486017966863320507170066977775785265515535608903245876759034922514343316503131160455096832069707508117137 963178088356288501397214246225738076628185651236109628593563938555596932666526699648409647195671145061311565977883060 72504553781234671622412765620334006614983 391
0x0f41f0da6c480146b2fba9b5a85b65e795d9c287d5f39cfb555f5fdfcec57e7a09daa6083aafc6bc26912412df4d2e20c9df0066ecac07a34cac8ce85aff69c6
0x0154b0f11a6adfa6b9fe303ba175aa381f7ce3873433b406274c5a910735780795880386dfc43aea8dfb4471bd91559b7c6a41618f1cf649cca94c9f624fd024
864175120484581453683482079962486176185193500155369104423588921177379322250834082489183304374038697487834084609675858746433355728113743766078731283595263 1760538350742612510458467211371004784977112541584548507791253592551963760710525975345573226309939849394564349041677237 1267961909895216134811081927597494420816272779803511127980824533306686322676029038187017361652753211639840339008564552 -69481637149624791236660339388461775321259 391
0x0332534b4a99c600d2d9562499464d86410ad3c8a178c56c4cefe28497b7379f78cee42e169586381a4b9debbcc472d266b4f19779845ca3ca1592f5bc49cd92
0x036c6ff31e9788d2313e98cb051d9e5d2150e9d1f4fb47ebcc2a4f8bd6f815f0e2e6bec6c4151d346fa4c2e0e1e8b1047733d3feae08fb5c8c4580f580b5d54b
864175120484581453683482079962486176185193500155369104423588921177379322250834082489183304374038697487834084609675858746433355728113743766078731283595263 366641658791302647785902777536786839684662959783344914771906858334556470612227337467109360930761674094478254280170227 1288978653731223562494911410349256149987932882279870486076924635677141158867163011782565452495388189333501733579150388 -7849753642176054958215135770924223375061 391
0x09498dc0466bb5cd392f73e8fde80fd77c84a89c20a491f95289b82835b1449b9e8b7f6e0c5b1632c3750fd7cf19e1dbb3d194a47c2087e1b5db3770db61ceee
0x0d2e92db08427fa1e0554f93df7f8efaf986ba3009df0a97a12960ce9c44bf4330b1e207af63504b413e16ef65a40cb78749b3eb8be1e5c56ab9b56eaafc579a
864175120484581453683482079962486176185193500155369104423588921177379322250834082489183304374038697487834084609675858746433355728113743766078731283595263 439587940961017480216049596942234275275071279408202840433492456712413393133221730681941741828180294288543088466467819 1421676847845967254986265534153633143697262643079884875004787579517661893102137771778726442889424739176671111200242012 -1747893727744153428078431657180081408733 391
0x0222dcc06c340f022c4948f2ef6451a3c1616c63fb949141920a035f7746ef354415d6bc31cf81dd09418bbc55b1112c7fb43edd941becf9b42bd1bb3d52c88c
0x080285f0257b128c7b464e5585d10086b2dda2829d1c8213ddad5380ea2b53b029827a1771142f2b7499c97d844b504a8e42f370234def7d9157a622c7e3922c
864175120484581453683482079962486176185193500155369104423588921177379322250834082489183304374038697487834084609675858746433355728113743766078731283595263 1586583320486208084416487612957007249451987588329267653619635252214043868797589157362865738571635418362060723121498739 2331724000699778459250902717104951097565728346266807721023417950434526338843156705033972110377095772402306352745868792 7427996574360335704557415048098062461907 391
0x00977948d91b235b48b43d5d00c99e3336349f6019830566ab3fd77d81ba97a3853e60d919dfbae0ffb6aef77b2d1e4d7f23563cb47fc11db550d0c1ce34e0be
0x06361191a0c00baadb7bfe527e41e89052c59a4316fcab1d974bcdc81b5044fa2c6fe3e8d444b75e8ea1068dfc3538f4798eda9ba4a497f3078a11d036321426
864175120484581453683482079962486176185193500155369104423588921177379322250834082489183304374038697487834084609675858746433355728113743766078731283595263 601146759266051984579706814838202537031728905270353643591820816233274580483531874924756922653278755361103663790550889 223693052242758162219282141034370635287233087249994417373175675698275814818000390253890061835408016011951564345242288 -55066360222708305167606652200228782176233 391
0x0064d065f5302c41dc405c6b73ddd311bb412f4232d27520aa82a405ad54d287b45e95d29676dfe92610e0831145aea4103a9854f1a27ffa5d4a1ae6948cfba8
0x0aeb5c64bd5b360c6441211cd64d607481d3b36f499fb5cb9a06029cdd5daf9b1dc1d472e5163db2cb3babf3ad273a3efa413de9613e75156688d72f7a9dadf3
864175120484581453683482079962486176185193500155369104423588921177379322250834082489183304374038697487834084609675858746433355728113743766078731283595263 189669104917099616130910671061081548535466593364583088974259962591880389532568327653207278933238306787025656927811101 669855089555180460762325978512860543495134010981160699738887880556303390303045508884665000152619468070018034814805952 -23368329303985223838174515226957711106531 391
0x01c9d8db5c2a16be4c5d87f295d3e8471d8f80703b4b59c332182b9e04b2b0ea3669c0ce2fcacef5f289fc2b4cd82e61eb6feb24bebdcc21f7edc7096352fa3a
0x0aa884eaf74b6fb90a65546eeddfb20cee7a2e45369c3af880655fe3a0594ddd708e8fcabcf4cc0f6763762d03dc492595541fc56740883579d02ed4dee41333
864175120484581453683482079962486176185193500155369104423588921177379322250834082489183304374038697487834084609675858746433355728113743766078731283595263 1452350054137731784125984995022014076654490760255966246363600291192522336493624126799140948457183569535240645119649577 2252209186662435799987175367274342694519675029465074662555428740473009479411663786110608052808202306858542487682211760 12868136803389505216204796192970059792297 391
0x0117a0d66e249e0743b6427a850a4c3db0fbc3066ec6c7be396eb1888647509403449b492bb7bcc22c760aacbfa4e8a6431843b1973e982bb76a2a77371e289f
0x096f565cc87206660cfb5dafe82a6e0a2a3d4688a96131b676982c94183e55d255d62eed7a7e8ae176a211e9672b664aba142eab555b6093a51ae81fdb4e9140
864175120484581453683482079962486176185193500155369104423588921177379322250834082489183304374038697487834084609675858746433355728113743766078731283595263 670979179619612985535059051356775141142842232438536604552659025766580087249989509505474016380870990616697009708537791 1655206072723648362025049635407812375408419074263706305926757486340650411239834442004981693612020967877275586043855592 -14988226805705903976436719494127258040161 391
0x104a5cd1c33e0751cd71bd3553fcd347d79ccdf2193b97f05750d6e73d931e9d646aa062094a8fee50ca46783f5d3ce96d7d5e5dd066e77fba3f4407589aa824
0x00139412569022ec03424faeed7f2a10047525222dbd6bb46aee9c631f4bec9679d1fde78af88a8ea164d90638f03ac1d89b4950de69c04deeddac1a2e2e346d
864175120484581453683482079962486176185193500155369104423588921177379322250834082489183304374038697487834084609675858746433355728113743766078731283595263 1053113904235721956912323314184679164736792402621671587243706006735878471763898445335295187808788087583286658966140531 1989371831285339393757943704455383849381995811564996835567575226904813866222971272663097826951141160453119148501446108 16826859030266345069363313330625194233749 391
0x02ebf0ba18b79f38750a1211ec2e1ee6803e03c0f3eddb69dfb47d9a40b64e5db48569e64330a898dfbb46a04d7ad24f6a01f4ea2b92aaadd37dd77e389ae4de
0x0e4a9b1faadb4d37a2280c14ca6468b40566081a86f4bd288ce904ff2e611af6a4d0f225a3a41f37764fd48ed7264b6c3aaaa2ac5a29c28440a78df484311845
864175120484581453683482079962486176185193500155369104423588921177379322250834082489183304374038697487834084609675858746433355728113743766078731283595263 713564764288463703961958126870401045477489895837140520033067919742501246745109799654527367912407921140579518178800649 1650226669803091541730561942636485043547642862294637909483586518589836914852600252075898061969454632394661383599401376 20591262309178602851346433080218988606985 391
0x00354d1a3162b9ca763802504d76ecc3e84da2206d4fcb10cc5b9e50bb9758782269277e9f6ad6e9e0ff3aa407812126779374214cc5ddc2f23d2e1bc7a89d2c
0x0fcc25116827c177a2e225065548f5680b66f87f619bfac296ad133a1e4b89fa52926be2f73434dd67cd0049f43260b3db9c42ceccdd1ab9be6e1a304c0da05d
864175120484581453683482079962486176185193500155369104423588921177379322250834082489183304374038697487834084609675858746433355728113743766078731283595263 939612701641704370125670867728286242110725850079807976034758735963982948896010293906353862356420057692534484254684171 1086297332803339085378847557658036947678423041567716730984043058435679453642768049099860875254443627836332065927310768 -55646867998065590994707869468119574615669 391
0x102de12f06fd654ea59a22f8383bfdfc1d7181e663308f6967896c5d7a877b8c25499083f6c46b8321e7663b272fcdc90968a852b47d84734299026cc35998ae
0x016133902ceb3893d073aa04bd1a2cbeb4ea9ad590f50a474f63f97f2be93a604ef88497d32b5efdf26db005ef14628cdccb9c54424e27b82fd5277418b21d10
864175120484581453683482079962486176185193500155369104423588921177379322250834082489183304374038697487834084609675858746433355728113743766078731283595263 60498454477332181503866381473223326976487497768877379889145695546170850480224537113053186655761518628953653321057369 445410103469598596652335635339710668467357881466415089896893745860239738590345822240466628124774147927034085101086976 10921130932407055997642443079815498515545 391
0x02eeb699e52a6338cc4bdaea2efca5d7d8c693c108fdf540f43d95089a9d7bbe0a7195a71998358cda28c9ac28ac1eb13e02049ad3ba1f3bb9081d04cea5cce3
0x02c098adbab7e58b84287c301bd8ea4cf43f7cb7f4dbee0134938a79db2bf086d1003de915698b94e20761dbbf23ec2beba7b104147b757812d7089b3c49d770
864175120484581453683482079962486176185193500155369104423588921177379322250834082489183304374038697487834084609675858746433355728113743766078731283595263 1295342348989900854076289158992638652479828661549111517154781841021179286947318827885552326927689896629643741075270097 526707463776401443537034979600239046647671349761079695019137574595353305522278127291594101829012315494385042065069988 72781565121482993014570582313224751801159 391
0x033b4e15fa79210e6718defabc1c18a31f0419212cb176dd6aa1f17aa9d318f2ae18bc48b3a2ae43b56c4786c04014660ccef224ed38ed969d88bd4147bbef7c
0x0538730a01af4e4894a5dfb13081504f5f2922f02a50cb7fa5f79e70105b376759e59fa3b80e68ad0e9eed51f81e8ff406e9924a0be6e5c6440717d86ed43249
864175120484581453683482079962486176185193500155369104423588921177379322250834082489183304374038697487834084609675858746433355728113743766078731283595263 738026248964698591940325901544121950869888742555997876260618219609356710840824315768344162440259015119852267928356701 716581050145097375795558674751966157315156604978327140494281804228311311010214907221448034985245419419013403950245712 -55522481487970474664245265131360119410141 391
0x0119a6ce13b91f0211326455870aaab1681e609fe4ad3bda3eacc024244775c7571229890fd582264ed9f1f9a2c64d6bc23c4da04751c3369d2e2c86001e4321
0x0b04fb3798a802591874d50de310ea85372845d0d1b53ce1e24ace3b25cef1b9ee7c290b729744627de5fb7ad65a56cfdf989e45dfd48b4b3332ee31dc348658
864175120484581453683482079962486176185193500155369104423588921177379322250834082489183304374038697487834084609675858746433355728113743766078731283595263 1402725991579893675345649885212644307969725440028703727047569034208083870029062784739089901972632218364685022261320107 2218587150972306616944688422192889808948581720997596341224549609230120217136796877766531230296964598258655769340972032 14624201651669922832407643211702623102549 391
0x0a9ddc8702a5fd5534dda4afa9d3ba1b11af6ae48d9c9c0d40531d567d09f55d0465df5ebf405409205ea4abd14fb5711af9bae1cd7bf16af8d9b0ebea38e829
0x0038333365249cc76390102c28433070cae41e61b30d9011d0beda10331d08190ccb631c7dc72d3646fcb3e22b3c9b9dcb5b5db6bd1767cf91e4f5da0832d7a2
864175120484581453683482079962486176185193500155369104423588921177379322250834082489183304374038697487834084609675858746433355728113743766078731283595263 1646862246216307508993967780248659682508785060683281895821958669239477846255057969160532703790346197732482679868316789 2267471751283182614550630224378535458390852800573520569263292659399764247917310567074455711619583986291788490144669908 -22877580985588964198742658765843023634307 391
0x0550a5f16fd83d68b7ea4958a02c9ed43b2a13202bb1ece973b56b7267e3a6cc43eedbd945b37ea676e230a2f548aad6b421b5ec7127b2a15a79524493ec5d23
0x0a0784142c914419769358734c382abd1d0aa56fc0ab01ead21d1d818bf063d758f07c8d668f965aadb29b5cf348e85fee1fa2e9db1d3c93397264deb49342ad
864175120484581453683482079962486176185193500155369104423588921177379322250834082489183304374038697487834084609675858746433355728113743766078731283595263 1986111619496631596926246716245511470550157866205254512923369068586146054847510373140184715079659891531681324960444375 2300234034705203276251938828410493368375194299016941462233365637039622454713974049840203811439215237090288311887996000 30065396765842015322200887384973538274775 391
0x0784acbded8c740ff47c350088ce35b0a28365a81e5673c2c93a879acdcbc55ea5a8911540714097f39c8d4c4fb10f09bd8fa37da2941649533fc6d5f854c2ac
0x0c694f3f3ddffa658a57b97466c779f03c0112c500e1218a5d8e69bc14daba9e131e04bb4e6d08c76735514c64f40e98e8b8814c5da0411f928f5ba682d1fd20
864175120484581453683482079962486176185193500155369104423588921177379322250834082489183304374038697487834084609675858746433355728113743766078731283595263 1065591101103385445193863132612502277215895849984068061260280156623794023127199681657005182307738919665228203807760951 1918754780770801402915887311143647714533082333119475172405854573963796704272043308941069035931191345648099123426037312 -25391505508318267066148140756072061671991 391
0x01e7902bfa7009919dd410aae7faac0a402e097be5da40b495ce2b66dcad1630477db1828b0d8722fdb02e889d162cc5b9526c2235948d6a3463c1893458dc35
0x0f6759835c6388be58f196f59c78027e71d89c16f182c72dc0697d6c875e6635c66932257ee0a499ea89f13184effe388ced937871ab5a783dab0de1dabd7727
864175120484581453683482079962486176185193500155369104423588921177379322250834082489183304374038697487834084609675858746433355728113743766078731283595263 1745303435748439162812988690125627206935229192437506520837374498122854143937275089247053913774010966824053498892211827 767925781064724268974434498621488181441791194194992377080082934043473015733501766371499323736909429760807576085810132 -77321489480780663667186079925485592116181 391
0x0bdadf194cd4f70aa6a1f309bc16dd294fb30fb1bcf26829779eae758c86e2759c85162a10f05a2d5626e26ad9e772090f939317704ae592c1bdc411de57d4d5
0x06ab7155536633b508b22f0656ea6f6ec532a7766b2331c7afc774448fe96b0760d653cfc7e15a1372c73d23cfc7e693acef38c63742802bf2d766e594290433
864175120484581453683482079962486176185193500155369104423588921177379322250834082489183304374038697487834084609675858746433355728113743766078731283595263 659000005987572681544218486609920022682172210699092594913619773063726529755665549041958342389569897106330658857916029 845832147449659801996986564313804386846251072084697972729605902368328494524447477122658472781910942422257282838429288 50155827698111749375097415422934180569117 391
0x0bd0a3078736ca98958d4ecd5551b45c2562dd457be9145e5efeeecc2cc96cb4cbc07993ce15c330fc9d1a78720b324a95a73ff50e03bd1bce6bb70fed66a896
0x0409c5817fb66adc5e5b6ac96bf766d28740987c04be402bf7b9ee04f7301e3935022b7aeb2d2537bea48fd0e7675ad412a4491f5573198582761b82e9de3823
864175120484581453683482079962486176185193500155369104423588921177379322250834082489183304374038697487834084609675858746433355728113743766078731283595263 341422583924995498803054751225878980396210354710662233995867681437431925290058525058650444056519766559934002143505009 1066422551421962974535095251551401091699353861088520862453586188932949158215091146020162881740064106924033814417588288 23274448229029060976971643664589507900017 391
0x07c73ce1b54f9ba4af85cfcc34b17ed6031087cdb6181bf2d8fb60ab957546bf1d811480d675be57ce35ebe663d696a5f02048e17138520f083b17a514284b57
0x0aa65ecc66a08c5297757325803d4caee5b7f8c4b191cfcb1bdaa14fcae56d3aad95e6ab34a0ada81406e1cd3c64cb2a463275c8ac4cfa4d7984670debef1633
864175120484581453683482079962486176185193500155369104423588921177379322250834082489183304374038697487834084609675858746433355728113743766078731283595263 2510058656473226438062777337783507914440856431968150009343409360286993072810224991905067656650952397325139358662500879 1664860185211112273516941462459839835327905141289637215540665976439902071725105265311503155819872176491793559396437248 64428502184698776902058310911168948675087 391
0x0f75fce5eec8bbb2fdc00cc507a06ca5f4cf71d98b6f47f4bfbc3adbe04e29c07e7ee1eb95377fc4b81cf97bdaae512dba063d7a744e8057156f83817cd930b9
0x008962326242144fcf4e041ae5c9c631c55e758dcd72c591f93aaa1790c9132b45f7210ef5889ad1bb08dbd92502c0a98d33a272459870863137b6a7b7512e35
864175120484581453683482079962486176185193500155369104423588921177379322250834082489183304374038697487834084609675858746433355728113743766078731283595263 905795342605718196969291899517297583417955153267445222889459210575042827366006650826502047533805162681659484301097221 1228527146924214161829476282358278581519525698844078546170510074833335662348823050682857089282677655129115965987457192 -50896384860626124406629110091318806023259 391
0x0f1b4540b07d43ef72af8c6c7db110b61f85e3b101b051f9fb83f7b4b60df3c504527fa908059919dd9caf2da3cf029bc830b50e85de7c0eafd39aabb46c1f3e
0x0bcacfbddfbdd72fce86d138dd2e3824c0b016bce288a210d135278a35bb13898ab1620151756cee2668a116f4e199b3389565c48e02fab43af9b2ede2b2bd75
864175120484581453683482079962486176185193500155369104423588921177379322250834082489183304374038697487834084609675858746433355728113743766078731283595263 557583790829270222766912736627168893319242985023155232504117465043704572395256873891159610310498896942597510525186719 1371327300285601133715062971771845576713068683115341411091612645032515185356247229102941319190808430533127396934217676 -26800569313521005722444969869111613595785 391
0x00d6e4eea496cebf4e880696b56f3f5ef0fee171a77a4e03431fd5ceb1565faa786b328aa314a43e3f3e9fd6d2491d1381051a033eedf3af8b43c538f42bcb11
0x09a73bec5029bfcd451724cd3b979971ae5e2f80da9e46b29d12b0727ec39b47421149a7cbfbb48a7a49664afedfba1a672718e73c61396a3da75e721a4bc8b1
864175120484581453683482079962486176185193500155369104423588921177379322250834082489183304374038697487834084609675858746433355728113743766078731283595263 1048540996025145525698279654843219013810716416748904360766422210327053625072491041497871401989597745542608226787675979 1647578372788250945590393446738746564574812008240514038200220243902029407675795591694612389212634115764421654092824632 41304253486817642390074358448681820424277 391
0x105f584781723da8e8f6c1cc301a9a5f9bf41a4ab7518c4a9fa2badc42e213ab24752c89ff45bcc8b70acdc36776359e3943e06d4c21d0d7886d24f0d2f5568f
0x0fbf57f2494778f170a4bec7b18cae03c0f7cbc10ab695814d57d3d6a7ce7d334309b0185ea2a631ad34639519217d5eaa9957f5bc37b287e4ed7a30eaa3eed4
864175120484581453683482079962486176185193500155369104423588921177379322250834082489183304374038697487834084609675858746433355728113743766078731283595263 771589991851299671998740272025420824913742574881292227107598187006104065766134137210608680539702909462390221405469859 1797980674443463130699865369562578998141975016792694794260820010192987858651321017972499056726268477745866713742387476 -8564996461591778413531371008261466034725 391
0x0cd862ef10c40be17c96eb4aa1668c593cfdc1af51026c3fb67d63443e0d2382f1791c8458b074ea570f9501c4aef32f0a6b1542a789a17a887b79336360524e
0x009830b6c86af46f064cbf5058c461e5036c6bc3be244e4e2db4d8bf959e1428413f0dd5ad47586acea1fbc75d5d6ec1463fd83b29868f6fbfef0975a62cb76a
864175120484581453683482079962486176185193500155369104423588921177379322250834082489183304374038697487834084609675858746433355728113743766078731283595263 1701905510137265074207111773322924940655210363485321668738878741595060509068452233333853035281751031084874934518193809 2054692844925944653766175996878937817516205119615944582331312809738346307703741227378845690034011170031024376108322924 -41176912390375351650860699272735852063815 391
0x0c11aa2915d3be7ac4bd05035ea98ce2fc26962bb0c66f47ba97271bd8a7f5bb4ad1771e32b85566ea16c02ba69b774e502a87d4ada530c87deb4caf48918f2c
0x101c140c28b86b4d6f0f8c1ba016f2ec91ee38606b3177360d64dfabbe1f903661d32f4f17fb7aec7df8ae1907685b5af1fb7c1bb51efbe88d87abde4c7290d1
864175120484581453683482079962486176185193500155369104423588921177379322250834082489183304374038697487834084609675858746433355728113743766078731283595263 2096953582335070858473449383830763531985753112141066535002502225939734317944357510625479501438432671044181276064510569 325886179750972428813585008428222229875380173696141769866694345530561477155127587264590025952739209842302901079547712 83826651666933417031831939523640059135383 391
0x104088f428bf104fc526ff7cf1f0ba96ec28c06a33b97df12039ae66ab1e285741dea19824ade11d2989ed11e8426cd6cf83fc173dab79dde531e0537aae43a0
0x105b4d26e5d3b94ae5b6189eff4dab2a90c84ef0668280469dd50c2769db44d18d3220db515ac099bd5dca764cbf7ae60211e77aa257844d5fc0771930bcc5dd
864175120484581453683482079962486176185193500155369104423588921177379322250834082489183304374038697487834084609675858746433355728113743766078731283595263 1119465824445049194355776144595158118795561959769344077534982178007309384770288705022024302404296263011141239379340569 846482320109144009153673117399846464137391423784025917611576323336602955972166649874724110353453189538062901106142472 -65223054744680416071122337014129049794503 391
0x019b82864744107a8ebf005a67a9b2928f450bb7bebd3b040622eca724dbd2abc92ef890c67d8983fb864e0d9bb13b8d75193704b1b4ab70cd69036ddb239e30
0x0ee0c4385e74faa10c909de7a56e73a29fe55ba2467ec9e54cb4d5ff06df203a1efd206b6a58546912712a6dbb30c9328de95f4dab6bfa3a5456fdfd630cb3a3
864175120484581453683482079962486176185193500155369104423588921177379322250834082489183304374038697487834084609675858746433355728113743766078731283595263 926932437500789561349502329027515693238944463893161799132485875479340288839181012070464269098077002458618962405744299 1926081875651430006621463102474833860950374245116324581736033741200092171764967836527715321595517918693528750724403724 -11072524667867714083169619380610312776925 391
0x041261a495d62813ae74f17298b33b2ccdf52ad053c4f519df766884305f5b5f5876cfa2172d6e9b777b3c993c23d0c177fd82ef9da1926fab6975810270cda9
0x0b05ba4fd3fb359cc983f7054ea1d1d50a703d6523a5504e2a3e752e00d6082a143bb238a73cafb1826e41c57941f2d9b7b4b4e159d61ee88f84e01e5bb34d9c
864175120484581453683482079962486176185193500155369104423588921177379322250834082489183304374038697487834084609675858746433355728113743766078731283595263 1460927519678695432671786273636846393493386358316184556678523064866496444338360793604872430174696393577940103932576791 2284381196749703147384288353498511867346102433867560864637230775606181717860744113767129303653195773670134364143410788 4223916306017174223017756682856792578031 391
0x076a2ccad28cbe82ee1091fed1a9540ede658499cb9e198f9f7243cfa942f143e09fd1bb9e6c84edfd2dea40365fe18e8448fb78ec8527fe38ad354d9be3e691
0x0f09313025c138b35bb6632f636b8b86d203d1a9b53cbd54809dd48873f2da02eb698706f32b9fc0be5e23ec3ef1e29bad0e0c746d09f1aa9493ea6361770954
864175120484581453683482079962486176185193500155369104423588921177379322250834082489183304374038697487834084609675858746433355728113743766078731283595263 2197116154273799568278765220934701339602032662909172926051288303573734759187705918976996135766277699484758355247635007 2481563734157645632781313312819220406523248990967143974775752438042483657316439608499675419095796071600599444562259428 -10516910008774511973726836592037293900841 391
0x039ab66e9a4a8ecaece0dd396b70e941afcaf6eabe42da6e938ae831315b8951130ed817c6eb4cdea412d0d9a55a01defef3e325b53b49031d69c089e38686eb
0x0c38f2eab26e9ef9106e85db537b828327a34ef3ba44e4fb418793c8e65686562de9e9fe6aeea3090d55c4ecc52fc103aae4f36514006280b16dce3a71542b9c
864175120484581453683482079962486176185193500155369104423588921177379322250834082489183304374038697487834084609675858746433355728113743766078731283595263 273773421861517954423265180739475421246014634836303401723002540302704113074177552193389271821550553534641603578219611 1128198454630381781409969942392171511731704636856826012743638802004929629878474746768272878752910889395536854874199928 -6177739808639449262878301100970445233339 391
0x0131a3c9110748622e75971e84116a9f39d7dd8a9c4a6bd4fdc36457c9638072fd73404c3e3bca5f3e984daa2d22500a6dba69a77292578161f8b63875722759
0x0047a8afae0ddb3778b97aada818967ad7252493fee67693177e8b4c64d52cfc25ff0b6df64ca65e721194165d2c306ed3662e8dd11606fd1d1875eb2229e834
864175120484581453683482079962486176185193500155369104423588921177379322250834082489183304374038697487834084609675858746433355728113743766078731283595263 2347312755136145992674826139871921650297116162470945025502716655353605935831889210734733926236268484289210625518151819 1121572947144316218143878841455825137423036252530010275903398449257169323262190704432500368064008853791956905818657892 76601269287041630591668348273825990229443 391
0x098dfd7dc6a2e639be23f40f2dac298ef1661683710b72ccb213d77a4b624d7ddc30324365b5a6dfc921230b78ef85f0d809b84fbf55f6e18f06139799e0192e
0x1064a837de2d3e1a4b5aeb11945e6f348feaf04517e244e8662c754fb60f9081276ce1e54bbccb67155078416c7cc1bd42809427393dafa64322830dac7aecfe
864175120484581453683482079962486176185193500155369104423588921177379322250834082489183304374038697487834084609675858746433355728113743766078731283595263 351744942548112647877736640290079889937609521064281235383641175299452896760034094092774895418890830953327540764869841 503034770136148642143588372033669400223863407426300865354374439292709961549528008112500455735430737340081952549365872 40210079002655001214836504708184659126959 391
0x0a69a7a7a643411c03dd1e532d5c90ee12c21fffd8eda24e4c39f55c8b48ff10d3d95399108b3bc9b811a2293a25ae3f4e2bb26fdcccc57010a7bcd704ddf913
0x02cfb169e385e2f56e97269ae313d4d31b85a5c419e0af3658bdec14f635a349b9ed639d214c1cd5c827d72aef9a79306f588c76d5c546c30362a4391672a63c
864175120484581453683482079962486176185193500155369104423588921177379322250834082489183304374038697487834084609675858746433355728113743766078731283595263 1758117490075717730114452409583502382870006497343835981612246625085667424180500817420155389229799800348191583597046111 1967514573655672695966047476047935018695622042542312743685400716524167064949537533565586353066449643214872042138952608 46949944710499444181968156872094188296031 391
0x0b037aea16e296e73bd92c982671ec1cfa7a5d0c03d7ef5e3dc6de5e41510676df6b5e832aa5d464135a7100574ce3a461ab0845d0a52db5b1368c0b0b3ad012
0x0761d09beaa6263b45ac2a488f4e0e3594b7658e785c51e71afbb70ea0af804442dfee9504e2e02c0ba4f9d86905c0830e3350eea390e3ad0924c8f5eec3283c
864175120484581453683482079962486176185193500155369104423588921177379322250834082489183304374038697487834084609675858746433355728113743766078731283595263 808270355376253637353777418645420425958689917290339804483557797739057334497895594641804817274488106623387927784309169 906883465683964879823924908430866795484669894301853693369512154898718349387118178196223044424925174364333823203197788 -54858941600181427579426295819134110241383 391
0x0b429bb06a9672cd416675cff0fcb72e36146c30cb199f2e4317a0d3948770501a0850c67bf160885db6643ef8ebd8837055de78ee893addd6ccce34226cfccd
0x039821160544beb4a387f5f505cf19b154a0014676f13f14be4fae837ec3e81e654d4abf93b929170270643b33d7f3fd4e01d70c2fd0bf9b98f461e509bfdcf9
864175120484581453683482079962486176185193500155369104423588921177379322250834082489183304374038697487834084609675858746433355728113743766078731283595263 862196427764732001517818179244090574061280903320224389859402837281480457210803064332186791110421669312275036130770617 1895487438247054187106101045453355594922966952220412793291425719848510609050459330492362102204803627159914439834430060 -3756576139878008681432914199754698050977 391
0x0f9e6e6ee9bf802e068b4c44fdea62c99e013c1faf6a0fa3ed235f450c182e64349feb8be0f293d2a050a3801eee028c7271f3250314d0261183a68af3b993a0
0x05ddb02d9a06a425b627a950f6990d048016b80ae934e30e9a95a827af0750ce1c826fc69f8873034532d62a5dcc20296a3d0dc309eb913ae951bc6de1b3bb40
864175120484581453683482079962486176185193500155369104423588921177379322250834082489183304374038697487834084609675858746433355728113743766078731283595263 705082482773453098387532185720037500252207533752597613853440882125015657709555315603416041555411030860373180133121267 1644047434574301446316170740256382904929692841324819966443379532909715834132817492107342172430246890983208368783512768 20297201997523880221328340557721887651059 391
0x02bd90e2bedf3d7342a2dcf7a1bce569e85d25bbab885cdd8ff3d3ded9e644e642bbf19a238c2f1f1317124d365eff8c54bfb88a8c35af9c7a40c9181d899d1c
0x0e696d9a2654cf8bfa6bccf4e4af73e85fd6d019a994b2a2058c00611cda0e0ab0432caaea26512e5b6ad1a79e74e6cfcc17ebcfe9873fddc08072a3493838d6
864175120484581453683482079962486176185193500155369104423588921177379322250834082489183304374038697487834084609675858746433355728113743766078731283595263 1904314990710800331145495314842680067697995536679358182494414942792755040453702274256922623607023126233494014231153021 2408193222043906021274280153446718797116825279426817994059441328215762956701592736325758729854531703253844869279215680 14372846918656367314060566703830253686403 391
0x0c7fdd96684fee6e751b0d0172db90c73ca69c6caae5036ac7003a6413a70d222fecb19652c2007b7bbc4d3bf93ac4113b590d008859f9eebaaf21e22bbde123
0x0cd13ddc7323454a724270de1342a4bc7e7fe8eeae74ef770f04866a695d43da88c9fd13e065519a817d58638939db9c8cfd210dd5e8a8b1cd82947389145969
864175120484581453683482079962486176185193500155369104423588921177379322250834082489183304374038697487834084609675858746433355728113743766078731283595263 802035696750143266628355790596649671754798530097364209142069288634571452852791075348552258051059264974658477755619481 883030502185900048284492253031697251899984767215505177041315222943217404776366579836895693221468957480282262407595932 -55083027781171074912723581948083224186559 391
0x08c5ce27ef48573be5cdd19c2688e831f65014eacb6f921efce34d10a5db58f73140ece4a4e8a7ed27aef94845ae0d1a2cbc4c4ef87e07b3d59ed71c423f3bfe
0x03d9e4465ed62a9ad2806e0f3830b60be3937e9fb3c1b46b8586fdc5d08529f4cac349354fab9c5c89bb8b41888e071643989b27f009bb793e42e2796e64be17
864175120484581453683482079962486176185193500155369104423588921177379322250834082489183304374038697487834084609675858746433355728113743766078731283595263 987675893159076857899071709040392211498615140101686998000628444240757697258291123159773786086536487765318785983025009 1974926950292576299225232925123853937441971378214200755225232518847079279694421759448484830244354765578244472352480924 -11046995193897822873316222990352649035865 391
0x0f7d5d5c7118fb94473e214dabd37137edc4efae718df1c983fbc31c2a802227e02f82382b2b9d59a852e001bd8ec8f9581ef2c885292cbf890a70caf19260a0
0x04207ffec4e01d19597bf17eb7eb259008727c65be941791c4fff374c5ed0c26efd4fdef5fe4bde1c167aeff48e553c770771f567c4d89a006ff213862a3f29c
864175120484581453683482079962486176185193500155369104423588921177379322250834082489183304374038697487834084609675858746433355728113743766078731283595263 1591276129750083469982911158763929417807518383881022889825168611064218075656685648637611592727975926818433533663355201 697968182996693214705457764568309309412118768640792995270751342576421646912367206931172003086220553228949626512791028 76112114386709415069128379726144955116649 391
0x0c21a09da01d9eb0132f9690935bfd93bf352f2193b5d9128f587b2c03b570e691e2115369cfd7388a59b993b5a43174d81931490c1c3bdfcc1e94e45af156ce
0x0229fc95e3b7a88f77e5e0cd259cd4991eb42fe7a8a5d84198eaef1e6f0e90d1e1e8b90f1878bbfd395b0c8e9b6c6ceed46cd354f2a32309752f397c58c09d8a
864175120484581453683482079962486176185193500155369104423588921177379322250834082489183304374038697487834084609675858746433355728113743766078731283595263 1593818084957273249893235480104181930485001658732194789240408822141857695105989882388236591340559830832060330405056027 2265697559200832160000621420487337163574539329505271530118905479421445147035844636702481016044330646949541819087193132 -20543461808299281349175157093176413603731 391
0x094f32903ce8fbd4c5ae462afeca5ccd048e2605a1d38a4ea4eba1e64e75e80b944ea94f5b5ec66e58fd301c1ca14525722e5c48b11f61d7277527ba7bd1f765
0x0d3425d49c13e4f2abf916f27470f245d89061eae633afd904225189d1919ba7b006526790a4c3c1efc62917b3be30514e220c980b8e0bc0d47d49140e5bf1e3
864175120484581453683482079962486176185193500155369104423588921177379322250834082489183304374038697487834084609675858746433355728113743766078731283595263 966823025166255120263575676165893619047645384863928167808792050116899922641351854134473971891082599926909437023003797 1564367692645691106353730160071466086429664991471832151619047206229087514303625292667884731957231491660637224869101088 -41580944255094303560314318611248968573291 391
0x0c8a231fccd0cc4f767f914caad01de3eecbeb02acaf56b6bfc755db01617c6e10e9763e36644fcd64dc28134806a6fe12c774f41159d96b8a55297445eedaa4
0x0fb66be31821b2b87dbdcfbcce36ae8300f6c441e6ffc5c91c47323a36ae93c38961a62da52f062512e5af9d11dcdfa072266e6db0a8217163d7d670048bc370
864175120484581453683482079962486176185193500155369104423588921177379322250834082489183304374038697487834084609675858746433355728113743766078731283595263 237235228226895019844905222722084356435564665377462488833754567423528713024554101119568271688483979114221799666145175 1065411976688070398012918805605319500380466733037016128088719331314858898683861093010891705430357702059144034421982740 -2429886213789285762477983693423379763665 391
0x034e8169fd467e7856db3b96fe4564b8967e20ddad2063f2b99fcfdeef182832ec7f65f175c24b2729a605902a51895f0b4970937ddc7f8ad509bb815c76c38b
0x0abef704270a9f1e57a1d5b334b692ebf8a1c9aab4cb068b96f973e1e0bb2c5e464c18b0a8d5de95d7a894a0b97b16b37605e2f0d3096a801bd18b3b65775324
864175120484581453683482079962486176185193500155369104423588921177379322250834082489183304374038697487834084609675858746433355728113743766078731283595263 2379510076806886023588971218751292559973423660753196078805570797757421806169476447754044130737291881332931140865230919 2472185431668749137567907701148944876863036349680710067171114363892511468582737206897928371772045214665284202355028824 16214034585241037684392281910087780877785 391
0x0de0c2fc74064cf6d4ef6b8a810789e190085a584d9b13a8d99f119cb06d8b3ce6608646a872608d06f80e1470035ec2c66b4030678c075347da9460dd0f5319
0x03374fdf2fbc328f5de212560f8c0ee7db5fa569f14deb645e5b3829a95dedf86133c9b128095d16428600ddd47edda433f40897bf40caa2401f773a155044a7
864175120484581453683482079962486176185193500155369104423588921177379322250834082489183304374038697487834084609675858746433355728113743766078731283595263 465130362299653630096876456571389538232755560434846895479923622978983168707531573201809855358116995977901373318259587 1451275769425545493510084831621080785689260336080673391370072407836296651608102953840439937460855996685010944184822980 -5194431163756776848025510195460584048517 391
0x08d7f8c21687a0cae6c7e424610a4d76d6c86b95641ebffcf4ea6e342015a624b741cc5927c4dae9863d98f831518530c6c6c6e4363d465d6eb96b7fbc5da241
0x0b6272c29adf920ea4eca6b81515fec5d3d37bc2576c2264e7dc73407357dc3f8464e6bda02eadc4b909acfec530e3be8567fe059bfa630e9e9ccd5541b155fe
864175120484581453683482079962486176185193500155369104423588921177379322250834082489183304374038697487834084609675858746433355728113743766078731283595263 727024914574006813285131949564667830279037393339972346474518867981135021615195017562328125683862743050355645185298631 1770080788457563718304315976521543273660730948259622026124654844287640688088751011260478752957994226289408503635994772 -2397556981380575915740936943487398299169 391
0x0e0665dde345b38f99735d2fbcb1a3848f250d999f272b9e6dd867c4c3441fe2a959b00c1f4efddf579ce7d7c6e80ba35578cdd5eb6b785e3a86d61b61e5df8b
0x055d810568d020eb1fb9263c6bde535a723955d5ac25cd288f5fcdbf117d2d98c218f7124fe70347382e88e080302b99957723b463cc115d59922f60e74196da
864175120484581453683482079962486176185193500155369104423588921177379322250834082489183304374038697487834084609675858746433355728113743766078731283595263 446713390018077588570515354909464459068800025349012565586257700549507324120344715099247440185504156265058162306654847 412148650888727073643210487225670974002311018740880100994930732143947281827268171308041372126241962543177876457683468 -46686238762245069520829673669709618590039 391
0x05a7c24fa5253133660641fb14b4d0ae9f9c20cf0f47b922c7931b9c7ddeb67aac5a6d087ba66096f9b96642cf9e0406ca8f31c557a500b082cea89c2318290f
0x00e627ed23ea04c2dc16a657376a9bd7812738e2043fd68275c28f73fdcef840701d96ded83318576592eed35f24a44224499d9c51087db86c7d8072e60d504a
864175120484581453683482079962486176185193500155369104423588921177379322250834082489183304374038697487834084609675858746433355728113743766078731283595263 273998910838110374997219150841773820297763722216702028104486794740314499891479873186324645749510575709919186329133931 1006122214270614299733710691161045588193657085039910437276183661769481991086669202477801697187403251049748073818696820 18461818304865181025186264575719539769373 391
0x0bd3b73d2771179175292aa1937dfa5aee0228a2ccc3c81189111f699915d857f3d89e4e1d8615b666b9e3e6fc6f9171fe74940ffd5e18e829afde6fcefd7deb
0x069b3a7d829fdb2df91d24736739551e516c5fd01349c189be950bdf496efd93739d795b5ad8acebebd8ff51dcde7ce00a0e1bc5999c5543a261aecadcef6b03
864175120484581453683482079962486176185193500155369104423588921177379322250834082489183304374038697487834084609675858746433355728113743766078731283595263 1088593904626422834717799752246810358773085821387902819677823564932653940826842987489997015830964162457060006152067797 430244654254832018409599443860675033789035686728209315728297608138271128649286086002037142510495437686522532310295192 69048545802637644372066499100015143523979 391
0x0b1eb3d37e12ea35d9e29b35d2f41a5afc2d5c1ae4c75e15be0a016686e0fd61ffd1b54e1680cb637e874efca9ca5df2ff329c67df7d7af190b782c38558a998
0x03a0e82cb90f8e6a9632e826c5786f487b89f7992cf77561db67e32e51e2a71cdf600196df739813eb571f8ed13ccf2bc74a95bfcc7526e85076fa8ed59bda4a
864175120484581453683482079962486176185193500155369104423588921177379322250834082489183304374038697487834084609675858746433355728113743766078731283595263 825720730923087837899769548965631239331624548735185497638518358043472839502315512987987340443081524416636316388874059 776329370013594135056954558679296030148685055919135508246142383372252232339282848174919672215950717405455381870073624 57729024567842335118306473767952543770795 391
0x07fcd856204c2f61435409b700380548fc518f7516137c851841fecc68f45c7f2362adb4164ced05e18170cacfbeff8be33a39eb54820c108e52dc4b3923e793
0x097ee50f7c82021d998fcd5e568dcde9b54531eee7abdc298ba84313af8d840503649b03f81c676f8609cc30b78bcebc92163def2e6a809d4ce835cbce23796c
864175120484581453683482079962486176185193500155369104423588921177379322250834082489183304374038697487834084609675858746433355728113743766078731283595263 1459967751589499498239360548676386075808084922490448035326398689814094180098815335344646778523395693094245107426264847 298354988218004979332658722585329487978672318186373604677941019409394792854441207917437188785783202327946667662187968 77143149361961291699556144675598818017039 391
0x01724ef0ed0cccb309e401bf8b7e4272c3c18ac58cabfba60f2588a23aae17003bf88eef809c06c31b5957d3dee6f407c6d12212d78ef1f13e85612738ed39aa
0x05be8ef2f3969f1d9f827bcc5a2e952c0586e1f92fa584b6b07359e45a88ec0fe89982f3ec3c30e9f102a88c0ff55603794b5f6b77ab98684666b7b3b341c4e9
864175120484581453683482079962486176185193500155369104423588921177379322250834082489183304374038697487834084609675858746433355728113743766078731283595263 972500324098452545664470612901737339098718528666824232223357159650980635033266649695387384344356739093573333456311159 1487373450036569139055812848619703845042794498569816125129846533725445676351849193699877015316950092315394162210760532 -44958478024643687177866037871392216602127 391
0x0cf9495a8e06e80fc655a01bebe4f5414f99bbd8cbedae52b791f18bf480d67eb9dc213771e071a002576f26db384b22d36c99e1b9b8570f97b98b9329b0c8f9
0x06d8a3d6d9b98cae689e5015f532d71ea68d8c4c9d8b55aece3f674834213a7048cacaf2e58fa6e4adaa467f012c4f29e42365bd529b8520374eaefcb1ffe36b
864175120484581453683482079962486176185193500155369104423588921177379322250834082489183304374038697487834084609675858746433355728113743766078731283595263 843493888121721576987239171212223410927490650332534224002419333065121568177424009962459265772528201502037801804101611 350072006907299769307361111234986316796603427498772576259711304820804325341757058769997351527408676027706628799950768 62909763851900273040323601242527854420629 391
0x04b7e1ee41b1638b602bc17ed4d5cba53273d56fd27dc1e483de5d49eeca03dfad80dbbbcea84be2f2b76ab18b39afeb56768490b7f894350e9b43e38bc59f7a
0x0c2f46281a75b5a5c1f3b05178cf427e57672f9956760d8b33ea1056bd65d07a5d1f2f45b6307596c7faf7a65ca430c1582be570c417b6b21e30b54545fa90c4
864175120484581453683482079962486176185193500155369104423588921177379322250834082489183304374038697487834084609675858746433355728113743766078731283595263 1028161855995742257633252737306894398537603633058322722646788724169306449652160629116575166675447311124696297168255379 942557911986294290647190372721329726328749499910812803364981272128521138537301281282399188455024252106206991015978972 61230638638041863876429776927110809114997 391
0x0bddf68c61314ed18f5dc0311199f70b906d9ee23d7f8f7cb6b2af7271c23a1056716e955ffc543dc75b8edeefc1072c8ca1e8914454640083c493f1ce89c569
0x0052dc32d9c3fefb86a31bc541df173f73375e178ef3fa840de13bcef8b0943b4608b07f5323248b7dfe6d1e38d39550fe439dd1cdd2d159b738520653ba8635
864175120484581453683482079962486176185193500155369104423588921177379322250834082489183304374038697487834084609675858746433355728113743766078731283595263 1305781339060867953177306469241710946033206092491575850414661802364791466618616464299097339980565591289253223152674921 1115022901052870773344267938679597910321904765985476036136376576159892206775143022451841961335213543771823648972112828 64876785887367099053820211780140872422929 391
0x0cd3b897ac234bd572a66426fb9b84084f586fa18dda1a13f27df3d9114e9197e01df106b5f68e725d45dbe53a1f8e7f81fb8d246ad65cb43bc9811db0806118
0x1039842d977e2e638fbf8ae58f80f368e29a4b19fbd216ab65818b7cf5c372149d1543e2480ba2355a1360c141c86709db40946da24055dbeeee42feb59bf5f8
864175120484581453683482079962486176185193500155369104423588921177379322250834082489183304374038697487834084609675858746433355728113743766078731283595263 1098706710725565019963821519956326489429498069737273310751419963713728533054693237707867272978689138002316198783229337 2037140573274465452308965455344177254699554045192655197626291659989616105685387510051452054765625235344567358455391072 14598973714822923704800958412540571508839 391
0x081d3a5ad98ba1676e978e8d579972bfd2c75e53830a50000c516d3b51058d0f9592b40cf115453d48b5f911b6516ebd2b1f8e4126c54926250d480b1e2ddefc
0x07300a2aa170b91858fddff483a2f22ea215fa50be14329d57402385342e9b850ef9e75add17b650b908f8bda7f2697a9da2df66f6fcacc4dfbfc25c74d9bf98
864175120484581453683482079962486176185193500155369104423588921177379322250834082489183304374038697487834084609675858746433355728113743766078731283595263 537911742907033053264093602650544900574460443417359982695140073610803557732323534744816075949776713130447330168404199 1113804290566179955129822165762992045718706747068472112654573867023197226675660325689272852130871631446201267381126124 -36999528575547919891298999070881145643265 391
0x00c76fd8cdf0ecf50a5b0e380fdcf5009a8e8d201bdbb2b183579a586992a8f0076ab76761c3f19b2e0f54fb549a4ce98fcd9f25d3ea4cf3e74b6596a7422b09
0x0037f3145f3d533173c813a38f0b54473c6da9ad04ad7875bff8349d255c98fd9ccc7a1bd6b5e6321c0af5d7fd385601373b6046a813f64866c9fa2ff4f01e7c
864175120484581453683482079962486176185193500155369104423588921177379322250834082489183304374038697487834084609675858746433355728113743766078731283595263 1371380228343971335607529369057038008606654096068548331674402424856737813392846847687974244000313447447729239761299469 2004203463938229614039071398043611432048824476875605827021847715623019304772456649247531135078164983076283496805570772 34338578042217016269623023925351440946603 391
0x03f3c424afc18bd96baeca7e82b7d9d85fc6e2c21e8691026a80efe80f0830001e7eb852d0bcbbda4173ef0f601857c27c6918bfae748469692a611fd6a77243
0x004b06062e1d916e3be100d5c9e031ade4c47e0cb8524f5d27f1924ab6bd6c30d3478b39f58ce040a8dd5b4ba7338770f8f3767dc26cdfa46cb3b3dd00d000c3
864175120484581453683482079962486176185193500155369104423588921177379322250834082489183304374038697487834084609675858746433355728113743766078731283595263 2171609706929371589064357205721941733106994363668529043577781055542468924130124753695322404219955702099337600632489971 2319348921719017684796805176410174699466682874291492866207227204807979479454055149129096594009207877044583238276431940 31494008309969109181712678989128155733653 391
0x007df420f3d797a2d469e1fb854e14e8491d395b11e6255dca3f04032906c2bbdfe2cec7f7ef5640d0e3c665e84e7a047958045039bd193933ab1666ebe73731
0x09ff3a7d086e24aa3f3f6e985f15c6ad92754b2894dd7eb71f9d96792f4fcbe61deaf9acb5179633cce811b4809addb68b5a702687eed3008ccd20b76d64d391
864175120484581453683482079962486176185193500155369104423588921177379322250834082489183304374038697487834084609675858746433355728113743766078731283595263 1349370469035465241560224370872171345076195268369249266365579724135649214635139341784856531476284879017752589514216111 1579553702598363959578061193802088870246117991559130962819717836087756644160215204908225055765700834728333289046263748 53675083145194328232621845254529217158841 391
0x06975638b5bd80794161be9492f2ae9cfd34c71f9b6caf76cc6474e73e88970a5ba35bd16cfb9465baddb2216b630c2cab9bf263af66dcec8da9aa3f2f04938e
0x022a07716d81693d95d334e520e06f2c0987b3ec3176d1b16a40b085f4c151fdcfed9a47fc06efe0c3396627a70e4c28eb42be2e663fd75486490b0180066e3e
864175120484581453683482079962486176185193500155369104423588921177379322250834082489183304374038697487834084609675858746433355728113743766078731283595263 703997226685627197073760315019908261741418781674644137426438238330724169606640668213092478973486012511986963743835229 1342723084957463326257339996981246555604044267756173152065091240245606515702670602487937061506239823342073816924093524 38063794122638099497685436505777658642395 391
0x052d54b333d43d62f8ee58b26a9f05fac2ef47b87a6ec188f331ea90bace95af9b2ebdea6d8802fae8701bab4a1e9d2c35e6f10302c27d5ec7a2f8c8c7e5c130
0x0cfbdc2743ce9e697a0f57c9505690a41d7e380be25b728c9736a1c3b89dc1aa9bd969ebd3ea02e2b96e99c9952d3235241bdb696770f01bc83bd4f02fd44a09
864175120484581453683482079962486176185193500155369104423588921177379322250834082489183304374038697487834084609675858746433355728113743766078731283595263 827041156106860823505868839468731786010093555226695757921241561196321851234129418552127624902575893642626098791345047 222786523687674592849668269854092647500276958917445902035615458798815246870702457279221466123062680320772662563744312 -63069799239424325205114251997879838653559 391
0x0feef25c8426d8d322996d8e3b18023e61525be64fd0208751af25a7ecd2cd31186773dcec26ffdeae2261eade897b638563289dbdefaddc6d38e94fd77dcc9d
0x06cb7b02d86f555bf674fe5b0816456141c71412d2dd8b061bb91935d73ace483577780f87cc3c35b3ab3f72382bff9cba3861804bf8d76474b51dc1fd852d49
864175120484581453683482079962486176185193500155369104423588921177379322250834082489183304374038697487834084609675858746433355728113743766078731283595263 1900667812671987234616645327130667234412289986053269491374013219602389426600456171894870388482885036468064812166433999 1265818844066597659619440281065139999639048778642386122046329074454407078863797245607530416668926099524134944437561488 71120453468609543042285626896045960485967 391
0x0a9fadb972219974bb894632011321cddd4cf147b7f22b65bf3e37721332269e2a5ed1f1083298de9063bc6a1d45ba8e1fd3432e30a2e0f1cd880a6e98d066f2
0x09d60c254c63aa71046fb2106bc2192d9e46ea383a1cad77c25d7384df19e338ac675db04bff2d910351c84293da38c2dd252418fb8f63d075fc10bcf05fa5d4
864175120484581453683482079962486176185193500155369104423588921177379322250834082489183304374038697487834084609675858746433355728113743766078731283595263 2143014525085801723193743642592288754736984979551567619590744882261042335888467693352705511994039938274737432352847873 2305358988635323129073930030724767913108733706657580165705192119725030219104361895481922824567419971081970283711171360 -32289690948217759045089178481272032909825 391
0x078d6b927ce4e1d5062cda51ce5920866894e064990f1ddecf615564409c0c1c3ecdbfc0953cd84df463efcd89501e8b879240c9c9169c26d70fb5e9d5733a5e
0x0623a8afaa13eb0c78ac52d55a1f200ee57d7ffca86636b0d1dc582fa2058e8935dd2364c72375f4ca613f86f308d4bfb77c3090625d7d71a7faf321cdaf0705
864175120484581453683482079962486176185193500155369104423588921177379322250834082489183304374038697487834084609675858746433355728113743766078731283595263 1912585100658474794924157723450949573061598943341113520925237520556496276315675262949001444105418536178217481334895519 2405574057372451441650733624500426195900617941566542596732267437446547228644261450446048065332341090666620545248728328 -15261274631080124412194717424280018708097 391
0x0e8d84b630ffe8cc38a7b5a712ecc4581fc6d420efd0d45432d02e44e48ec407aaa49eb2ab66bc3e0c87c099bbc8e714690c87a6ac7550be5d4f96ec514cfe9c
0x08dc3547447ed5352b0ffee06c7e5e70e84ab1a1369c934f9af889347156d1a1b6c15c3ee237ba762293ca4f155b135ad7acaecbd3ceb970fe5be899b4994782
864175120484581453683482079962486176185193500155369104423588921177379322250834082489183304374038697487834084609675858746433355728113743766078731283595263 525191062452028177498439464269755321845391575995360079108843388159064836688942856003682111066006270070253210302764101 1536456906552620034277915782451181326761814314435050233369718876840949156558915116419849792158561542195793573637024988 -3765472839747924374655691695175715539341 391
0x0ac3eefbdcff6c69b6185380bc114e9cd5886335bba1459cd0856655989a8bbd282455eca74f90e6c9ac998323985856532481087a086930c310ff8db82f3789
0x01dda51085ec62a14791ed242f0511a1849b4418c152ff37846095be3918dcd4147139df2bb100c06c339140dcbc145721213354ee2c0c2574e9b1420529aff8
864175120484581453683482079962486176185193500155369104423588921177379322250834082489183304374038697487834084609675858746433355728113743766078731283595263 564524632101773487820164713786599210394901982933675368189192153313150002242315679194409783967647987231866132294823959 312547298797605169671331705567784298513783379817341230696927463854304375558902556361665599261608371200317930629351632 53036163538676429668285924266039326036073 391
0x09f9812e9574507615458958ba4f7eb311258a45b3153a0e960281822a56a60ad43fc8fe36b8026ee49511d9ecd62bab0112d705df315379dfd1ed9c7e7903cc
0x01d8bce69e16758789018f2c4f94913208b1082b6fc7652affb616e6921f0d0af607cfd71e6f709286e946fc214704178b3e9d2be0974f16cd2d783593d0b115
864175120484581453683482079962486176185193500155369104423588921177379322250834082489183304374038697487834084609675858746433355728113743766078731283595263 300788091215483154816906395639981610927878970341421827808285770360373682463757444668630732247370382701527497421830373 829431976773771447348356955392421731859298031302707539602994187771109834180780493636884930452979889838330434113015780 -29234666615413665390051570886604863974445 391
0x0f74d0e7aef16022e130ca346e50bf93219883e89e32bca17c8eda56aecaf46c9960b1ef65b15ccad4a597cdc5fbbf73148bd63bb7e48f953c847a65e7faac0c
0x0b152611cfc7c075f0af97a831238422edb1ae07714fe22c60da8f60cb8c8c375735c824ae840dc1c5f65bfacc62ae99cc15bd49dfe6821ff8ef3bc83b65f4e6
864175120484581453683482079962486176185193500155369104423588921177379322250834082489183304374038697487834084609675858746433355728113743766078731283595263 2413126845308550981174733789639608224413061054411227872457684909651136483041958726708755980939997857708718685579756547 1484523440481582413997906072666427772046613229289208853408101508865259968446874588436342803102073907428311510330228620 -69244186007167893957715230104836770675013 391
0x0331e13f6ad0d14d5986367be3128b019e274f9e1c5d086ac9d219db349787da2d01cdfa6f69090a340dab2097d0ba2aefa730ee335e98b9734c4f0fd7f6bdaf
0x00d70d27f17fa708812036f2d64df6f5eb0cb829b0df73716c0f38c710c94e407e772d74fcc169d1b241c5731db941e6276c0c9e7c9b12bf885f6d57dd351cb8
864175120484581453683482079962486176185193500155369104423588921177379322250834082489183304374038697487834084609675858746433355728113743766078731283595263 1757080743201501233301629783267423232725872574380992995950209940704806670998022235587665440929833911942944591013492367 1647711683101091393387737501922071681211097087258042823639930349910998062130430281602181973572607423323207057726081332 -59500761505691055536671541999748540086809 391
0x09baa1a617a9754200eff86b7392d367b2f20e228a9126cef438823409abf89d12731fa62a7b46b91cd4b32e2440d60dbb9f39665a51ef6011380ad8420c278b
0x0f4502f86d73ae6a3371f593ebb4eac68031ac0665e5c293185d519bb16bc975230863825bedb8c789481f52f1c8f2caebe49925c231ebf24889862d6a8334f2
864175120484581453683482079962486176185193500155369104423588921177379322250834082489183304374038697487834084609675858746433355728113743766078731283595263 2128727351828763872230818844706652438788609914771815856388765325648072204603002395748459423849009403115007593379578877 334075379665770059288999787762199218059613955465907746778935622017924851533370725772665587099907646763694399778785012 -83968573264901981809045877916945539994811 391
0x0307dd04a4e4302fcad54b2d4c18ab58d12c3abc8863907a5bac4417d58bd6870cb8033239f75be862fef62fd812975943842ab903f1860b6ad7eefa48212ae5
0x032fd68158e85f42a2698c13bd61fa5d64c93c613ee15c57009ac6d16c0844e7234033465feced889aa35b723e2ced9118206c8fb26bac38c9ae1cc9fcb50cac
864175120484581453683482079962486176185193500155369104423588921177379322250834082489183304374038697487834084609675858746433355728113743766078731283595263 1305142773824995082856755049868134402879231652976009083103295683672254982529432564268991161043964744659822370348012967 1549433626983107858658922777852589711532399149635231005936960779843992464917140118525675883271118022379030903123289360 53551925650454796119979933225318485061927 391
0x07d049653d802416e5fb2e9dd55b40c61ddf325ba76c90cbbc0f40420ad2d7fe2945c0a496d4d66fba14e666235490766e4670ea35b7da544c543760d31a888b
0x09b795cc1cc5d245bbe43854e295860e725d865df18dd755961525905aca5a110cfffe5916468aab9d66cbeadeb072afaebd7230e759fb3a55f0aedab912a70b
864175120484581453683482079962486176185193500155369104423588921177379322250834082489183304374038697487834084609675858746433355728113743766078731283595263 1734789876355702925423435567943507419798704418002152590723837830133077506527565243673873562184140034296223427797061881 881905337795847674969554389381118410085092018317410427222771356138563287267985363948029786702276251856712419829339412 -75775919249884547453558538836053156123679 391
0x05ac9d8fd21c93d7a1233f3cfd5d12bb5b34bf033aa0a9fd82ccf1f80c62e08120b7254df4ecc6409657076fe6bbe2f16f7b76fecaa8611d074be5a7738c0c31
0x0bdcd991217feb1ff972ed5e36cc60a74d60b1c996a6f3cbf1067468db6de4366e60996b82e25855228f14f7a891367fe363cf6a60dbc2b88c1bbb0a18a25a9a
864175120484581453683482079962486176185193500155369104423588921177379322250834082489183304374038697487834084609675858746433355728113743766078731283595263 177535646802637166378642810632530780694130013110906928876799238084947903901310228137629845574769702486957657795489617 889807266006642846768626160793830824232982062447153771403811691297600236156823786747829941729406940582887528717448092 9135228484854832664285260491594734423751 391
0x02130ede41ab04a652bb05f87889895f6920a1cba7afc571ab56bdf535320bc4fa834928e652fc8806c3ecc5d61737384e8473c4b950ef348388505e75441afd
0x064dd70ece8a6deaf58ddb6907bc5f1177618633ff013e0516d16d6571b26e43f97d289a50985f2be88ea5111e11e0d3228d2c8800d1c6d51b8ab9f19c55e157
864175120484581453683482079962486176185193500155369104423588921177379322250834082489183304374038697487834084609675858746433355728113743766078731283595263 1566397975647601985656854596474527754162631819740001003778909637769444329533399983372865309456004288709964253640118989 2239095610487646926009181091999297093523443212899231635714412398625637201456195147063056000989422641991139009051126576 22381917856975551133196739671374298605235 391
0x0f6f211dabab5dbe7ca9bcfb17029c5465780f74ce57701db6b7e722656fc4887f92798c6895fb1d13d692e17e3f203c3aed23a6b2db896ff10774b16606491b
0x00e5c57058dd6f7e1ccbc54f9fc7d67c9a2d6303267b74371946a994c0410b670c40aeb94a68816d8f7a0eb835d0caa4deac5b4c8753decb75f82e4aa48b8d07
864175120484581453683482079962486176185193500155369104423588921177379322250834082489183304374038697487834084609675858746433355728113743766078731283595263 1811813528850735988115155352721143529631487302422035688490611785493866561655407791288830736736071358295610371656634821 2031732506142739657961167484871997930573174875112488241552203489117970609015304858180767289725194392422408914238166108 44706449979270282302548969821950541257459 391
0x098a2ca1766f64efa4669ca2964c4a9d8d7d27a60df9e30a2c55d2e376bd0d39b5959636b6b76799194d8ff2a29a2e156fa79de9690eb1533bc54dacdae6b84e
0x105e63e434cf840bc81bf7ca9d0c418c8c926f5c4a22a76528f536cb590c747018fc365cfeef12b6233071e3ae8a4bf5a9c0572c5a20bbbd88ae5adff87368b0
864175120484581453683482079962486176185193500155369104423588921177379322250834082489183304374038697487834084609675858746433355728113743766078731283595263 1449713857972165114572020502202209350706214016518616276868708589506156975960960486236715173341003147617292814309777987 309401326425023298502643892118949788806938732834486163877415503633727769088037276118131073672943718857757451264326532 76928398309680544852122191717462328524229 391
0x0b55821b2fe99543dc19ffe5ae3333190a16813013dc181211f1fb2abe6bc6c216edd6b415a838e845107e63d2f51749a42f347990f28f74ef3773593f05b822
0x0fb2c834061670dcbf244438cebf1043f840819460c04f787b5b8ecce181aca866486076fb7de2d42cf3a5ed356b6942954c506e0f1a63f1e99b592c4e13a007
864175120484581453683482079962486176185193500155369104423588921177379322250834082489183304374038697487834084609675858746433355728113743766078731283595263 975049046228511279527743543171420947861537126339219034239213381362220851742282558591407685713400163920369884230767421 1848615218286704688254247275947748999024330008636975257195137156758272440963586312732133946779846664109085626959648492 25216826185072918526063229456182998571259 391
0x01c7d4ab07083a1f560de4d57ce51b0d8d918079b579b63677be7cc2e16d4d938ed7d6cc12602ff02717ea24f14e88eb3084ed2a336122c261cc5f254f362cb8
0x046ea583062ad27f42955ac720183b7f967f1acffec8f1fdce3c8f6478affc7eda8ca35f5b87479b5234823781a9cab4ebd8a57cd98f1409df38c683e4e4be55
864175120484581453683482079962486176185193500155369104423588921177379322250834082489183304374038697487834084609675858746433355728113743766078731283595263 1838874665797551464660512186036570471549254271574029939023387508063219539984493233356231294804016470576019365968987199 526724359210436206425637669061319521258500004365146948742286005518225124723152968999435818823663724899150287238807652 -80610003699524253894164762205901121506263 391
0x023296fdb63e25f48d3d18cd1e8e6e8336df7c2f9336ec0ae765920a187347c7a27867d3501351f424a5c7ada7bb6868f06e0f157b5a33d1d6e1a8e4c3321e51
0x048535e1c7fd594362007d93ce5ae8ddd4d5c8ee46dca19ccf1dee48312fc3d08bec8f5eede3adaf2c3898ba53c57928cf05846bf9240976b56e393d2a3c6cf8
864175120484581453683482079962486176185193500155369104423588921177379322250834082489183304374038697487834084609675858746433355728113743766078731283595263 2170986491765733960416976879264868810091419854436854899141274584018766593762667422883590441976560966485663854843840837 2325534015742968049567942050711681650162251780590220468244730422777549598037510437109809273279397419084561812842976992 30953556476775362456803001817801866412869 391
0x0476f22632b658fca2d74989246b8bae6b3c911e62bb4e20174873ad994cfa4fde0101d2486e4887339fb9b8cad62ebeb7c4e621a726eacedd5eae1952b8367c
0x0c0f4f20b9e9aab5e5c9f719c81b3bf8f7872761738c89fd6973dd6d3194d8bc1942e819de98b175287d51ee78704256f3b4362233dcf84562021880a7b2f27b
864175120484581453683482079962486176185193500155369104423588921177379322250834082489183304374038697487834084609675858746433355728113743766078731283595263 715242735813048108043946241801342130221515863814175659546333842985984405897623685954170408404739831509316605341687757 514561604425957469934276025689714217128446172593568977583430794134599765944366053892582641166957134816338984791787900 57235465786651255216700052558120399336107 391
0x055a285488063dc997f9fd6ba5d4f3721e8c42f4d60f5e2a1a88ed231ebd46696f04f745b26c75355038d6b64755451645e420fd36440dd66f96774ec30829cb
0x10592bb18c67c8ae3b9e11fce87df36a0be2e46b153cbc2a175b722cd3ba62f54f97cc0813bde6120528c54a56128edb9945595ae498a3f9b7b107d12f4cb001
864175120484581453683482079962486176185193500155369104423588921177379322250834082489183304374038697487834084609675858746433355728113743766078731283595263 1174372110013011279653326227096211372829954062496294101154271231537696015840632302646096061902793257123591834698328081 307407811317006841031597510535774984924845499438083440746186622390269844411104093401641711308514026354579645669395648 71753371039398724215237490523993157791761 391
0x0ebb3bc57b6b4a7be0f4c52f60d76c4a4654ce4c5d93f0f0e50484caa63b13548c74e856bd8fcf5957fd9f69f623cbf465ef7714e6c5806cb6bfea8858775a8f
0x0140958f51a60ac8b394d02b94408827421809c33d66df32662df1458c5b57c953a3616d7beaea9e2fb77e2bd789223237d36d6a4c65fd412227e8b957aa0d4b
864175120484581453683482079962486176185193500155369104423588921177379322250834082489183304374038697487834084609675858746433355728113743766078731283595263 1353087328045193608772022440069861642609214416786000522810697118240478637349712492161703549650147745212561796863150437 1980682362800708509109086461762234742294646410951761290399369948257279289340557256915404438047796899909899809392137028 35192470921162215226240274395599512828461 391
0x04cda76fc083439abe489b8db7e60dea3205aed683c94c1a52869ffa429088321eee7e628c65cd7f4dede434b4135ff5ccce35503fdba96d03eaca36bc650e1e
0x08a7eaf2455bbd5b6aef9871f62c75e0b56d6ef7634b7e846fe4a14f06ac0fd010275136d517ab21578e219114fccbfb4adca3755f852b705729d669420cbbb9
864175120484581453683482079962486176185193500155369104423588921177379322250834082489183304374038697487834084609675858746433355728113743766078731283595263 1989236127379848451270318501308640987504548623052852730984920558332627586919688283621898523974154352344189030655881189 1417279825901152573244352934514816196824470790386459429755245371869164994278041192574838206696601614653423162606181928 68600931420124577326066002652991089255803 391
0x088a0381a29ad573516841f08ffafb0b88d5f8d79586210ed75d314928b3dab90e9840a28bfe9e8922cfa127bc2f61e215fb525e40d3bcba387907afa8646fa3
0x0cd14f29f64b0439941a1aee52b1396590fac7dea2cacf5ed7147f8265b713b7e1a10ba3fba1e435bbcc858b4f055402ba28d571198939f84d126ccf04d04231
864175120484581453683482079962486176185193500155369104423588921177379322250834082489183304374038697487834084609675858746433355728113743766078731283595263 1665339558300082040136113378121438430334938492422501321441455890149858014873789337261411508219330219116161637768496987 745513918173221607475766098025506699709813707032840083801433955883406061314625516497439067437322553869183111639118688 76594877840316263464788617307601681890651 391
0x01610907bb9210917d28a3a471bba8b555203b23d91826b4b6f83548ec25513d909378070831b30b56c5c735e7c57865ec558880a42321e387cc85c68c9e2e91
0x0f5ef6fc2ef859a8fbd54aa012363e2ce3ed3e74116de6fba48a58fb7fe6a0eec69d695810aa86b684b9d7dfff773f3a3373b2e776f64b815f09db283bfe195e
864175120484581453683482079962486176185193500155369104423588921177379322250834082489183304374038697487834084609675858746433355728113743766078731283595263 810314275990494698363185487922304844906464889257006837504410448123182624231321682880038024684791520825477299110978039 813366088079971822091004842230556694073477507764560857543796030126283795001743590067071257269303246981401224688093328 56601784509572553752582803952726657744247 391
0x0595c90bd54c05667a6f1966da9f4e27d14ddfdecc136c9bc9a66fb6a523c206d7efb83173e4b6ad93a890692509285ca151d8ed9160db27cf12e348bab0a615
0x049912f76f43ae86a31f76aa994dd74cf12107b3d86a921a01e7cef26add05a49d3a0173cd6c71606ffb1aedc1ed4fead16df9272a6690b18fbac10537515caf
864175120484581453683482079962486176185193500155369104423588921177379322250834082489183304374038697487834084609675858746433355728113743766078731283595263 1743708744519391302357597847379004478601888048922177699062546867927972256126303782290332735835482219146901645661378119 1357869160912329468767562041602235195379115869961813143358294371402320273527508292731439994152039039899164227806225928 67264666324722318396612976561438299473703 391
0x0d86461ef70a67607fb5649d620d1786a61b27a63e23848ea2ebabe51d9f726cb1533cbf334fea364e120705ea9c9c816edf80907ef1aeab0b38ff2ed67e56f8
0x07d4fb85954b02d0668ff9dc8b79be90930e9a55556416f79f96616570ffb97e16546ea7a9bdb6aec7228359ea9e6808cf6333166beaca9909b1c9361f6f7d33
864175120484581453683482079962486176185193500155369104423588921177379322250834082489183304374038697487834084609675858746433355728113743766078731283595263 1990826009862876085810055839479439706964826727626102852494177087858998964053667245069626362357514943951857742007332457 1342308391773561772417537975442383860876186523932785725624467414887034544597705358426471949767035985385133448992133460 -70338126342681246605723306058647855562543 391
0x06058c7fd75096e464ea9b0c5a0b5057a6e6aeb25738d0d1841856b7056c0acf4ccbb585bdb6120997f5c22a86d3c45c429c135a3fe6e9a4d9ce2baca97957c7
0x04cd4b3768a547ba525fdb7dc8d376b580711c28974a106961643b8b5be051223c6ad262cd5a7db685ae94374c78df85896a0fb3e2e093dbcebc19398c603cf0
864175120484581453683482079962486176185193500155369104423588921177379322250834082489183304374038697487834084609675858746433355728113743766078731283595263 1178777606072784587673102814690845543949375024472730949836522310008138941283423269326223880894858450891296452167234679 1107870678174646893120138442894584693429710149535213445632308055904677306201697526300673937293990673280822462761041092 -62059050012168103336944424899308767699407 391
0x01cf4243787b87a134a9a8bb3f2fffea97357f211253aee4f1ce780acff4c68fdaef1e26080077cae78e3761f652e806ea4ccfbaec97c0f637e5d3511c6ab45d
0x008eaff006d605bde721d5d046bb7a364fc75dc49eaf9d2cdeaa7a9c8c3601d42d705f68375f3f82b575dae428a8d5a39e815ed5c9642f1747514dfbd8b32d8b
864175120484581453683482079962486176185193500155369104423588921177379322250834082489183304374038697487834084609675858746433355728113743766078731283595263 1270864213896877516563267826792230967190047148961437873042958932354636568284235108307723899435536733256800856193335967 2140634968125883826457145462817445433012020782452862968803305914256418594163133547318359056356582246702780844363796612 15667695290307798502044390189918533021879 391
0x0b857ccefc455abe3109b755497cfe9668ddd8e1540dad4e62a361bd970bd55c07172ba98f170ede258779c74e91fb899bfa06f6d6ca7e72d1896a77df0cd41e
0x0dbadaa585e60dd63b6e683d3114b12c60cace23aadd1feebb27e28ae105345aa583b2b7a1115e7e62fbb1a760347fc3f0e8e60e6ed0343e09f311393d1485a1
864175120484581453683482079962486176185193500155369104423588921177379322250834082489183304374038697487834084609675858746433355728113743766078731283595263 681145728819303004632284971701406044965991393847599376845925956574005588268243714029394404534558450098929033510404775 91634612221893132721083821918255393617959575697881772006665223357285691314858715235080444578208327904698726884748100 -58554859293072138752835444830416378665345 391
0x0e160ca9274c0560cc8e41bc35301912a3f82df569a7ebee39c095b3531222a809a2d9e368b299dd23da02af1c647794c52927593add43647520f3894e0b7ee6
0x04ba54c4f288acc67c1e94d5996d1f797ef451b6ed3d53f5165576aa96288101227432bcc768f597f6623630493756710ba3ee4af74ffe0674af55c70ea3f2a4
864175120484581453683482079962486176185193500155369104423588921177379322250834082489183304374038697487834084609675858746433355728113743766078731283595263 1077758316210747730092524532643920732738002228823505947710037772811138114656151114597930542051190451020655771982030517 2054645763891251408628047404507633716054186718421217049657259191949373513108720043799732800771209185968081917257401868 7793980651968550305646310897387929662659 391
0x0b0e4bd9c0a6fef1294085a2ce505fe534e32af9776615278d5691cb9f4c05ce74f8f6e8ad49d1ee2dac0b975e0ba5e50d6c04afcde909d8429290c360f3311a
0x0cfa2bea1786dd2ebcde002e8d3b7ea740576c5b4f0006a4d5dc0f83d9d953aec7706429db9b8773c372b9bd3d305ab5591378a15a52c5cbf2a2f8a6978dc7f4
864175120484581453683482079962486176185193500155369104423588921177379322250834082489183304374038697487834084609675858746433355728113743766078731283595263 1250120112234312644281258921467300023013158006638607341347144144954453574103027748020494149880448060626127493268551369 291628353048008612291799671979878232149752515757288600125631225320209401863738333864775735975041702466554820272463772 73410121166197666073453853982980197926897 391
0x0bffafc294318cc51899c6f69f62b4d729415e7ac22316f0fa13d21ec435b0d1558636631a2e190fdc479c6f21d2f727dff595823a3bc74cf648d5b5e5822577
0x09ce81a529cb6904cea887aea4fbdfde54470dea119e0faa72321926a4618bfad20705d3bddb76b3dc4240014c8e7b5cbbd18d69e305330e6d6e8472c51cd1e6
864175120484581453683482079962486176185193500155369104423588921177379322250834082489183304374038697487834084609675858746433355728113743766078731283595263 932558840100274742403825407291703884129985249443527982437319045536347455627203565777611683851701231447911049314675781 1957510098545037841950050501042712772215068985603950797365053865049789126187717617550821250347983131166820421583749792 1446609413544163507309618049178398919099 391
0x0f39df60511bef3f15a8ff24621973b4f6db2afb00071aaa04fe82bac194951651b4ea7f22d92f085d50055d10f79b31ef016d538d0494bd190962a081bc868f
0x0a973e0ad157fd526a6893d0a05c632325b93824e0588979fa0d3ce89ab7986b44325bb5b97fba1f9fdc16e965bc214295fe8effc0fedb803d39bb81b349188b
864175120484581453683482079962486176185193500155369104423588921177379322250834082489183304374038697487834084609675858746433355728113743766078731283595263 468690335602202470238190265731956143623867137238441950222915886435519550171460885780769548901503776886008428011030437 688816095324782894739075789448344145845053192418710199632783289015469266338082073651872290177551558188309319856568340 -43955770871899601614685707131554074659117 391
0x0e403b2a2bc9ed7e87c1763eb0c1eb75279bce609a3d51e0baf9b7ece80760856b937f7164c99dcc2514ffd3ff9205689445d0230c18a3040e0da9f8e1873325
0x0d48747ddcc1b6199b17d64def221066f3525296bb12bee670665de82f4f8403b62ec2099653e6b0a8eeabc6aacf192ae63df64d22cb2c38aa41f7973d5d0ffa
864175120484581453683482079962486176185193500155369104423588921177379322250834082489183304374038697487834084609675858746433355728113743766078731283595263 85682698371694745996548871359204472647106729532943097345748051807501542579108569274269588294412099003297259531320441 476627131374195702465007419081083195144065533943060206799303436562653373036656641161800698960933557455592667387021552 15122263792188661309831705368882991075079 391
0x07d7981b175ac45e0a9c0bba1593ff0bba32288a74dffb7d114c24445c911a7b8c00cc996bfcc3b808ccc90021985bf7f2cefa85770d2d9883bf744a3f21bc01
0x0922dc49c218aaee4a8a96142fcce965d08ac4a4ab3bad581c2de4c96f461b5bec0b02d6d1b011c12549eb2183b34b225e4712bfec8d1367eefef2b09aa7a2ef
864175120484581453683482079962486176185193500155369104423588921177379322250834082489183304374038697487834084609675858746433355728113743766078731283595263 1093297147155322909722948445326914855162784889380518263690439924082913363555228998518338995577579371543215935284951449 547343397393059930718601619564206210920611533236561068742476010052496582898676196005080771865705440014544563077157632 68196840519876559180085285259487877413273 391
0x06191d48ebb26ac1af2cc533d063606051316091de8ca11a0a6d73bf281259db916d1d24739f0adf71c32ef929945e71b246f6332f8afad56761b5ce84450963
0x0aabbe8f64ed79348781d4a242b525649b6fd40faa58a43d1e140eb505e2ffb788b014fcb1cc33b7e2b15d01446a6fcd94935ff13b636254169d0bd08a84e4c8
864175120484581453683482079962486176185193500155369104423588921177379322250834082489183304374038697487834084609675858746433355728113743766078731283595263 2080664162449139880011842807181559734972204837644914535473261048902869979930596332347991560882715583422057169815832639 2274391047500298694255282891823513207570647859509365535895978335488896957425053698348557900276028481062636639763450488 33876150440905984807379978935810744219167 391
0x0e3a7ba6cd180f0008618614582e79bf3be4576e123ac9baf90a5c824f0fb58b29b6b0df968d02a9a2a6c2ddce4a7eb3071da895b6fd15d63776f389dc1acbfc
0x0b90c36ba52f267e398eeaead63589a5a9d98fb43407285227ea7bf16fa8b29a55b045e6d888ac49a115b12e2d798add941a8a524457a4322d2ccea50170d1a4
864175120484581453683482079962486176185193500155369104423588921177379322250834082489183304374038697487834084609675858746433355728113743766078731283595263 1848561905498078816529354690426927744176520565821278749056789210987339319057571937090374636996584349056166470565796347 2363803091582413123290320197722868333063463960515113978883752038851653860527354651030509425850822881824891846951747608 19194768177942528689958424765150934367579 391
0x0a1eb00cc4404265d82b26756e2cbdf2c69fc9f375a1878a1bae978733c8022970f690578bdf173a42fb6f66b1a5e2f761286ca6730260415f38dea60c68eaac
0x0ead357212e675d5d812cf77d9987f2d8e5171c382d7c9b5238fcd6f9f6a7ff037200f31238486dfb3a70218f2ec64e3506b6be1c5b6dccf8fd2e67765196502
864175120484581453683482079962486176185193500155369104423588921177379322250834082489183304374038697487834084609675858746433355728113743766078731283595263 1972997390082670984315409772039040041677374001820786649984234234047362153722905071478256724525093492450958354816050225 1958249134868726890000833471015414107051393100168527533058452285677825285583141287321895446454876382885118838244467540 -50721851580828939047894726975651337725095 391
0x051d56c208a568ef3bc099bbd95cf897477c09353c1a4c6a0b4a2bee5bae5c2aef079a6d0caf7ddb59a4f6f3b49b38e921c5ad67aea928f0ab833d7de9a284ff
0x06d88667b8a87351851a1e802fb30f1274241d4d54b17758ba7dbd7f6bb760aafcadd67365b677b48131070894948b7ab7c38d918111106cd1ca4f4728e289ef
864175120484581453683482079962486176185193500155369104423588921177379322250834082489183304374038697487834084609675858746433355728113743766078731283595263 1180719262883079306287723448922405824362924625206978697010230235668062600986225438999759544402292147259607791951506627 1630943885708634223619593587111222496279052870629732131130720179358010751671150404222212854083062542352042623963544200 -46899783052217657680610816341146853670947 391
0x02cfaf0d7285f186fb6416545dc6c2ac74236e6c0a2e13627cc2af3304b16ceba9158cf742bd7f804977163b145d2e9ab1e4dbb5c671eef33f9c7a43c5c19a90
0x0be6527921367efaf4c4ec6fade829567b217fdd47ad032d4a92b2378ae328bad48c047a6e79b0624f60dc5fb844b6aa14dc7aee758c7fe709fd134db7586142
864175120484581453683482079962486176185193500155369104423588921177379322250834082489183304374038697487834084609675858746433355728113743766078731283595263 1660838414674078823210387308201353674684197846526830082175623740537012971760310879942850077706217967277596257448415725 338099403720616310103663178665486161287009541357405352007703672394086425952680628402647367674223399868483632425939300 79804129782837626606170418984963642251765 391
0x0b77d807b2be94cd09f67418413a3b4019ce28251a8fdd12729c0fbf54d5a5dddccb7399464d4d83d8b8ed52a1a97543bba019b7be1df125d53ace2437a7eeab
0x01ad586014a769be7c515f5356a5764a9aaa4a5cf2670458f006fefd6ec1ad0c4a23326ff83628e42af6d23ba2ddda3d79eb930f645882ae5a8dc331506a585e
864175120484581453683482079962486176185193500155369104423588921177379322250834082489183304374038697487834084609675858746433355728113743766078731283595263 1253890927374933440154235808918161044158752815379393918293834740059549013477242165011255548334985521522481134854713509 2156068674851236151719329653147588989391832132452282776187385404075140139002823417684301151329341506788137386790742624 10921078438668676453701803749797161755995 391
0x0132f65d5bfe023100151c563999d1e7bee611c1f3e981e39fa03afff2e1bbf1cf2bcd48cdebb5242e4f1468ee8cae228518eca670b722504928277e560641f0
0x0d833843b8044d149e7cce3b5cb2314a76cb7e7450054a10ea8d4a9bf91eee6e212734e5ec7c0e404a517846414d5289a63131b300bc56f7ba7e1805eeaccf19
864175120484581453683482079962486176185193500155369104423588921177379322250834082489183304374038697487834084609675858746433355728113743766078731283595263 1281610495936211425101716377911351572307117835318610114023852896026865493525428257058535793178014606197520254317197949 1899323622077367875155941572579939539703500607801613946688069008584493250374807241426415419779294184866228288755784676 -37477547427119322662112352966560994444795 391
0x015c6cd694739abd182ef35663209a10b9c672e6237414715c1d4d2051d8047e5be2680804916ff38dfe45fd6f45b7994c3087c013bc728f2f6cc3354a8b93fa
0x0e88355e3bbae24f978c05599786cca3f52620f8d08faba33066f10dc51508e0068b7094d5d6d6dc423e0f23241fe61675845f5a62d444e1567e3eac3d1189a1
864175120484581453683482079962486176185193500155369104423588921177379322250834082489183304374038697487834084609675858746433355728113743766078731283595263 1808948275876668393812414461439587950471100708187150839050428397271920532747323804758686646887993114936973260231103873 2089760463567105370149962438695620410144231026312305124051660724242576486292914386427386646175667741011885788850513180 -41439088134622123512026208210643225850345 391
0x0cb5f92361df61e65ba3f9cb83609f0e4dd8114791169b4fedb83e736a77ae2822350b0e531d7e2a55065bf4b8b3541fd051d2d6e07f48065841a912cbef4af8
0x00d32d36cdf3a72a08574c23701b9192ca5032bdda109d008560e52f376e9c2f9f43c0e34840c03d418da4f6e62f84bf17510560e52bcb1ae2a8085239b94078
864175120484581453683482079962486176185193500155369104423588921177379322250834082489183304374038697487834084609675858746433355728113743766078731283595263 1679169120303593766733850293654584952298403398956642831007443658489241147065412677882775407451886084911855425956336301 2184230198785998956684797084559063512874431545486508214855106510349392255573464931491808928492221908290826920870561780 31881007395640726537461661600667560952437 391
0x02575b4fb782a72cc04aade76755cb35319dae5d0271fc120d55ad9fd450810b4a3610dd35c95364561f736126bd405d4cfd8d6f296e6bffc1a50313a7a624f2
0x0670f210520cc12501415dca6babf579812c88f2046b2ee893692694390b86106c73b466c477700371c988f2c313abecfa9a12fe20f8efb215c6ffaa6459cd6f
864175120484581453683482079962486176185193500155369104423588921177379322250834082489183304374038697487834084609675858746433355728113743766078731283595263 261667976660561412158929638087309237593612706264931700970827235104951738417330866178372646977714131865016786606461423 988411696115544738497748857998444930193829629633149824833111795576497602840502688218394268935402801485613173110819000 17815533086584288353259902509053470903345 391
0x003ed4da2d75e4a319a9a4cd974b38958aac80cefdbed3d27698c537ec9a5bd704b4945842a4728c7b2d30f7182714c9f67dea835fe2f1fb495546c6d0790061
0x0ab59f0029634883681c8a42f2cbf0c1ff846f9ab45d20ea05e3946a3b23c8c37ae562c9f74d19a7bd370f774410a296184010dade0b5806a9960ed1ac3feb7f
864175120484581453683482079962486176185193500155369104423588921177379322250834082489183304374038697487834084609675858746433355728113743766078731283595263 102224290274239551977593378401117631048901222845354804806387426793348580191606575756964419300443008780934183890252569 20520064099511452981005726013696585520286798510025902276898552646837290628256867730739508664317753119463961311803392 -24166442511519744465976662124670278759193 391
0x036b3a781f4d475f085fce731613c6a51c379a71d13af61f2b3b7a08bc295a5ebf5776dce9653068202cef058e8ce7023bae55eb7670216a63583dd8d98c8c3a
0x08864f4eae33642eee159fd5ae543aa0df58105076d937b70ec92c5dafe2d55f8ae3ca26efaf15e20441ca7ede1bae25c4a22cb83e17403018b0b715248db2f0
864175120484581453683482079962486176185193500155369104423588921177379322250834082489183304374038697487834084609675858746433355728113743766078731283595263 891796788754524805850413609972413247715779011992188785682485116978784409313833502690824117935258474238291381501750281 117383298368435558671864641942037489200751567675276993991277978362232772018552867615749088747393230468577180077008280 65333109536144618783945916873542929563177 391
0x07e6233b2475a46b128af6cee50481fa231a20b6d86f5535dddfc3dbf536a89c15ec1053ec156101d82d6a9a670a1ccedad2c3538a10c38d51ddfdc7315f42eb
0x0d7bfaf1bd2d62bd0108c13f00f3a7f563c5fd28441e737d6fc4c4d728e0657ff3d23a4fd0281cef497d9ded3fd1fd2b53437d73ee838b5b49ce9e08f186bbc0
864175120484581453683482079962486176185193500155369104423588921177379322250834082489183304374038697487834084609675858746433355728113743766078731283595263 1687948631954072303858608153883341680800805767252195165331299928241586774457370277906649956500507963014288033457696331 851529534750316716607821426395357182895841339189363631309365336222486638004393251430293867421724325738136744936984180 75598093893509825775637212526925986729923 391
0x0029b5e6d0f05320871c456d00fd3191720aaafab775de13925c5d6095e3612cbf1f9c8987ddf3835b4adf07090fb27645b2eadf76a65bd581c0dcefcf98973f
0x07bb29b0a14de8e8f9c3d5f481c83dbbf347e0add90e7759269dad42b05198cafd15e8049e61fcefa59a54518a50b708f551b0c3904e422fa7d23238ac62e94b
864175120484581453683482079962486176185193500155369104423588921177379322250834082489183304374038697487834084609675858746433355728113743766078731283595263 1386153646751972997267850067532116166224552989609081806791529185889301799735986660634657952472911388607881099783207639 1679749108082140140241960792554149492423894059845493555504765759749535723294381645776235731168748762226596160108973832 -51003488860749016720635998283371332488777 391
0x0046607432033f74a1b126472ac98739522aea7a07a800916142c7cdafa88ce0948f041faab6ce87c49d3f248c9d965bee6d0f0aab9a5b55e22901b0a87796b7
0x03536f789118eee5bac413ce4026ce6b009a05c40f9b4347521b3def7791463632c6956daa0da0eff21d4cb68cee0fce87f5caa65d89b4614705f42722b24ff1
864175120484581453683482079962486176185193500155369104423588921177379322250834082489183304374038697487834084609675858746433355728113743766078731283595263 1676974416774941967486486193791838219536613825689536902240857441784430778556387211023712125515687421001680030751873231 2321336540689136518724745181766652612817831042290011132914630731285279234802961838546986042296305323203872636320250920 17241793029902114638389748373628575010223 391
0x0430bc7f0c6a67a24bc9b39638979273cb7ba876ac66252dacdc01540a66acfe140febeb166a016f843ba28c43d00f5a5942dd4240393b72883426e512d19e04
0x0a7ba98b1ebdccd407739c398454c6f66f5eac49f38c8e2490be601085122cd81c78afecd7d7dcd196620b662fc209adbdc035cdd68c12348749354f9dfab8b9
864175120484581453683482079962486176185193500155369104423588921177379322250834082489183304374038697487834084609675858746433355728113743766078731283595263 612477102192265528933952243554868210706696304157965967063287494024726018898509892030652461350056629992528239330266367 1625087647781085574836444542645826554725474108768566402750207428564928767277211618209260569012089497762377926680719760 9188670075407040726119775886516114918273 391
0x0c8a83aa2c05d13bd252cc5beebe1eed83519fcc15934cd3ba5f8afdee1d6b841f2a78e3acbfc859a1ea4edaec5801d5326ffc2768acc2445949f398ffa2fe7c
0x0ad12c527fba15437176b8ed96cb4ae4841cd06ec5f771c06f1bf6bac3e2aef9ee13db431cbab06880ba907f287c60eba40d64c00e383875508cbff74e7d8a4c
864175120484581453683482079962486176185193500155369104423588921177379322250834082489183304374038697487834084609675858746433355728113743766078731283595263 872134016583425067837168130823128521549088550228639107357407024911469148618486205246621449253843454553139922890405561 1852509161406869638819020730989868632509346471615392417214923903115204569698095895787513112259840436568019986103049780 -15445562889001234488299026613062271427617 391
0x0738fb788c149b90348492251c4753266ebd2837f57e29833746c3a5fce66bfe8f669483199d5caca24b8d60ddac9be2c2d0053f32a9e88e0ada28e04ae36294
0x028f1eb3daa9b7b2bcd5dec80b79228bda8aba1c13d7ec784badff4422ed996458be06d9be691a3036a650983d4aee5ebe65ea4784a7b35c70eee158ef19c556
864175120484581453683482079962486176185193500155369104423588921177379322250834082489183304374038697487834084609675858746433355728113743766078731283595263 176791887982061456459809556086470153395422868926383646032110769396033227178422771903653162077761214725001838785007479 875008034165004571576203790416135161213695745513268856074290347555275785503540293585980477823758287116646977311460976 10470893120323806280667864999011385943305 391
0x0f6c3688d0e33648481311a3f0d697ad145f87300112616683f66f6edd03078dfe5282c7e1b6ebdfabe968bc095a0285c7497b2a80bdce6d47abe998adce43b4
0x10016337ecbb373bcb50a0eaa7534b9c6770e4ab282ab6d6e8d3569d4d51e5ae05d40f28319dfee97b849439240e4e8511cc98984546aee94db3d14d8099ef9d
864175120484581453683482079962486176185193500155369104423588921177379322250834082489183304374038697487834084609675858746433355728113743766078731283595263 2316191774704897341351870062099567861040065256992772294215870872619215443256159069323599798151089827698684363834044673 1594473920774405143277573872263144268945917533821610519710763703548385864033966275573654163456412794407390911571882780 -66089137621546855418049713016935760131735 391
0x08c9baa48b198bc6c81dea817c974cf5201e4d4eff5993ed573f08853208b7467f6e2cb434e139a8096e1015aa0d69b6ab4d893d7047902f3478b8676dcebe02
0x0a78330ddbe80e7fc26d4265f04bf3f2a2fa433a16e85bba8af20932eb450d78afccfaea796dd7226804aaad4d78fd2d7881ca9ae1a465dc0a3c46c1a123e4ef
864175120484581453683482079962486176185193500155369104423588921177379322250834082489183304374038697487834084609675858746433355728113743766078731283595263 878726580876208025102321586355349210722905170758594029827063385205266506023762786809095396307974150007540999675712071 1896607078285853357141606172692935805821278691497045953074693110045548345112836933176932110727224397527634992835495172 -8507081523379788988655995398085337602529 391
0x08b2711a9dcefa27fd71f3816aa630ea5d2770856bffee935bd3203e91cd45ec3bb9405ad5f3539821c58b22126afd05d79b883fec1f185933d3d2bbe682f2c6
0x10546df2177c72dd6bb71af49892a6466ba79a967181821876aac47fb3d14771ba1cf37fcbcc1022b18dfe2766d900592abe80ce5b02949f0fd9da2eeb618e5f
864175120484581453683482079962486176185193500155369104423588921177379322250834082489183304374038697487834084609675858746433355728113743766078731283595263 667835963178241378237089499605900678666133632304285174696027649911145598114424338964398232898653208806192878551695241 1686442787320495543361701344683472626474569133371848635451428464985173012560646346849368518086516908443903178541366940 -9507054426930077689692299201114797487793 391
0x0c5eef6e672397d8825c884712fec9767bf00e86f5f9b33a8630ecf8d8f40a10ce89137bf65606c6aadbcd5e99a740f3ec05dc0334b851e681a07ec9dce436e0
0x0ddcb6246c2e8332f175b64a986245805123e3d2c4f3b39ef09919692ad55308953564042ec564d009f6aa2dd64dac056fe85e5839ee656592c97fe113581ddf
864175120484581453683482079962486176185193500155369104423588921177379322250834082489183304374038697487834084609675858746433355728113743766078731283595263 1927954048471481251252506122129015931755335385588242841718866676766193804622806879112693338709510459160514700549943781 662913979595669989303821304053922897572771785826886136941640680513489445915008632086856454809945598427074427076846032 80262611821155448169115950312974155127909 391
0x0b36f671a8fd9f2e7c2b6afbcdb9a0e83aa3e8b41719c0af24861116fa1bbaf79aace281502591dc252b23d2c10bd5ef69bb10c8566bd23970da2bae32f9c8cc
0x0f97d7d68df3d3ea3fdf3c99e4a655e926ff9392d675300cbb3d69622dddf6b6b5b3a1db5ca3696e81e27f33e55f10c61ddbd02216d60e7ee183200b4501b612
864175120484581453683482079962486176185193500155369104423588921177379322250834082489183304374038697487834084609675858746433355728113743766078731283595263 893558557092905743222841647450026946491372611516041703380081828597323632377842992659710852780146607323201641883575339 1134344562718373687453875099647088665740512655019930595028387017076250637116562388110585599406278101129398934017035376 -52934148480427973107280501178125151178155 391
0x069fad6e06b4f0728452aae3d2fc60a74b8b8a82a7238d8917bb0b7a98b9f050a116eaec5a8d0fd4d65ee5e9c0e8d386b90742d56fae8852fa7d12a7b840b336
0x100921a42d23ef9f584ee98f82a1c24e2a27a40b4127cae3ecf71d9313b57ea54882bd77dc8c6899f7b32353c7732d3f8207078f6435a0496f79ab83dbd83ca3
864175120484581453683482079962486176185193500155369104423588921177379322250834082489183304374038697487834084609675858746433355728113743766078731283595263 534056080804115636841039816967786655528761919277279832134777552049251252551874130389171680211789199337754469983824997 1140320619652396944387155604445307535678885156002555002720345354504370084876098946338617370611636251703034265423100248 -35806146616730929699013243076787326610181 391
0x0b0ba0dbdaa826bdfadb47384dbad031e6bb1aa5d4c5d72df5ad16359f3ecb5567775a920b5bc114c5b1802fc27e72991379ffff62d6474258fd7329f2c9f89b
0x0dd703409a74ab1b012cbe300f1baa168316f60c95f3be006dbd5dd2ff579d36ec277c27f907598b23573036233c22e493106fd4f84129abd549971d2518498d
864175120484581453683482079962486176185193500155369104423588921177379322250834082489183304374038697487834084609675858746433355728113743766078731283595263 344900138474287518720204335865203677636103315275741911609935140989222417021603637649483128635749214612351890943215409 1262010665353437430950810486742532988327423731443948225895784952701116529119293498735470045531492180227102430154683208 -5678121111793170527007737307775288647343 391
0x0d4ef52d70426d33e8a096f112d7a7ac73f82a8257ef2afbe266aa38795b45e557e37dcb63aebd9f387e4659adceb6393c91c1a5d6babbf20f03789913da4476
0x0fb92d42246e45a38105fb018a19bb6637f528449f0bbfd25093ca4169c97cec0f980611a0db5502bfce6baa661dba830a658a1c870557b5da38a6de73fed076
864175120484581453683482079962486176185193500155369104423588921177379322250834082489183304374038697487834084609675858746433355728113743766078731283595263 2240698717164031300000758442625781674293319321149873417841984796590539923278048261946030939831268292848909227377259959 2491814637598209717945406950215725123543226189092496941537597215269690623787969862410173081056146250053786845654561628 -9063935084276238810231575817819074645903 391
0x0f93dcef707514baf7ca5e5419487aab6da5c259711c3cbbe21cee45ebcf05bb6ca546d795711b7a27b0344a165875998fcca736b624a8231bb4f4108716560a
0x0c33529cacf5a210b6189c7788d559a82debe0d17e6791e9f188accb68f4a961d6a65709e89805bc1261eb48d352afe1e5ab730376b93a6acda19cfa95960634
864175120484581453683482079962486176185193500155369104423588921177379322250834082489183304374038697487834084609675858746433355728113743766078731283595263 2217859414002433860332704720693283144955109710995314898971065542894837416397586243188952386035401973687717176419459325 958128272068333354330109881816427217420092903683486054910280074439931337221119756660447020755829229187606780485716720 78673052224555411518137219740136570305405 391
0x0dbf03dd737dde564a4110725de5aeb2673c87aed813bd3e1852f2786e0456da609232226069c198583bb462a18a6bb0d63e412b4e49c4256739b2325d79d2da
0x0bdf5f590162dcaae71236b205b55991ad80d376c6e022aeeb82316f5ac2ab4568425ea4e92911cf9b4606fc5427a4fdfa0f63f613f0bcca2a14dde62d917d20
864175120484581453683482079962486176185193500155369104423588921177379322250834082489183304374038697487834084609675858746433355728113743766078731283595263 2013833175264246997182970367560891976600063338006603407005409429333072243463341772998173591666783687560435589464626991 1767130106981973775175735396411740514490232604453629460856739566531570758344584072704776590724112926863350229175281352 58707176835624138055541011054895333086479 391
0x04ec791889be702b55d6aa3a7f3559e74b67c516855de7b149c45469cc395f011d98580063d6a2af4fc73286d928e5a348b91a66ba677a34cc4503c777d6dbc6
0x0a60f4ca3be99826848e6e6ff0a6e5eeaf52a4ac0527f9b678b129382121a8f426a7eb9ad91302059a96f727d23df854d3916ab1965f060f75149e380043279c
864175120484581453683482079962486176185193500155369104423588921177379322250834082489183304374038697487834084609675858746433355728113743766078731283595263 277352190671826483872744463051095845531059927945623603002357778683027538342243612147430448078471626645231511991641901 1148926126807092196579923130111043727568022536854480185063503867272395697096365369758457829321242313847364371204643428 -1466418472182246146701442666812659310901 391
0x0f8c3f4c5a643ccdae1f6bd944094792dbcb27f3652fac987276382e8576346fcb51994c37afe73e6441cf4eeff4f22537f8234724aeb82c8611170b8b0a01f9
0x02324c21c8ed6fc1918a97e5f2b0a640cbafe1a5bf9aa69b98cad623abca1c3c74968d0a1573f6e860cd451ff6968904da672aa1ba437a2f13a4db7d02a0d51a
864175120484581453683482079962486176185193500155369104423588921177379322250834082489183304374038697487834084609675858746433355728113743766078731283595263 423802893562148857723367101906088120152306181647125165258264939225574453943988874960811372226687606527914490504716931 462069457702708047164289094385641827968771767344287674750892703048418025039427038809276575492635116078925437605754580 44927423857611346708437672108776283682373 391
0x07768c3cd24475d280d7bd258292a38a9d36f2154d6a3c0abeb56ad0f9bc798f8f55d337a365e10c4a71c45f58b87d3f51584485b6b014acc8803370b3f73f7a
0x05e12cc6d6ba00ae41a171cb439798afb2cf16f30f95450ddfaa9eb82abc2aaa0a367e4c0cad0b2127df9109db56779dbee67b3d0d6a1039ee05a04fbef49c42
864175120484581453683482079962486176185193500155369104423588921177379322250834082489183304374038697487834084609675858746433355728113743766078731283595263 587132981114216828861276609365071639956653604142858409466465030045086228898169559468341301678582376575170428397857807 1603300842985671063526096551822632016819218164400296562827409687698113572093019406477593003574850677393501465425846588 7286450029719241721552018571055189166169 391
0x0f6ce68ce9decc4906d726cc8fd99d284784fd18b35ab237882acf1d98182901d87e5e4cbc109de3362e746a27a11cfd6d0701d493486f5702816bd942f13a36
0x04d50b7a3ff36f825bdd411cd355256e6d56b05b451014916dd6f0879f20436c1d0d547db01cf02460a16b435707625614a8fe4b98c772ded85729721ac7b227
864175120484581453683482079962486176185193500155369104423588921177379322250834082489183304374038697487834084609675858746433355728113743766078731283595263 1109208998536793600967893942487657459812670278815711620656055232486367110138536246632448136727847305684147591503597809 865388174515507957430771587184058978020357301371152604300978682873007559243002002057097895565706296288444020058770788 64677563889541993590783967814089958774233 391
0x0124728b255dd7fc86959caa184dd064aae540f4d5f43ba724778d793a6fcd069237b10b303be976ce7b25a0ba5d0a2cd3a742f6594a0d3ea87a2e957cb3edaf
0x006b29f8df18a2d0630f51620f6e9bab9fbc850ff39f96b6b57ad0c2012e921f2fc1e9a264f9fcb74db87aac59bfd5496cd3a404729d21df2d12d3ccee17636a
864175120484581453683482079962486176185193500155369104423588921177379322250834082489183304374038697487834084609675858746433355728113743766078731283595263 1847518234892713620147103253997101527002190478349648223576497311652711970139733360114014389875120502622335500745470021 2179472265202009366696425848110867970874748558009648273639752515875867270529954508376325906348551096682469031101094148 -36550026994535651026699220425853427372301 391
0x014ad25271a1d1224e36664b7ecece78c1f47cdc973b9c1730e2a5c39f3961fa211ae5469565116c690dec338ad99354f030573a2f565dd142c122e22253d7ed
0x1016221266cfd77d3beb203fbf84846128c4fc94615ce0fdcc1a90d65af6bc464369f754693fafe52b9feb4a664876775b0b5f4e1d96d91dc86e3d62bd908dd2
864175120484581453683482079962486176185193500155369104423588921177379322250834082489183304374038697487834084609675858746433355728113743766078731283595263 2260884695735437035197574613070017569745998713081220178943969674204588191474859207726085271993373395221461994585688791 662943328327913553341725408455086763010008614084503014423878394560234664540142115880378747615060182327209432770664352 82287851680521693617567312929579084990679 391
0x103f2fa5b7e1ad1cd536269430cb6ec06561e8ab83c0bd099824bec3c78e911398b7b81b01f3b83721bb66b8a26127de70c748201e026454e0673aae45dc8640
0x0915979070e70c00ef963fc4d83fd8654a7c57a826669455225141967ccbfa797c98121e87efdd672a7fa6cc6debcf7487a2caf31e0303176189ae65a61b91c2
864175120484581453683482079962486176185193500155369104423588921177379322250834082489183304374038697487834084609675858746433355728113743766078731283595263 66368932941532998338212437556951401799582039893414225366372505647957856060145128026293193190106736419880996818676249 553510857927203267963863763580388522048414254650809833825705750351264592135924002828926250351748248706839495003392312 -5264407843101751241279926302783858338617 391
0x0127cc4c6736f2f995df232f7d998a04ea1d083e7908faac1e376a04e42f3e8e45de2452d70bd58a7f71f06084a947fa26990af1f26a61cbd69b35ebabac88c3
0x0f0f9800d0dd869639be18102793af6f6b53bb5b4b806ed40261ce742e717a4851c12db97baf3eb1cbbd6fe57cbc2f27371783f3a177cd714021e9dde4de5243
864175120484581453683482079962486176185193500155369104423588921177379322250834082489183304374038697487834084609675858746433355728113743766078731283595263 1853976609931521826601234249789292767911813762363363547150262102547770401444969944614807509125595159016895621223957001 822973946276851839783794338238341087054035682033099428591079863562107510272152248459046191347275215038746986877985988 -77838824059916574757479370950018215768241 391
0x06c7beb039e12f851e723115558518dce041ca4bd66d9a7354706ff2bdf912dc7a1bdd2056fb4d4e6455f11078f2049fbeecc9573f19bb457bc67753bcff0f0a
0x0d6a96c86861406fae346ea606e3b7da332c683b19f698770a3f4e85c5665efa326c8d39a6a9f2965499f01f85b49d3a30f7af8894fc6ae1c4c55cdf06727f3b
864175120484581453683482079962486176185193500155369104423588921177379322250834082489183304374038697487834084609675858746433355728113743766078731283595263 1923083626142103970464694187687789335052970832705490521940837577470518298027792013354117250498621616914862362679727419 1596920830638532377089443854825726093314424601259680826781809004130473569269233814550598814155563461697013686739876908 63189558694839252401462011865228986089907 391
0x01a54c7a03783a5605ab57bce076a519b7bfa24265146a399b0bbfab29a8d35e67f2f84f4a72b3de0ff5a9552f6e97be612443fb35a253fb90262b86be8ec2c7
0x037931f5b2ae2acd51bf5556edc3048010facbdfe1e84ac11237f344f9a3788c4ae8bb9006ee93779e0edb661d974503a0d8673edbf0bedbafefd750f081a909
864175120484581453683482079962486176185193500155369104423588921177379322250834082489183304374038697487834084609675858746433355728113743766078731283595263 276258507688377410169836628245298999253240839968986762957275770062753809342242740469584559493472757577016681472162419 613775773109880286045840375514700967958924686738242832009686109482743170093342029503294333049870388253472462662834176 32985473903500487746348297993449001223565 391
0x0dcf69aedd466be472b4ecfe4705efb79e99546cff8ef78ce0f981355227dfda686cb729b6c17b40fa61d88db305b5857093a14206df226358fefe520943c48e
0x05d09f9b04b35a156bb407356c2ed8de4e637055a8ac6a016ddfeb8e0879724a8459e5e7042ca82b8d53de171eef54b1e7d6713b9098e283cdf11a1c560053fd
864175120484581453683482079962486176185193500155369104423588921177379322250834082489183304374038697487834084609675858746433355728113743766078731283595263 1990119416627415530912396276614209082959967672979113061525877499746800905689618467797952374096820527604054287739713231 1793612430635288961703926645822086939417967529960087347745734999900953071529226597194625508941799309071059409798665500 57522952270446962293814953463052516746727 391
0x0e977cd7c95a895b64db7bd7c242457917b27b57d6d7bd6a54f06e487f711e9aa1b0fba8ae4e912a92af2304691db6ab95f2df4b7c714b9afbfde62c1950db52
0x03758b381170fb335c379a7e7c62222cca867634fae2caf23e0f80c13382d93f0812021e3e60f33d8ce1b67d049b56f51792e9e52cb35e26053c0a2b36fba2e8
864175120484581453683482079962486176185193500155369104423588921177379322250834082489183304374038697487834084609675858746433355728113743766078731283595263 2029445012236974410811433969976742428863915353662686596379872034156627753031903233795698381788008727898362107424278217 2180123519228230023637277554882162330597507731763924510238724174045562167977847846362577937567766840044935542201368228 39726440768624626453748669698163268157681 391
0x0480e9884528e9744c44f59627790f9e22b5fa1aa11c256f75491ec9a4a0c3b3d7ff5fbef44bd51fc1a28f083d98f33e0c9411979286fb9d515a88cfdf51f653
0x0e6d1e0967d652451dcc3a658023216715406aeae5d20091d29fc57094f7120816e75df4b52cbeb871624ef06ef10583219ad213d49c3e1dd990b389efd331d3
864175120484581453683482079962486176185193500155369104423588921177379322250834082489183304374038697487834084609675858746433355728113743766078731283595263 1799860865519864953794211631704207332269528307737865219700744769316662552201567692367713209431758035719897214538885467 2400680252932904828668319490539418237811982538338160682508978667401721380053925508666492323806605524658553091456458568 -9300820603894997800058258969078495882309 391
0x05e860535dc3a6420015b6fe5068f2ecafab2eb04648f4e8466640c405dadefbaaa8c0b6fff56ad2c7e7537ed443ee250de6470494b425a2e85a35f324e51c47
0x0c9ca0a8be694d56dc89ab92c998f52eac67e1ccad2f9e16c1d7b020af1a54c1792a37f35727389c54be9e82f6ebb0934286139a9dcd80526319b9b701aaaf3b
864175120484581453683482079962486176185193500155369104423588921177379322250834082489183304374038697487834084609675858746433355728113743766078731283595263 1260550969180101354825239742094444041597976963801122931605851857316139954048418701626866677770498197244354910304962259 1656326094112793452021024446449680138963837071160844101840475626097215184898478300537779682398331292195080359231930392 -48408933822251751674217774915043862730957 391
0x07694fd746d0e5663e48d22b67d37f1069fe9caeb591a77bfe35bea1d8e7a60f6775511bce54c7e33b3bea16a09673bad049e8aa579cda816604ca63ba215785
0x0aa268951b21cde584ec96088fdc67bcd83d65dbc1a5fed709920a32c40a9d356e6b0086b2717f00915f2acabe4f759ffcb47ab0be8db234467ef6899a294a25
864175120484581453683482079962486176185193500155369104423588921177379322250834082489183304374038697487834084609675858746433355728113743766078731283595263 85543509531477612105436886896850031650042612063074143190160887968412616761912305630957136970310809545842244518092697 596853846972697382363184904595467692062895721081783274773717111053021016701166077527646624400341014638652527276681060 -8862963375357171456499527550318840906687 391
0x0ec1e9176d6b02391e0150a7fa1d85504185719756d72dc365626747bad91f8d04c89061b63b28f2349baed2ddcbe23b82d92da7251cf3114958a0efdc6da746
0x0b29ccee7e01fc2a60b7f7d3371b1fea5dcac1b4b32d1df2eaf8dd7697d82d42c4eb5375bf7a22a6a89d52e24f43b4a18d6c7ff30b34b2338c601d627be763db
864175120484581453683482079962486176185193500155369104423588921177379322250834082489183304374038697487834084609675858746433355728113743766078731283595263 1279567889622488366984543885796388866214512228690697407441153182325755800694692823341727914864909908508145161383577107 1769841101730735220227640320496974019466803953663064385033921032200568695970417051054931754870555829428491187662372492 44141405770867029822313333068918302334389 391
0x0cc7cba4794349f553b29d52c1badc797453e362fcfbbcd1a06b0e427df8551fba578441328adcf0a5b14a8ece50ca1276efcfaea5981322fc210c941ec733cb
0x02c01c3f51f19beb679ad06cf645525d2a15d2afee64ca018af80bdc6ee1e0cbe1517eb68d4f0e20ef987942dbb8cf2024f5867ad3eb95ac2c7b2b6375dabc47
864175120484581453683482079962486176185193500155369104423588921177379322250834082489183304374038697487834084609675858746433355728113743766078731283595263 1069139971035966655605993706048931479316595678810394939126655962189739111418520591007370986949206017431030441809701907 1224643565082693892279810215614032667141379569217773960503550455479794127248263467185696660568404559054308808182742840 -56404540482670802919437964888180917001357 391
0x0fe31a84a0846641b6fa38df96513dea4a13fc24952e25c9ffa6eb92f6514f462b4f0f5dd35ed2b7f417f2434e494c58472a383a6aec31fcf9aa83b90db70e31
0x097b228376987ee425a88cb8fe647bff795cf5e4c23875cb9d84dcb69f5c2c3dabfff2bb80783331767f10585fc5dc7e1add77b83436542e1149d8cfff3dcf9a
864175120484581453683482079962486176185193500155369104423588921177379322250834082489183304374038697487834084609675858746433355728113743766078731283595263 713046635521616720240545347486494723192066702266983328947028260779096632100467864106001057452490990990337211338813287 1597773117354180116635823019933474016553144788438982135766208576054752383783646474722238007403433415798380473050646720 24879270130322044756128170091608222603417 391
0x01ee9b191ddb7dddbb96c754ea48f186e196d154632b564adab92d644ee6b5585e2128305cc109a2770ca321ad6959a6f2252e0822374556775aa2fb92a2e9b9
0x0d6daa68b285ffaa5c0eb13f0bbdf5f2034dba9dbb0c65da26f112c984976dad1abbf4793ba03d6f5d6056b1521537895ad6e5654b7532ebab2e42f9eba9836d
864175120484581453683482079962486176185193500155369104423588921177379322250834082489183304374038697487834084609675858746433355728113743766078731283595263 920718140081661179699339464487505962195501227290971604484146071633580542089811118585552133963471262187985645873542507 1764831466575463439810517469260393132569332664307617600440007496430807762920377663146740909218842798271471762051057792 28077111649147246109525398764215858533739 391
0x0b014e1a93cb701bf198d23247395b41d160b73909479871d218ae35df50eee719673aefa20526c4da6213c519b6607451e62b7a64c871fb4f1f44ff33d6c7ff
0x028dc46b6088d5e669691efa2e0f6cac28d7fa4eb70886d12c4b32b1eacb4563e143d50e3a921c68d1e3502888fb56121357ef404b490074cbd0cf701b86f726
864175120484581453683482079962486176185193500155369104423588921177379322250834082489183304374038697487834084609675858746433355728113743766078731283595263 903136332412758302423155069078180843267422192861703227487605027402465093117229741016982914396939559707067223697944409 1537150685606804730118047401960777036379159877144176573099346743021352020928784839797239164126665026831048180619325876 -39909658934461380615487807818773320749505 391
0x07b540894965eff0b171ed213ca7b51f7717e82c9edf9c7ec6731ecf7c3ad36d8300bf4196e37f3507afe14e15b069fdc6d21586f6fabd52631e5e6dc88677e9
0x0c70a6296013f0021a2149b358b8ae119ad248102370b1700cf902594731cc172f8e7614d481367a058264781e2312af0c91502ae0d6e12d71f220abd61947f0
864175120484581453683482079962486176185193500155369104423588921177379322250834082489183304374038697487834084609675858746433355728113743766078731283595263 677027440088217512540838941212843386192025635031186407391873331657014995469454343574884426542856954996299372145925491 1500276830958752084943750437347894172984344844107492615143469217424303482091008331977930601792085353280565128264640148 -28569663476345008725798803370682320551979 391
0x0caa7ec7782886af166f8075d63c0930f2b3a46f965e07e13fc036610897e772832f25e91f2898797c00de04ddf9c80e4b63fade003ddae56a9af421792df84b
0x05566b9a80e6883158d9e343522949ace21ef1bc4b4334aee74d34cfdeb605ffec025fb04804ee30ef7db48c5f5f342f801315da5b929b5aeda2d6b512c02143
864175120484581453683482079962486176185193500155369104423588921177379322250834082489183304374038697487834084609675858746433355728113743766078731283595263 511298087093853100040247326028095313498822278329552742254819580956656317583031467253626323568156154293171671946272857 1049059026642160549851612504548802846543270583844086514806214573493803649228264711124354861131685888185982691112859240 -37523336344573306783565169829793395791993 391
0x0a8e47ac69e003db6e95cf98353ae31fd1dd709410f49925244c74714b37a07da4f875d2de5bb1682d36e436afd65642d58a6961359649a301d8ce57a3db5ef5
0x04fb67842815ff4d9a2b18b1ae4a28c8b2abadd55bcb9d2e8f80fb1f81a5d1810867642facf0be2e6252afdc8dc704802da4a388f223a50b62f7c650a16e29aa
864175120484581453683482079962486176185193500155369104423588921177379322250834082489183304374038697487834084609675858746433355728113743766078731283595263 2154250579200760563469598586846522574808007127748457699437720997563454388031121251917954675475465244552901740134550175 1689255492838123928395628482897244966363846594186464677758162752911642332275670241542381426544795386683958027650445260 62451898414627269090003913243205917079415 391
0x0ad997aa337a57c7f94fab9444b825b60a0828ac220605e8a83ec164e41b12cb5f9707be3d86049b73933733aaa1c101cc2406cb2393fc732c83c03094c20cd3
0x071f540f6db53f048c6182463ff3f1fd83ff840c2e72a4bc3c08ef7384928ccdc9774221d5dad58ca3dcf77c25ba8347c31a7092415788f8f7fb7a237cf98644
864175120484581453683482079962486176185193500155369104423588921177379322250834082489183304374038697487834084609675858746433355728113743766078731283595263 1782581075658303207674250254113503429496512453246172391626026328088293770122558977053605823471253332535317309526884899 1783180761436399446633290133134381237146604635295904994296528273860415100520423315222643683593896203913904814946658776 55198590798863060286527026304241297875325 391
0x1036e77ba874411aace87664e50901c076ddbdf3ae0cf25911dc71042734b64160cf23b5faf0994b554a15def62ebca372d549cda7538b715fd9ad5d71827037
0x0807f35bf2b17f3eefed9336cc671dbc87a8d73eda36f8850009b2955340d4ad86ae52869b24b6f84a8934151e3b6440909ddbdd73b557b7df891368d86ef732
864175120484581453683482079962486176185193500155369104423588921177379322250834082489183304374038697487834084609675858746433355728113743766078731283595263 1575433838306478882751362411771236086310829923133596015745396596536720662733007741541879949929647495740941224749669091 799968099612225909896372495098859123306802772919722074559462204911394485757899784901557314580809463379788929513970312 -74711747452750108210276556265520621668931 391
0x044e7f27d50f233bcccce62752dbf9dea7f2944d65f26271598b5d6f797c29ff29982c6d709e4795eca7690af10d3341e2a8e1a646f7bfcacf4d4c2e5249301d
0x0c8e12f06b3f59cab77935a30888bb596d350401e93053958717ae170b1884c814ac44eeb12c14777c18dd946e9e9e0d6920312f7a55f229558146b7a7cfab7b
864175120484581453683482079962486176185193500155369104423588921177379322250834082489183304374038697487834084609675858746433355728113743766078731283595263 1769844955487255124441358494781776080392500182691187239634705998244727083703839253858624309862069953628624571976710287 2402913682781712496383334687639795501188710715968049173862639104565502121728016823684025690695660193402490221430182912 4785590302256355337454244361626359494799 391
0x0e150ded97f3e0022d00636cf06ce437e879ad5121cbe0230bf0f007996c9b6b339a946db7d6e53466ab0a1e2ddd4247b1696e97c20668d5683d9e85e1e24290
0x023386a8e80213a703b4dc01632990dead127c18ee78d46cd41223389625c494975392da079cca6c7f240e9ddf6051a2103ba244dae444848cc200037edebb66
864175120484581453683482079962486176185193500155369104423588921177379322250834082489183304374038697487834084609675858746433355728113743766078731283595263 792593171011210490761975522318246241772081563501314259902400025560980546976531989890282271174024303129851743065379511 1796050866991933039690107047518865449295737207533555096492785420962297930969377413324268650873331267110892038401700808 12882018958728431294780130528835928346519 391
0x0517f8b56341a2bf04e9e39ffaa53f1ddfc2ea9cce2009ef9b5e6f7d28b32fafdeb5aeb034ad1f7020275aeba293da72e2e67e8dcae9ad7e18d05f1398d2add5
0x0abdad33408b4e0fe341e5b7aa5c43d7a20a0404070ccfdb58b6fb67bf0ca4bd76dd3b6b7bc37d0bcfeaeb15a2a72f227b16903762752b4b905b56a51b000bce
864175120484581453683482079962486176185193500155369104423588921177379322250834082489183304374038697487834084609675858746433355728113743766078731283595263 473548464596208250717443149765007910770628645249772298328684921012020983770497249369366744255503445466923971698592921 1469035403948677881828241151662883007811058138980506570957412967907545640391972786065802924860923300385105771509710240 2636732328989915897330876528503844646553 391
0x0125165dc609d7b920516a66544459844df2b550efaa14ac75466d8c3cf48e11973f5e8ef5c6293f750e6517e5231f43c6248573bfa11b9e3cc4f7595ac6604f
0x0bc8569688baf73700a5677ec49ce5a9c943a78bc3fab32836bc9601382798e3356057c0e81efcbf469c262218f7799d02247f02b368185102b9ca50fdf5391f
864175120484581453683482079962486176185193500155369104423588921177379322250834082489183304374038697487834084609675858746433355728113743766078731283595263 1063994595324977009846919911559316547895336614008766977436499321732244040910212717770918896116337066419328056124908429 1146947542823321582199587018111433313125204939956423320514985523506595015534723859217978463543846960229860099334185576 -58115129174037064225711380372524379608275 391
0x08dff6f941e73efee16861a3abe814be146f2e846120b90cdfc874a2d55e54f587e4c422e249551245f8474a908f9a15e8e83ab084600b78604733ea859a945f
0x02724d8661d9f879642f73778a9e252843a28d158578200611743eb215a4c5007a3edc02783503ff28647e83dad32ced464c79be0a4926c830681624d5b0990e
864175120484581453683482079962486176185193500155369104423588921177379322250834082489183304374038697487834084609675858746433355728113743766078731283595263 1691909247238887386710647326026610284376146335973440728290857295194376775078471240620859830072839154298477518037685575 2269349672045748776526539876675317521529493582196461968140298016245699621322562451033690483312355647168601995017321740 -24543537974690029373400135434142973438175 391
0x05f294e650f341f1e95587095e0b5a838ae5b928f3758dac4915398b9f05bf299f23c43d1454b75c6bed93f5cd5fc3cd56d247ed944fa9dfdd879b414d26f19b
0x0560a78c32ddcfab440d656890bd598483ff8f82b45114dd011b445743214b7a54685a54865bcfb1c3d7736065923f5a965faf9374d27cc2557e5467298735c0
864175120484581453683482079962486176185193500155369104423588921177379322250834082489183304374038697487834084609675858746433355728113743766078731283595263 1526524105328285443831765515843462008183777588128831231924879330028295559447072234109636093544979637762851363316804071 1194215794214810331777398057662188172762507021824708875494334337291454209926939986204775941291352050881416410629976808 67543986256948277607077166724458254756409 391
0x086ba7c219b07e83619649cd6c6260dc52b85743b096a3b31bb915fd689a22f54c36b5b3de5a618224e37878871c99aa1f7891739ebe7ff3feef18694bbb036b
0x0eac69b66beb17e5929f384e01b55901ee99be554fb5fe46f24870661c418c2f165e5194899b86a0f4441bec8c1954a81aa63af8c8a69796e12de9490e8b1421
864175120484581453683482079962486176185193500155369104423588921177379322250834082489183304374038697487834084609675858746433355728113743766078731283595263 1031901528276120042144917697125148818561720020346324687416168120182564998724990798411198647014838518053978214384900331 1366181099344715130556946655684262480857171739103463789218806766927205515183422546718054470062900324546211595783364428 -51286894860796360002764540061723999199331 391
0x0c4bcfd75f385f939a9e24ef5a17f9adefc7a0e13d814fdc132a51023db3ebe5a18b1f5e752657568a13cd2c1142a00393dad9da2bb83711458c67811788485f
0x09d6f8d8fafdd6b0fc1e95de7dd10bc6abf84fc136f2d709725924de9388344483b7f8e6da18a55bc004b971965323e3837164be58e3a131fb129241aac823ef
864175120484581453683482079962486176185193500155369104423588921177379322250834082489183304374038697487834084609675858746433355728113743766078731283595263 414054047065460097468794089787735214444809353962047631711923103716880363655405982575066533920842424406378455246278473 778213489395257372055606662870898257227459977723040189811593738826938746835429874297145599464393232170466604747589940 38952443083778407827133413442540552354255 391
0x106a094c1ebb3ac76fc6c34fefa853380b148dfecbb74eda8eba37fe1003a2f2b9ccd351f94e4fa8870b9b1a107e62d271d5c21b9bcbe4231ddf707d09cdd564
0x02136bbd9c5f9b5a5567a3d6666c8306ad4bc5c6b4cfca021265f98d9127dfb15f8950dd7bc37467454ab8ab18ac7f14fb746508a9566622df679b9d2928039e
864175120484581453683482079962486176185193500155369104423588921177379322250834082489183304374038697487834084609675858746433355728113743766078731283595263 1975942429968506492170729019701927481272713687266592495227005028328923134589284117423581837066739733301767436342624377 1692714345293398887883183532121204440673570547269560986206846456163182565029341160633371823543552099179546782714476028 60813374653366257867398149218870192591521 391
0x0f629a827459cec7255998816c2aedc907a45147a6dbd93399a83f7bf9ee6abebf6277dd2e62dee3f790b522475544a7586f10da84978d412a8c1ec3c529a75f
0x09eea8b6180ff2306e7714c8571966ec8025b1f73d8a7d81d1164c3ac80eb28ad519291b788daf93cfe3287aacccee58d17adc79d9b597e8874b71c861b4e15c
864175120484581453683482079962486176185193500155369104423588921177379322250834082489183304374038697487834084609675858746433355728113743766078731283595263 683222847265988591524571789841617899310014362311971686567868543597471613535911481157468859530914988639441305026363669 1345948190082322868389501864309844062905986511683704337627399088231389322112731759523128158534339939440849123751204024 -36754918201881522981326436437960041765045 391
0x0627177878d3e3c257fbd9e739e77319972c9036bf65595f09a07b32aae910538dc15803ef8272464421bc7b359a904127629f3ffc9a974fa100670183aad07f
0x0465a7015ed16216749fcf655e3b4b4d3f0e8ab00810108b2221beb5e976ff79d6657351a37a390f5c75baffb930c754ac68d18c5f06c7a36d96cb1ad9383d44
864175120484581453683482079962486176185193500155369104423588921177379322250834082489183304374038697487834084609675858746433355728113743766078731283595263 680644442772277097599258437256347601847676233948259502726805921883484031040934103383824123407800714350633981288331529 738142749778438107679253840407060500597995329526646531302803553701157122643379869958022372967605496717034838428145432 52969439081338265380256513401899322355927 391
0x066e21436dd390ac9858c9050c85d31193c1e439737e02fce41ace27cf105663e11e79acb456ea08294b71097ef4dea1e80761f523b9fe7aa0ffc5848fcf607c
0x049e030092a8020de51c85811b6f71997eaf10a4240641c8661112e20dcd49c44a04f1d65ee44f8620bae997e83ccbe0d2bf88e109237266d1e21636cf03559d
864175120484581453683482079962486176185193500155369104423588921177379322250834082489183304374038697487834084609675858746433355728113743766078731283595263 1561141620619292259749377234487302519820888108692558226858589104630355784567075223801019431512842798283155383220475107 2315166834980931150733333261503821251059489752678485545560691167312205689713169831631454666015406700437378142530104652 -9401918033287160457164941560527152440421 391
0x073dd84b55eb68fc4d8f740a18e64c58463489727598ca7918c8f9e71bdbca9c6b45ca7362d28958aaba3a80e18044e112bb4da154fe774855d4a68244dbe12a
0x00c6ede48b596f811940e433bb84221955b4185d39738bb1f07ed7bced236ebc9a326febdfa3dc8f569a650f8eab2466856757a0adca364463115aca94b46093
864175120484581453683482079962486176185193500155369104423588921177379322250834082489183304374038697487834084609675858746433355728113743766078731283595263 556501172413173543637533547762022614261165245995628532585319349117171425722650688801912514216970566842058891036746331 1575846253002141397664267312170468659988765188662257601265843207331650187080921567863794842732608449955397518798859852 3982291998973106298937442506268033533011 391
0x01e89de11ee2eff54888094e33951f527a1f69586760feaa1fe313baa7e3e5557af411ba401de1f52399dbacfcda329eb3ecc859bf8d65a58ac506603dc65fd2
0x037e1c534b9600f1f718bde2b370d68a876e428bafa1bb9e975f9a1250309c11672d8359641d7f2aaa25e511da54115d8c78fee510f69d1750a8f06af3342841
864175120484581453683482079962486176185193500155369104423588921177379322250834082489183304374038697487834084609675858746433355728113743766078731283595263 356114617122971700717907135416364327596751201819027960712634726083295894102628475809032878205334793732975825318446797 1202191131495214426126103316182217109009823358101856304259351668718871522239405917071256083989586184115891496764640152 -16098731900972345247935156536299423823469 391
0x0633be599b592a84a925ae33b5d97142be7d4b8a673f16b4a2b71cfa1e0e32f1ce70ebb35cf8d276bfdbc5865cd13dfc436a7d1028a94cbceb06107330664b94
0x0977eb178a178984f1b20136ab1b472642c910f22cb33fc3cf32d36a3fb0f24b281a9900d37e973270ed698dd222ae8b3a3e98ac7240f304ec0cb7865d3bb141
864175120484581453683482079962486176185193500155369104423588921177379322250834082489183304374038697487834084609675858746433355728113743766078731283595263 728239989132295462440369124431228456511121787591447197259260300020880575065820869132224266159656918309163552606006381 552734798634803549180547499736291751749585196044814329618969120940597035885124736102612923990698255154795759666076288 -57296568258647137084096726821319679423379 391
0x0e266442857791f1498a5d3386a81433d3e22b023288ab56e633a83e0c3dade8643e155bdaa0043f1dcd245c7cca46d85c8b1d48cfd48adaba4f117d247ca50d
0x0deb9963a3029d1589c60c89ff1a9344fd68a1320f6aec9b1e259cc5c2359671c1d7f8973dc5d7741bd6b47efd84476a65c500b0add9f3a03516f7f697d9e907
864175120484581453683482079962486176185193500155369104423588921177379322250834082489183304374038697487834084609675858746433355728113743766078731283595263 1866107008791774915844813102158364373802882336615253180291558303708164180681554670164348469888341972788668974966027811 1618301493989953248175977053669462690260139220578295378232763891041960111591695245408190696427572740004054532147648980 -61892455886461812701721250170508871262117 391
0x0ddaa4852fe05230ff3712ebbe26806000c186a34b95f4fac2025a8d5d3d26a600457957cfeda8bb6b056b7af747a2a748a3efdda815fbcfc790631524cd1dcb
0x017e44be5f9a93345f65fcde3f5c1efe3b3ec25c4a49af43ecf5e0b91eea19d4dde3d583c7b5040a2f1f02a16511c66d6018b75c37b7ae6a1b6193e331b63c85
864175120484581453683482079962486176185193500155369104423588921177379322250834082489183304374038697487834084609675858746433355728113743766078731283595263 919779507896087139534399976458550408279197882449969557467191674488303688521102250276456081660802997258484912598044679 1912108588493103060274875094065616891664197974817118940759572289766554335363175215588926876888731566818383804445176976 12577855019119419155515226254202912922745 391
0x098642f34601fb94dde12428a9a9c42f2dc4f4889ab14f250575e4746f5eaf068f90fbb3e8a6a36c9170d4212e0424e9d07970d3a625383b32e7d261c146488f
0x07809a848fd1b8edd329b9f226d9ab33cd7f1278d39e10e4941e4ea12f470e8f499cceb9a0a9aaff42d19c601e954ae045b45b72b2f49ea825da517f4da9fb42
864175120484581453683482079962486176185193500155369104423588921177379322250834082489183304374038697487834084609675858746433355728113743766078731283595263 564138746590799218411082420228331052019160678860041825487718123976256872748773609754596831329758465634408195050023631 1518067362832819228960432081332181308112981218445341774936322110155827411117833384844180758476959838669648490935229180 16043317964883008382713328771467957882727 391
0x06fd7bdf9034e962e47486b61f2b7baea3bc415cca7c1358d3d693b52499378d6a20178a12a8417e5e9bef888ca8be8b7a2f77af0d4ac76e10a8d00cc557acc3
0x091499675e23b133b13cae8532b4344529d4785263136366dc7e0ff293075d5a4380e3422602a29203ecf3479de130042ab5f488e9c162f98869ba7d4d6ad84e
864175120484581453683482079962486176185193500155369104423588921177379322250834082489183304374038697487834084609675858746433355728113743766078731283595263 1832008558524245189463389672657730842156616710462565459326273801685689154322395880409503524746261255714834690843808023 680803384425627549338779958836974256197708523348808038901918230958958066027506008381540077085069510773212084344456180 79194505978357946130833116371779558140975 391
0x009832bc72735bf14765307dd4421c9f2b873971d47f52e9005be40c45b99dd41c2fd9a0bde901ca62504cea79447f673b5b5d5bb64e70da7f6b84be5a28fb76
0x0ca0c950d28c49485d501820dc349f30f53e3a1cf9feac8dbf81e9148944260cbbdff0a32521b5108fcc0a51597c359f82a2e30e2f2916d1dfc01f103e6eac5a
864175120484581453683482079962486176185193500155369104423588921177379322250834082489183304374038697487834084609675858746433355728113743766078731283595263 1191620389510574179342734782995606091540230789176395739370905811148934472430630395442245834485940264052932344370443571 1438981060352900955691438996047131442360599202089879661449888895857459628224403622786323850079882253787540334111055728 -53992774174554695321494376531902499392179 391
0x0ce5c8e726dee87f81858c45ac9dae8a215aedcc11d929594502dd0b1272ec0273a43ea8dcceb9e97c95af4a8c36a57e040e965f30040aab46692202012c7d59
0x0a447323150e303b8e6d6f73bac209266c688ae4731c6275293948d3ccb5a8c7b620bd85628d99bdd19fe2981da25ef26a875d401ebc7e1c0c32fb5192ff6d6a
864175120484581453683482079962486176185193500155369104423588921177379322250834082489183304374038697487834084609675858746433355728113743766078731283595263 200872055039044343886288130355589125922073818031690004196285245472548859134866411151497105849492391293560183985786925 124216078825641906640656893186064105096997628227423151211272683807236230714846259285375727885676778734104742401274640 -33283231791431226447740998123861532446035 391
0x02bcf7aba02f714bd49af0b01b8f7a12f636c4d755c81f63caeb94cd3aa3063c2d0dc6978165b55352f782c39f343b144782ef3f05179f91ff38cf6e5e3a2a6b
0x01ec4f0a5189860485137e2124633a1430e05bc700d623924778d064413c32b2c1f0af2f40d72d86f675509eceb7abf0cea0461f63c411e21ac729e1548eebd8
864175120484581453683482079962486176185193500155369104423588921177379322250834082489183304374038697487834084609675858746433355728113743766078731283595263 1337066068761539254432861603856183064595220481007868323450688519844769681657452058913435945626095530519100771072435237 1592498625439407806320921077605402644505036085132020432237251599900616375574189133188575633050241478107346576902401228 -52914447421536495633442519219830784828461 391
0x0d6f9f92a94aaf34379c76e161df3180df0af4559f96b868e646c1ae2e46c63dec00d622f29bb766856065b7e9a68e3185639e798c4fc8e9dbf6504f79a00dad
0x02c7eb516a139e3baeec8ae5955a0cc434a9d831a038fa9ac2cdd7d61898b8d5ce7d362b727b52dc166aeb185112a78738c17debe685f4d0e77b4a7a6218435d
864175120484581453683482079962486176185193500155369104423588921177379322250834082489183304374038697487834084609675858746433355728113743766078731283595263 1969570076795401634138425449360180111414470218738443441505240686991846569600305427139369157813558189176088589895030761 571245955121174738293062005655793628479048475584901306845757273262639052072150817247630160318042063826813426898516648 81413671498969604513849096719331894648841 391
0x011e67a038477fa3d636f3253d44ab2cd4e649079b79963ae1861235087e561e74ba457e11c48968b5a3f33a8e1570a6e6aa630ea7b8de66bb35eca1aa142181
0x02e4ac50dee0c8a81649b86118151de5dd44f27ee246fadd936ba3af66c6ce9e5a8307bd8e73f30661404d9af52c983d5fc711cac9d2d8df03185d7baf9f8cb9
864175120484581453683482079962486176185193500155369104423588921177379322250834082489183304374038697487834084609675858746433355728113743766078731283595263 1337664728480701133607629571214084472822103300148729070495376484189450015276387312820193020772889317096529871574228981 2189177098156415703187268166388633215718991338655636447687243511197578114482515052772511069148387733894022073655149572 -13801570434827311370073013890913619582269 391
0x0edc511a3ecd0f58827d644faabe34f48c4b75ec2a1aca1b31b857d6a0f33860fb865daaf5c82064b95943fece2411aa4a87baa31d60d1c3715dfe2011b135fe
0x0479df5d75c802b7ed5655186102e724abfd9bfc087413adbb836f860ed1d6481d2b01213c6036539f94d75f3ffdcdaae252e4700659e9d989edb690a811f5c6
864175120484581453683482079962486176185193500155369104423588921177379322250834082489183304374038697487834084609675858746433355728113743766078731283595263 1865152947884811492676175421882168435088336841710084292787379046665856661750754021136368862156665087931325425773127411 2158229005979951680694424909820800836192609474863504299213139382940783496768022714007781824587668487011769001107675548 38336548340510627744046041270452819546091 391
0x018976c99dd96d3af0ec028d72e0fed528e30f3612b600cedba333df52a157fb1b57379f884b5ce5e8833d8cb9298fcbfba445da5af972e208673725093af434
0x06ad625d0035ba5b18c5a21e40c0c3a9d03ed2ef915e20a1cdd8b497f125fa7fb6e7254bbfcce16e325e141cb944210139b0d9eca0c543d655fc001359426e42
864175120484581453683482079962486176185193500155369104423588921177379322250834082489183304374038697487834084609675858746433355728113743766078731283595263 1203932531958235563585990383253956689326865251642121675385064349683556004048619225008394039147427754204512906673838409 1626421937780792610815483580317670978079224665581458809968347858806501242079725062873049648179573681551244936552368828 47833613534261323439864048547694489663503 391
0x04260456a8adfd6b1f1bfb62142f141b1d95d01d6b3d7622aa479e44473388602117b15558a5b3afd072460a50168a4c35f283deebc7353757fff552390e78ca
0x10678011d53ecc112a5aece2d25b0969acf90301e9b146b06f7f3172d76d3762e6076006fcbfb04fae3966517fc190fcbf84860263a4f0a6b1a32394be048064
864175120484581453683482079962486176185193500155369104423588921177379322250834082489183304374038697487834084609675858746433355728113743766078731283595263 1998441900466562916367972621827636009495891972693760694538506929068645594757102651046305037498321399382951260350155501 2282749753853691390065911494662514965840191753094937300416932797889047758453939514202547430793253341376547150733124272 31808194884765850563441817895447490062701 391
0x03168f515b4bbd7d5fd98786fbb2512d1b6dd764686f20010374ca56e588ac9fa925e2446275a4a92af965a002904541c3855f678871046e777ba4f217387767
0x0f48d82e6ff5e08129fd1cddd781c70e074c5d324e7a27adae1dc29f63a258fffda315838ef93983fe46de284c3af4c64b849abe7bc8efe3e18811a437f52e94
864175120484581453683482079962486176185193500155369104423588921177379322250834082489183304374038697487834084609675858746433355728113743766078731283595263 1837534211890600584182671418761142424827853856315539235048446267237815785962822325404970283665987544796052091593713897 1048076390928770705599513362825372854961438545547157390740142422410619906674725799336534431647608655880754335112228420 74470018841192477962363792232623812807313 391
0x056a912ff5aaea2be0f594068c6878901cff39ff6992f67d02841956999aed9962bc88e6276a5b1382b98a878e5acb721d6fb03c5261134c9496351dc09f5725
0x035844ebdfb3df91a14aab5552259ec80f123de16ff22cd1b3af1a1d4bbe81a5bc6050f968a3fb1fb128b58c02ff7df1c7f9fac331b58b4b4d58c1852b31dddb
864175120484581453683482079962486176185193500155369104423588921177379322250834082489183304374038697487834084609675858746433355728113743766078731283595263 1983212794120120639194878072817737974567535055667977606966888428100229274755167533457723572429650316574532044950453071 97877612415489496084842574024124409134861821408611322173991257089745131932898193086187802511433514416543013495274740 83737264734301007949724036539453082551897 391
0x06623853789c0ed901196f821365f5d987685dda11e6fd004ba1d215f2f6ec47188dabe77098b2103caf19809ccc8d2e86c8670a87a3c56ff1215b603c389b8a
0x02e81ab111a759681054cb4104ec50bbaa834d495bfea409bd67c04ffdf1a760fca8ab03043437955971b64fc65fe51a497e6e859fa19336ccd48d8580b87c07
864175120484581453683482079962486176185193500155369104423588921177379322250834082489183304374038697487834084609675858746433355728113743766078731283595263 910020610388847183314471795369294992467638138794356885875302049603482581642875652015818742842203264584779941346630673 1867115339523020306070370870518840990074323141153967884511941789900553120635046379775174832895879172258736013409851800 -17851516565241986454099481597529673805105 391
0x0ff7147924fa0e6b5f32132c3688b5472dfe175026bb41639b41f19d427f95acb187d6a8f39e1c6afcb75aa16b6d68be57e36e85f1481c069c4dcab88e070aa9
0x032666a994f0d5a4e262c909443e409c79672cc019504e11a3521f247a50e480494d38d7109f0a38d7c7795befd5cf42169a5cb7112c31db1dd1b85279de5d45
864175120484581453683482079962486176185193500155369104423588921177379322250834082489183304374038697487834084609675858746433355728113743766078731283595263 123919576719881362253264048840494439890009441636348961001370867982970466197159656903224017760364251344157833172528257 537297878680706616324464451949086511173622140059772018377841473652934520852760359707989743945036134404948160596511892 -19271240167290724506913406286978707143639 391
0x04d8162dae18817cd7788f093a6b6ade553c609fe493324289f0ffbbd59282954304cf9a651dca6ded5da7b2bd30a14d6661f0606b338bea03b9836e7c3f81d5
0x0d341f40ac44dc12171764611912cf871b996036e0d04bb4d46303b29d1336847208af7e5e68eb31fafc7a609467243526afbabab32af1a2d231073ec607bdb8
864175120484581453683482079962486176185193500155369104423588921177379322250834082489183304374038697487834084609675858746433355728113743766078731283595263 2114859693825151250402935348171416519462802344019311807911905247143795492242501289859660636988025730024285227501531857 959720238060269076882871063232692139484702050866284269765045247222048227295724178565490172304702079976871558147577972 78110206625926155443519242304672397323641 391
0x0ba81b99546dbc3cbf3dd56992eaf0ca1a28e6062c19eb02aa733a75fe46d3442ef0353e7cb00a30ea492480167d978ea388ee7167a7689a119b7c25b3ac95f0
0x05f46afa67b35e93f020d2e523ef5730f17414e89bbdd20d11527eb2f316abcbf28f9c77c1b4da1fbdd1078442cfdef27d2f1a7a656d068f449bf5745f1c9344
864175120484581453683482079962486176185193500155369104423588921177379322250834082489183304374038697487834084609675858746433355728113743766078731283595263 1717659203658587020682735973052705899431157326863344680193743478538362390713470569209559079732970742034973634267121397 2250320736323173790821069610723964933235807948019336564363596564875239942535550800681605397503081245319773039802203160 27396944498281778241983365420124596845163 391
0x0e64c63c5cdea5b2d77d3ca77afd890ce2dff229ee7b983be5e7af5c62b562c1816cd3b3a644713a4020cb8ef23d372ccb96e3da4dc8564038464d824513ac28
0x1018f53d5d9d9bbda12968fe9bcb44eb534e65acb65af459e8688227a2366383a757c5a38570f25c9e0f2c9967be04fa051075eda045eb5548e0322c5da3ca20
864175120484581453683482079962486176185193500155369104423588921177379322250834082489183304374038697487834084609675858746433355728113743766078731283595263 806001943658307280005918216441339674657466567961600133059671178988566356021746571151375198803914515984363072923363361 66392811218600235483397106833779969334726469322149909729185170844984151148850264384863387221832900527382766467410348 62825979719505236574578605365956262503991 391
0x0d952140953ff99281d1ca01e2586eab3c569b1ac0dd90b6c20423b701fe0cabcfd33fa38af8db849addb632dba8de4005b974b945556b651538d96871a5075b
0x0358776fc407bdc2821db735bbab632cd33a4f2a03b30a392b162c164519903ba04dba7faa1968f3fd9d40ba054dd7c31809d64ab5329294bcbec24d914aceb5
864175120484581453683482079962486176185193500155369104423588921177379322250834082489183304374038697487834084609675858746433355728113743766078731283595263 1197086228512978878771430243228260329554391376252303962718382867402589527691250948511865815835972423630399017280127321 1477818489310493911732789386908144373560774798521375549840078645005797101515786061804961249774218620228550045319286140 -52923766430654040794268919331120876384897 391
0x0d76c8f6e01b32edc94bda6747694c36c293af2342eb87eb607f47ba47b0596cffd3150dc68dfa879eb86e841c10866ba5af27d58d9d2d338434a28ce3136dee
0x0cf332d62964164aebdffcd53775f9931c93aaeb4cd62117aea5bb93c2eb561174acc21d06ae235d1cd8673fb0fb89f19d5a2708cf5ed405fdb675b7470b3673
864175120484581453683482079962486176185193500155369104423588921177379322250834082489183304374038697487834084609675858746433355728113743766078731283595263 1436959971760999889110462799921842024311333320330551876016715989766499419610896339055016564455168145874624603446572121 2193621008911716481356024150286827046628370425337584365661091222119523872165773759695568389936026913935183797385392748 -20703578610762729566378472085220920756801 391
0x0fdc62d2ff6b3b64d33ddb06fecb8072121b83febc3c5488b0df6362010a993b74969ea752ea0a8b94493447ea9909cb1e6424c2ad2e5d8fe5999236db67e6df
0x0ec27acea8aa99ba29792b6cf2fcb4b4c2040c769a0a428fcabbb78e0a1bd9f94b8d134eafb8c100024381c0cf326b7f1805f11601754a62541afb0932ed44a3
864175120484581453683482079962486176185193500155369104423588921177379322250834082489183304374038697487834084609675858746433355728113743766078731283595263 1100202443189799004805729070912638243129558969684415916264369839315259365553291512677872460350838228380627053383014817 1847903600621968650121954610628610010321387177389199632341672124129078761580565359888632585157292093292043432451772712 -32692506502971215623762476632071674728129 391
0x0297691ab51088566511a3acd09ea1097e598ef1663b811c17dca5a0b6a79272e6fcff7383f57bbe37fe415b266c3fa8a68f8bef6f8e0f53e1442caa58616d2a
0x07a331b685116b8fa9788ce3090107405ed3434427436b462e0147dff672d442c673c837e4470a8c2fdb5ab85944408c789ce27157d29c65fbbd5919c742ea3d
864175120484581453683482079962486176185193500155369104423588921177379322250834082489183304374038697487834084609675858746433355728113743766078731283595263 913686324906215957554036190142924290511566158508276795414849424598965343993399117645254458756557976419918228455848977 1367426455654968896831038783623110506722448872054953175975339285848557758134149858553446650570966980039605075248190448 -46932205392977894264125206895811088771951 391
0x0c74a89c0cd653462188d6af0d8d1d5f645566364b1308f78c50fd2c71b43274d05b9566b5c91e7e8658dbd38bb45eb0094aba35144bb2b73538348a22c9236e
0x00dc361218c7903b4780ab004f7fe023b36cdd9202e79bac6373a780a7d93da26c11d0ada750733eaf747505bb9c6f5b19c651da627f09bc217dd6d6de270029
864175120484581453683482079962486176185193500155369104423588921177379322250834082489183304374038697487834084609675858746433355728113743766078731283595263 1466897746633406061927253046046729832200342014286822325622162773848349146814427504376804407143896933706125794472507779 1454644530480806144647881498950779407905054471264835218386370003721992039487058141277124363285587903119777847033571952 -60187028389286397574721018505963235010813 391
0x0a9ce12af4f40f16243c5fa9205fac6c6c61af51ecd6104e3130ed8bb879338dd01c3e5c146304dba8197ebcd3e335899ab1fe656515bb9ae7b7849585b929f3
0x0d8c91043dbbab17a45bf3d11a329f87bfee98b153dd917e50b317092982d490288b1fc01fd19028b082f5d971778743b6a403ffe4af92d872fd6bfe77b3c7b7
864175120484581453683482079962486176185193500155369104423588921177379322250834082489183304374038697487834084609675858746433355728113743766078731283595263 576129232208790572628195699523957583990275804234231839509064008671887026602840640299150860050600129696394540321560767 1079528053407042658217116020080997861045182498658461155938465089003549979841901724553653634667959186116894044232741100 40369987068084261421198013976331560066327 391
0x06b9681638ae7a8505ea040eb9f95463cb9d071aa3831f03332c92c158f161cccb8053a4d60a23d165d78861a2cb9cf8275478701e2d8a3bda49e742a21ae0c0
0x0b4d748d1ecc3c89bfa803828a45539325e88b0496643b32df4c115c93175feb41583bb644d5f78222113d4f3b096b55f2b9768be7cbd75d51b83bae46cff8a9
864175120484581453683482079962486176185193500155369104423588921177379322250834082489183304374038697487834084609675858746433355728113743766078731283595263 763255826779619129356898321339051921411261617095429280877104868411827897365523047295134836158563505238116779300640199 907978756533038354703422859026438128182886558403884895400938544483283482718479661446234504579311472836035851859044812 -53163444182965480145092039886947956083617 391
0x00568b0dd2543d017215cb3bc5ddf1a54a9a83b7b61d3643bd91c48c188f255b7776723909de66c57fe8faa52b1a71372629284f0fae87c160e4a1e6404ef643
0x007dff19f391c4f9c15b7de062314d5912a04fb0a26bba015eeae7a35a997e0e1fd6122c818ed39dbb1595c68fc85daedbc869152d6c44635968cd66b34f727a
864175120484581453683482079962486176185193500155369104423588921177379322250834082489183304374038697487834084609675858746433355728113743766078731283595263 2421480915316756110211413376054310180525773305003289233232434770829833207008742173461968381390677340440108922637729207 1134504556773131209155335875134050877250555419094819949055487816909524961595523725639953057748757759065413119231027580 76534745946094479417808411993762605025807 391
0x089322bec9ccc683ea54ecdaff3abb8856ea3f9bcd1ee6f77325b7558bc14bafcc62ad3d66e7b4e8a7d5fc4262f8e16e676dc3ff8c0d1eff402f00430883f0a8
0x06ecd6a44139f430e273e28775c07884e248ef24600ec6e2cc30b54ab1f89189dba9970b39ffe986b57f8368db88c8942590725e23a3089368b6ccb85a85fa2d
864175120484581453683482079962486176185193500155369104423588921177379322250834082489183304374038697487834084609675858746433355728113743766078731283595263 1074133140575381736020828561382953742813850645717651304490624166565200503307523355794369547533779108399634458469907525 2045391391108574866535413364562727027972150542005898662276045055757317549060337980017892493253754165776667399853601420 -9618891482802261469670066307932366190515 391
0x005d554588ff25437acb9f27fcee085db852095b993ffdd94a5f939a619e031a508a8dd486fcdf8c5a339831e9689614dc34b0e692524af4aff4cdb128bb5e13
0x0a47be5852f29353925cd46a7c3770e025581b25d2b5c4edee2f22b3b73084f489e017f95c14b3cd26bcdc21be0ded245c0e6756063b599ed689893333a82e96
864175120484581453683482079962486176185193500155369104423588921177379322250834082489183304374038697487834084609675858746433355728113743766078731283595263 992055083671746274604813176196708071799767074375180236307432138501723651581739664267067986109473151035137293788661975 859648032258240015766950953118430229764817019742021580283112927247992280365769750303131674383089022970467116441698440 61609904465600242837471501752096373967945 391
0x0d9ff3a2f9ec4d0ac9d1ab2943e9bf9c0d82ba9367f53ae5a709b6b2819ed149ab20dd7504f499f92014abcf84604cd7dad9ad03d7920d9c45362b65ecb9d926
0x0c8113645b337e7f84d9facc8b4aebc2f85ae5644b69498a1ebae1492183762d09c8760d07b50e653c816174cac0f75817dd210483c51c3b37fc03a63cf7d871
864175120484581453683482079962486176185193500155369104423588921177379322250834082489183304374038697487834084609675858746433355728113743766078731283595263 1233555609360833797062287722969248915865962333701687053817149155674832395077546348937181531657562955874867474077583987 569366260144165014147658857323652107558034013478087246016390605087005290765067561585706714057705564501914891439250008 -71156618117598367883538278108186962936019 391
0x05fff05158e03a87a6fb24ceb0d1297c7a1920dd1d990d6c9d6d3995b0ec833d009436a5e3723c988312be8e3624f08079ee5f518dac5172132b7ced121e9c54
0x0b5ca1fa8381f9539d1159868826ba0538c963f6ced46581be965006e60ca5b347bba92af84f689498cfb65b7415d761320e11783622e0a4529edfaca589d5ab
864175120484581453683482079962486176185193500155369104423588921177379322250834082489183304374038697487834084609675858746433355728113743766078731283595263 527191589696143278100826104576428930066835470443597299816372459836801881804903383623931922059655400110478639032175819 1299792278922316433406743968120580616902088081431952225095578444607343354788048915706882964358250328205315481172216132 -28287072929353131143414305578217234030723 391
0x086124c6240277395f79e30afb6fce8a742ea4a9fb3b1476bc21fc4fe4ca42389fbc3cfb9a0b8dcf70ff45d5c4141fc93c09327dff61e7911a23e93b09e28cb0
0x015ef60122bce5e80f692c68b4b132cce8cfc79a59879a6ffb1df1b0c72c4a0858de6a9cd3cb480deb64585bdd704bcbab9a32697397d4daa5b357c6714a2780
864175120484581453683482079962486176185193500155369104423588921177379322250834082489183304374038697487834084609675858746433355728113743766078731283595263 2325638337651362529269279366229527634425575949589458782632089208527574577367934570698967804388352654780475751641937041 778427648385065822684490189302245672846049908494851235761969736462503928108970306476612290265003553667057449359613580 -81319807155244114986799970602493424235207 391
0x037857345675cbf962d0987135c36950361b30fdb3e52f8735311a2d6fe55aa4378141b28b58b4c725e3d40ff66de33ca913209e7cb4f0a09a6272530cd77b33
0x0909e6431b57d8832390ff736d52cab429a7b39eb75d9df0febc1e62a1b943eb651dfa6edfbd91140827958c8bd252f38146958c549bf68a56db180695e61308
864175120484581453683482079962486176185193500155369104423588921177379322250834082489183304374038697487834084609675858746433355728113743766078731283595263 869598927289163787471069247950085308758573696773144149416499033828029970504694831279570609575360634682494427174911629 1863559518252795790080773520504803061581502949046296126361541211041946648487541558153975998131148883782709448400476832 13467058772204403876975427037200314763123 391
0x084188adc015f855f9a061851ded1806b6ae391cc0f78f6e2162cc7dc1b89299a4c0a7f504c65bd7f93f6b5e409b2bb2e1d03fa34e746520040290d0d5b298b1
0x06efa38f8fed5dcb4c2b5caa56da0bd3a4b578d963347ec54fe82ac17d238b9297f7bf2ae19e78b5fc945725818f381ce451fec19d38e22509a3a4ba1a2ca2ef
864175120484581453683482079962486176185193500155369104423588921177379322250834082489183304374038697487834084609675858746433355728113743766078731283595263 142176627508560267208852102747101907555097551793607436605263284501927456018933856223242620017903706390131369355511109 518658154009284662544848339981300552173075811378036187976906001707284548958821655498514367459234373153433230014885024 -22250533284359882166486802762638401138875 391
0x060c6f583400e8c6a97c33c15c84fdb101ad81de6fbe4faacfdde18348f77b81a76899030e292d16fe95e93d344f19fe194ffa0c9e46a1a97cdf808fb6a5ddba
0x031d888e02e61563b06ab339bbaf4bb3bbec4e4f231468bf51c0bc3ec6ca383694841b833233ccec38ecae4205837eae3199b17587d6d5e14741557242b644d8
864175120484581453683482079962486176185193500155369104423588921177379322250834082489183304374038697487834084609675858746433355728113743766078731283595263 1836500761337800992366999477026626781178749117303879843149632393805475865127991936645453824018257766417526147387809931 2410848604855126841413037052968428435455406944876027418493859840263261854191932530724560988009412927813488209648172840 9463044381451991507359394606705535328277 391
0x089db6949a4bc12365fb9c91b78f3722465f2f13db53e444532bcaa0f9af17a14fd7ca07a29df90ba70b48c7e2a95204dd19ab00ed4768f5f565b168a8aa09f6
0x0e9471ef17fb3827a10aee6ecb80f8186787c48ce6f89d13d4399b851d63f4af037a9dd7b44bfc19b4697a0c6bb0890fa3e0fb0ea5cbcc4f79f80681d77ee18d
864175120484581453683482079962486176185193500155369104423588921177379322250834082489183304374038697487834084609675858746433355728113743766078731283595263 1541177308907531139104928606959064727204696234338883756967906361671401749980145619651158815281260627496032353418301179 1927211075054198360480193723195380693168954231647588923768633328130597122382873802522705218299891906633712355381371152 -44137175586796883723218183001586240014213 391
0x0a62873bf9ce77ef58f6bbd3699e72f0969c18500c8bd7970a57fbc3de1f08cdef48d42a21ef17b7e694d88f2cd83408aac979f282a46224b7ad344199053df8
0x0c007ea7d0436b1471927a520cf5391be995b7f9537b1b331446167a166fb0a8192e3a084c28296cddaee50fb75d7fe8087703da2c16593c49e87b08fd5f7f2b
864175120484581453683482079962486176185193500155369104423588921177379322250834082489183304374038697487834084609675858746433355728113743766078731283595263 1735361086487372664817173936804908333850066864430477593536783741580889250414050194805846375700358622459779417265465217 416462128244395246264288345534207952747029646183564576261065565866967432723459598941637968869297419495607916949252952 80264116040842105744892729450487084700511 391
0x1021c2f498e99022a1ec28e0fc269719e0d2013b4a276f58d6b9039d571521ef6831e52f6303204d8d4ef65956a1da8e4714ffa59b7a833f0064dbcafca03779
0x0a8d2fcecd39041440beb29f9a1b82aa007ae2d398f853de0f0b63e360de172803dc75da918506f1e9b3a4d82708a0b496cba47a6f98248f89f41e5f9d73ebb8
864175120484581453683482079962486176185193500155369104423588921177379322250834082489183304374038697487834084609675858746433355728113743766078731283595263 2158474936048312148762024512018803959743717878880428514812586828494831849951651041758775045699528674140508580352490431 574499008052533756307208574271366784707185939001930827431616274138327952252565488908530567197684600001540409859464568 -82607371914234638347477028201350694956641 391
0x101074322171abe79c5600b103739e750390f560887de61ecc83edcebd63c3a15b3a80722942676e572dffbcc49a5ce28578d62698626b03cf5607e17b54cfe8
0x09a5107d9c360969089a46dcfa2d45698900f63d61980826844c39428d087a68351d3d02d1e3d386376654d9fdd613a051eb27011a5fce9545008421341b6d8e
864175120484581453683482079962486176185193500155369104423588921177379322250834082489183304374038697487834084609675858746433355728113743766078731283595263 1989851636867448396600109715612777943908858612824304224907356441312038970954697322848634681634899634315819582864831537 2225730625816342195558524376885092802375179565544199915249981872219702060655228028927795018385185312819388321330505008 -36038125432039429427892231240861973819569 391
0x08965edd5dc8315be15123929d0ca9886fe2dab31347f2f978646c2e2d35568b9d1d4faaf7ac6383e3cfb7255402a6f45c1262cb775f7ed9c1b6b929f760fda0
0x0c01dd011675a0f9cd877c9fbdae9e9405f570e3ae6165ce92c7ae105b14887ca48808c2718b65af10c30158ecce37e77105060409146ca8ae790adb8ee1c045
864175120484581453683482079962486176185193500155369104423588921177379322250834082489183304374038697487834084609675858746433355728113743766078731283595263 1380797615261893232873835125751942267477599142022242566991816306521924445141496163673866357697483771400554481290563487 1925212291553481641344025134843213717562098718685039280510995905100832925574749383263977295979370665530101049933386048 39538350584300827834586059984115911231391 391
0x0a869340c7af7253dd083a4efcbf7683996bc7a9369509572c1128b9465daa0c1739b386954645be69dfd83e9596df9a6830447ca7d59ec3e1f54b28faba1a9c
0x0ec3c9a017262eb53b9bd7e703bf5a81a26541b9092b62f48a88284a4dd20de1233a12d2c00351d88211e9da11ff9949c6ae039e3715212743093d12ea3bccae
864175120484581453683482079962486176185193500155369104423588921177379322250834082489183304374038697487834084609675858746433355728113743766078731283595263 970598863980591281070113547734598901798341314440739788359976338945337602905153568574286951074645945290735306773202541 1622663786926841793207883221722022858857543393538600785854678088290817303962473246772104959720158800456302231351216308 -39083925722913641957748015689629946503989 391
0x0aa0f2aad6881a20bc4a24affca5a48c8f5f85ca2bfcf123892e102d3e0bbfaf8c282ccb987b04d7e50238fdb878026b36ee84bbd2604c9134a0bc5afaaa46fd
0x01274f52c40de6412e619ab0fd4d66be28931303256b396b8145415ad3581e5222632b2d538637c1fd5187d31fb8a8e0d6a599be04c79e08afc7bc6f8fbf2051
864175120484581453683482079962486176185193500155369104423588921177379322250834082489183304374038697487834084609675858746433355728113743766078731283595263 1888118645773451369346403216078434917582519560886464902231831285938062017266864154314521711039552741888303221893393639 1126165526806386318161786206224357325266514157920827675352646552920732533608523931238446322687375972786447422674081908 -73664449071498793317007022991184230631807 391
0x0592781b9e3b287b51e399fef27e71b827230830aeb4b44a8c33ac50eb1bedee342a36ca306f6215b113cbe5c6a241ce5972fb62d2ea680335422c87b8bed757
0x03b7557d725d97e513787d5abb4d87d00e2e47e4ef4087e4adc0c6206082e55d75a37400760f9a677db734bdfce77059f7930e239a52a2519d90fec04f650476
864175120484581453683482079962486176185193500155369104423588921177379322250834082489183304374038697487834084609675858746433355728113743766078731283595263 1137558245203008307932280596018363317119709780548244034494766181916482664258764225799671738156913465162561350820365467 2039393201505658148289890971216687873662566828010554681180389785320674943651844263740879913905602495926729516142966688 -18130344168619298701766063248446370241179 391
0x035493532b5a8ea1aafbf205426cad9bb08b0654f615f380a1a6e971ed08442fa3763c67d825653534db7c0237c80742bed9688e38519a650fe55fe2502bbf22
0x0662b5f914b7383cd6b8c7d5f22c00391cf54cdabbb0c01572579818920e78b52601e90b42e6aeb4b523952ca93d4bf28958867f42046466c8c8e9c50acf9707
864175120484581453683482079962486176185193500155369104423588921177379322250834082489183304374038697487834084609675858746433355728113743766078731283595263 1830337007132818234288755513471344603604487091949610797548175943062172546978966051473103262984390416549624865095996417 1878708160535859258490118399949992020455945894188231071314072505671356245842459050973904290483845322055759601808342268 -52164616258053922377335645396891089471209 391
0x0627767b5eda375de622675ab43129fd6c7c46418d6cc867b8b414cf9632396809bb9fcfe5e29d9c6cc63bf803c1dac79140eaf003b516440a2ead1a2de962ee
0x0db63eb933110cdd11a70fc7450a2ca146704a92b85849f95c49b6cfacc778fed2024639d238798ef323cb175106274715939a158c463f277ea20e86a568d869
864175120484581453683482079962486176185193500155369104423588921177379322250834082489183304374038697487834084609675858746433355728113743766078731283595263 1513098278223440289636361634622730316886113073571491862707609622600379038768019359327501439322498628555527534475165817 2306567957245018797269647881847427840061674808240313124764914484841440269188825616088682008345325543739342828148722640 4990649519252734861826385746790051866873 391
0x0e98a3b31017f2192db60b792e273d7c50e9d2a4befa482a4cd16fed4f2f1d1fad508f584d6ed2c256af0ea4f45c6734bae196717986cc6e1baeb2a93bd82b4a
0x0a6d8a907a6ad5e2c95b38fc105cdd74a891ec30d4933457a2c7219f1e16c02e4c7aa793e0879bb15015abbdbb92ad1214b45b2de807ef7cabf8c3127283fe09
864175120484581453683482079962486176185193500155369104423588921177379322250834082489183304374038697487834084609675858746433355728113743766078731283595263 598120441485750149663482406203317662166346617635564124819043685886658413641828458069372891693245569469198105536147659 1556513227024640247830367391909778609028698634429648355356154700832889054814813547794099304430353397391549327187529876 16529479425783937584825918614016230134845 391
0x001fae9891c2260a9ba6482d77e0c88c667b2366c32d6dc91576d5c6eeed0732bbb9368bdcefcea1e722e3b3496b6424f6338922111e658508562bc177309446
0x025219ad063ac4034dccd16ccdc1412d97dde7da90064af538b1392dd6f68a121923629d7d57b813e4c9f18ef7f1640753e90803780081b36d32dc852ac4a918
864175120484581453683482079962486176185193500155369104423588921177379322250834082489183304374038697487834084609675858746433355728113743766078731283595263 486345293519610823670788652466409182181458489397866013009467297022571635024873534729404290959451753743683214170834547 1476920390807312438458281660892973333664987639505623749639592840778088677481558405555382564511915336711988136613887412 -6367305565767855831991684529901092037291 391
0x0ca8cf0368f778c174b08ffd5dee7a5e1fe2ee3c6a6178826406ae88160ca5b3efac4caab665b037ee0c718e92c8237fad7b9552d4ccf45f31d0bdeb29325b99
0x01ef74a26613cc937d7c1223368a01a81dfb88e5539c869750b1eb0e9f0f4f41f4151881c90957018eadf19bc456fbe7a01e34eedd1ea36fbe02da6b52b234f7
864175120484581453683482079962486176185193500155369104423588921177379322250834082489183304374038697487834084609675858746433355728113743766078731283595263 1971034255782565095889710060104391283075112956700579713538591225202348735790887538368148807270671418223804471746113687 2304132091730019364722429308541972986955572656725645153700038154271912261987454567539573066651574460656507119817883840 29397381801158971655161533851899300489367 391
0x0f33b2b49c954d23d0440cb11a513a93efa8fb660c9609f8c665313af4e8ce307db623b13d9173d27830faf55fb7f779847fb4bff857a9af6eaf73b243de2af8
0x0baadae86f3a82f7e78549f5ccaca31d716dfd320afeea0e0600d292e44a571030593ca9a5a6b78d95c8f4dbb496611a8539654a197684e4f22fd47217fba2c1
864175120484581453683482079962486176185193500155369104423588921177379322250834082489183304374038697487834084609675858746433355728113743766078731283595263 1364518892141004050217963430351415575522995537588368758935394434627619306597986982486298509958075743959858704738913441 1422844007330699735793917223645963711209250659750248516823622726896416475327618951586502956093067174578670701599423800 58875340867368281219423210702665203569857 391
0x031e8154ab2bfd25d2669317507fc3181abf18b250974129653cb230bd85c8adc05831d7b2abf8bee6ec02f0fdb3c67d7461b9eae19f2d65bb4fa2994e33460b
0x08d25284ffa5b20531b036a12ed5a765809bce4d08d9c20c251de530ea3be4b9a32661f2ba4625d22443ec906ac9a37e7e8d47c3e00e693bf63f34471af45803
864175120484581453683482079962486176185193500155369104423588921177379322250834082489183304374038697487834084609675858746433355728113743766078731283595263 1796807731798113633652266551950826615576086413434819707260230781880061977363252814017836558688050345501946322631274391 1716210318403752415147527859686996762659552228951530124554500140514121852597386934042682121230134087180927707671467888 -57811565259576049028266974361087353355031 391
0x0f6ce858caeef08e3b6fe4b24ae32d559d5783c1f8280b328b6a4f362afa4992ddf6894dd75b055ec65119e9c47c6531890172c089692b08deeba1124bdeccdc
0x028c2aee3073e16e23764e9408aee73ccc098684299ee45db6a07d28906ac1c20054fa68c7b019bacb658f7c74021bfbad5b3b9e6904edbdf986ad2025671738
864175120484581453683482079962486176185193500155369104423588921177379322250834082489183304374038697487834084609675858746433355728113743766078731283595263 98489012182722768772403097028646088525606712698152121183217896669167845772621727502340626123308888320550106213418317 94420013806325614709527734510439731428795947146701914779386875553284546230424154760326162471980589956427348129674480 -23521389167720934443451404398799312873523 391
0x07411ceb805243bb54bf28d202105edf34f7cc2f22d06cce9bbd59f8fbd7327d0392a8b670ae4718d1fcd609c40dc9bb122e4ee06e20dfae6ea9fa340a806cbb
0x08af9f7f036d927a7aa8eca1aca0bb9ccb88226ff5fa44a86a67094f09e9c8543e132bf80cea516c056bf5becb5289cbd3fc6f7f4ce68bf9d8992faa076f2f68
864175120484581453683482079962486176185193500155369104423588921177379322250834082489183304374038697487834084609675858746433355728113743766078731283595263 251111513920099752782984076038785227271122847253686123207163231655669992581898240618398026975186720858662573996417111 989881276519144226876423613356755169754605008847204144294087318098045220666006108003255345341397939187696921476734088 16083651258018373978116158325934141211849 391
0x0d7409285312a2cd220d498e746a6632a0b6433d53a3696f5e5584258b7fcfe5edf78b7f7118f04fba02fc73ad3b0212398a45e111a42ba7d6bb468eb095c4b5
0x0673d907c8a22463d070287d7fa4b0bc1de2fe4da277ef1c667c96d334e0aa47be8d3884e8d265caafc861cf4fc1fbb0eb9b5b48d601d450671c7d78b27fd5ed
864175120484581453683482079962486176185193500155369104423588921177379322250834082489183304374038697487834084609675858746433355728113743766078731283595263 932965783527556888478015370408319832413512482894482518075824158425764848903861928416715132110375308958688680264021911 1759981658325261691008250632812059301039803275697378001670585114338986248614881274117953427910806235421311290753018768 29211524932699315933958286163226556804329 391
0x0661cec139aef50b81108429b879f2ae2f189cfec2168854793625f7cded8be8a0038b512d69904c31ad8f22679a1c0ae593c6ea1330f7fecc78212df7514a65
0x074dc2bf7d11830e307e2e839223c7dcba65aec40e0c66d0bce22adac5118448c4986286613fcebce2b7b4d08318d50417417f7afbbdc7e38f25324a68d55f90
864175120484581453683482079962486176185193500155369104423588921177379322250834082489183304374038697487834084609675858746433355728113743766078731283595263 1657466341533184814242262905934134975921093935172469731855711903582712587650946152557586214462257632718223710714743821 96389885686431076919545054419069039989944861109276855628898616589041434605783994786696389738088023793196806939227320 80520146458313351400041869839409409741997 391
0x0f8e28772937abe109d6545d089d310db06b767ec1d0bce5efb781f1579736a18519f23cb142115c92149092f5bc3179dfc33c22c26070a5e5fd3025dd32c82d
0x0ae75b39c42f8b90b11b99eb59ca94519a6f462d46e6e15ed54e6459ac4dfe46603307ffc0159e7a7f43565a2f0e0e0aacc3aa296c04ae2ea26a41b9a064b9d2
864175120484581453683482079962486176185193500155369104423588921177379322250834082489183304374038697487834084609675858746433355728113743766078731283595263 2136204397077117032715615993338934933554279021498344435055426215267360024871483488344342417570288227067308645893002261 2401918331301818117941751435753692804895237757914783404680041985268249375618922426136866482147433784502170872464620928 -22597122170988225853704654478090269783061 391
0x03b55eab2c2cb9349c1272b577a4f91ee0c3ee04c4924984a3fe45d9c95ac3e825ef542517a57d2ace108a55a94c51b7b35d3ebcde61e12d04422da286c8cf26
0x072e96d842060b6230efc923700448a13f73b1371df1529413975afd66a9dc5bca8970cad47272f61b7c7d8665cb1d08ff2b497e574d2f053121bd0bb0acd041
864175120484581453683482079962486176185193500155369104423588921177379322250834082489183304374038697487834084609675858746433355728113743766078731283595263 1876539252345443762686976727092564755194338344092872049942133630604417698121554698027944566203542174221786647816527699 305375104423562314593755657665467623284214777272244707701030910487326216458947649290091738845649001574896814375438532 82273860460043848856329741277773125140427 391
0x0533dd485e6feeb4803abd452a85a431d9dd5aabe2f738f71600bd21dc1a5b21db6849a96344f755e8647e7a8430fcf9c5db87d12ed429b43035fbe8ce91d385
0x0e6c4ee2c09e16dc3c959a1ccac4069088936aa07ecadef29df83ef72d343d032b24dc8b1822c630b8249f8b48664ca1d5544da8cf45fc02f597eb6ec5f7771e
864175120484581453683482079962486176185193500155369104423588921177379322250834082489183304374038697487834084609675858746433355728113743766078731283595263 2019086369094286695535949155114605411358198781295932323539766211172585372287119396502109992990682874324692364215222473 2437311705405800281064816865962661017133579911453448295059164667759797779294293875722280506040295914330155927648546700 13858708097234358223342016745330810334385 391
0x0bffdac3c81b24cf571b416df41c19662d90be40226b03b530469d63d4106dacc4fd55c15e939180a87e3f86eba7c49ccb8f129012d372cb99f723c1d93c39cb
0x0ffc08d63bc4a0f197c947e9d842cb33b04114cf8854694b6b41abd36120e6aa4fd652138005d74fbe11eff47b50db6f163f57a968eb2ff8cafe9e1a79c710c2
864175120484581453683482079962486176185193500155369104423588921177379322250834082489183304374038697487834084609675858746433355728113743766078731283595263 2294959597149595285738155072559701141456013219655155520524919534780613133752901715563982931463972785603090658185840261 201762762446385932246003137711864486044910951276083939381795472856105661313446515026468393461030798952447624917950972 -85158565572565880860601780832903377231539 391
0x03da89b96b93734fdb3bf8bcb56b7c233dba2db71a2f06a445c4ad921fec9b372db6641a18753e44219301b31cebd183db3ff101064d8521fe2b75e1f79a990e
0x0445a375a326b00b61b2fd650851954e7e09f040d227c1d1fe9cfa087bf0b31373e68089f6949461dd0b1ef1e8a2b36175d57207e0613310f9032451065a3f05
864175120484581453683482079962486176185193500155369104423588921177379322250834082489183304374038697487834084609675858746433355728113743766078731283595263 1094162480000879612704736353940785088709190451209941449181729390388346550984018374296031395921771387686475035896174711 1777072736311334954020188699999512653494073111255597908696688785838803428406191772711704872081177815103764001612512980 -36687911097904210446683728992768755032817 391
0x0f5a20f60f8310cb7fed88ffc4e48df9f26039a14deed1c49f1c99177940a68d09a6f9767233ccdd1bccd40151bbc3e4c097b27979b9ef022a80348e5e141d45
0x05cbf00a6848ed70a9c9e2f9bad2dbae0ef613c0ad39eec2536a21071d7f1c6dcae96a14207fc58d32f47a35aa6dde9299196f884d226f15dd6eeb8437f00ddb
864175120484581453683482079962486176185193500155369104423588921177379322250834082489183304374038697487834084609675858746433355728113743766078731283595263 1476749253518936971437081975343093224126438870868502125513474029823331395184166184181769483838058197965207889023480807 649181715323084684790383365580322891151881528617850170058154652302438567696192784598943612313162945185787552110282100 -74881958363246513529026374257513186350207 391
0x0e96933491dd5a085639853966d78c2243f7b4c48b99c96ceb862482cd9ec6a93ac46cffd89666eec68686cdef0f40cc6a46c23f1cf168649f0ad9b57a28ebfc
0x007f52b55a7b362f09eed4f91e2baf3e6b559fd01b5cabe8b0db80da1dbfb20b45d95201ac0ba1323ec435615f9c7764162f781e87c2dc58747799f0aa8865f7
864175120484581453683482079962486176185193500155369104423588921177379322250834082489183304374038697487834084609675858746433355728113743766078731283595263 1324266402804615688129869458685897860921235194612093794605148227123285178150515763697478118724504012934913424317698011 238319696234077204973099569668048237666912046093935953697254954906309465033068693979731854704744986067233623953032160 75057200764983476716180951957227606084133 391
0x02818b45d477a63b375eecb8214d9718dedc23d22da43aa4f90ad500e64b4adede123d26da45871b731ecb3b4a90058c0d7a304384f96e34022ba66318339ab2
0x038487a9ad6021c38bf245535b4c71ab770925b4e9b1e3c7e0e64c68d2cbd01c79812ca7554b6cab6871fb0f0298f183c10d7e2d803be248eebd9f8a7b56a321
864175120484581453683482079962486176185193500155369104423588921177379322250834082489183304374038697487834084609675858746433355728113743766078731283595263 658752995698681011299343775770190151118824416491641598836584323998531787749724912498236659540444227726159249935493111 1624163439203183029956076635427210263503121448991003054217721306029070693446350372142780332749809915638967704313443660 -17026637492091393840376568014619338961167 391
0x08361257e426cd8aa74ffcbcbe3b128efca78658505670d3f9df612d3be438ec22d4923d9df401e4fa7a342c450164577953e1b45d03896e6a9ff07349ec8e97
0x0dd6d155dade3cbe62102bdde437a754a89b99a2ac5345a9bcec9b0acc8b078fd9db65256755f653716fd28d7c436c8c768380907b54abffdcc7e9c2bd11ff53
864175120484581453683482079962486176185193500155369104423588921177379322250834082489183304374038697487834084609675858746433355728113743766078731283595263 739337513782821823242115727253120908342770257215743272596756712134132406375570483908329214155589617348725811365208799 965631726198888313894039640182066541262939454907116270838445776375664628953112217917828278352631714024339167389309676 51023055746250078951175732612165235289545 391
0x08656aef5df349a9ca794a63d9dd51519f51e73dc213877d7df37bae400267f73ed2afc18594506748c195c5e55c90c42ffe8ca491a676649d1814eda242cbc1
0x056e7cb475d0f2d68ca0d3c149204816b7452b25d213609023c7edd211414399b51becd964c0bd763c5b94efefa8ebf80ae4e7550bce44f1490271d407130398
864175120484581453683482079962486176185193500155369104423588921177379322250834082489183304374038697487834084609675858746433355728113743766078731283595263 2477725925341517329332785302333265105204402128701668906277655097079829474137482465609449111196382987469977198082764297 2200008347857961001857663186440319923516816197709016346204639594381622018210864697858222391582869717447683586335125140 -41899815993519054043594899753365224704113 391
0x011824f7091d74ced4217ccb9ca25e1706f1fa0d4919a25ec81e25263fc5a052a52b7717b16ae1c57f5c039558a6403891074f39fe947de72c89755c42021808
0x026df297aeb6229f74dc77c051da654eab6db94be1457f7407dd6bb74909f1453ea047812a7a7709f01902ae80de620b1df73b2ee0b2233379ddfcf8bced413e
864175120484581453683482079962486176185193500155369104423588921177379322250834082489183304374038697487834084609675858746433355728113743766078731283595263 2439104040756215469995271054599863496401899417747967552672240933844306454391446782436000420984230229830233941893883775 1937447634659775961064224272313270509237240434510929598453384595543728339410460070364231558210008547069978164734154880 -54836218638626493776263035381349736872065 391
0x0bedd222e2cbaa2ebf78c6bb57374c8b174420cb6db63e57edcc8b8a0c13f9526416d4c864ac9080f40cc771a4521cb47364c2646d146cd8a83a192d96836cf1
0x0a1abe034ce179425b7287bf481283c89ccde862ff52d4c1b0b7a52db9f6e0677d8023cea3b30f07853741a1bf969929fd8ddb325ee91393dfd909f37c84ddaf
864175120484581453683482079962486176185193500155369104423588921177379322250834082489183304374038697487834084609675858746433355728113743766078731283595263 1751944795504145652551810784730211008585181695956949682059165887162488870826332693547710888775301163497490928850625575 1591503681196771168482246919273150954005336477453076293215341117596366511621935540936433347122794132999471210342130620 61171132724493531587682316966226712119295 391
0x0b95d3b7ce62c326c5a135230db57c6ed209a79537915df516a84c25f2bf069038f320db488e552a90a1d8006fc15c9b7b59c94e00ea343ba46bc01335f6aa63
0x0f6d3c4948dee407764004bf95a6e9267853c789562e31041b99a961c98fd7cd62bb2da521c106418b29677ccb12d8ace8f0a1e1908fa72e7fe74156608f61d4
864175120484581453683482079962486176185193500155369104423588921177379322250834082489183304374038697487834084609675858746433355728113743766078731283595263 498043255009444035313631327266804170353213584237380408889603586164562677756071419386842875834956345589402270158437899 868660978385431531792225367126935486166683282201507396942071599840915411611218875182949958718001835195424622849167292 -41790577128601599407489777148214840992707 391
0x089e774524a37a1ca4cdc12050cf52267a2bed69dbfe662f168629c8c19c84760607f14e5c829e376fe35140cedfba0fb5c34d297a515054f707d94091386852
0x05a4c8c46c02115eb285942b33487c7f0ce4055e16408840a107b6015024b40f38f85e7743325428aaeb17af2792e247eb0ea1c78f189c3182300f5c777cb7b0
864175120484581453683482079962486176185193500155369104423588921177379322250834082489183304374038697487834084609675858746433355728113743766078731283595263 339832699082838998774020263073565962407235750827840430084018051177177206330821957719585165097770595177134416188050189 820849345463745436518462847180516118621165393246675313070640988341543148689244327832280938723738918531895377407811792 -32710575784418198849318990803648263582093 391
0x0a9ce7949123f0817e794b498a80e8994e3432c73713926e22d936626053ac714e1c767c02fa0de5d1f2a9c9bc759c5eef88c52495510602a3ae4589b97ffc7e
0x04616831cf027d224e4733ac6148c00f85d37ec747ba7f73b97a2029c240aec79bb061f025704a375629da1d62c6cd8e6dad50dfe39010ebe6e207254e6f652e
864175120484581453683482079962486176185193500155369104423588921177379322250834082489183304374038697487834084609675858746433355728113743766078731283595263 1302836723110327277062952366900930423261897042498174156044481742102390196814665656616846438489127799342961743438109973 1684081823348700545031509923879265556751829830519116121962216102579602640403905703207000895990618645512268947364144500 -48554007272870815789456096756366730825885 391
0x0ac353127888195bd89470f6af0df10ac9f5aa8ecee91c7dd39fe399207dca9e671dadb764a2eab8fc77f6f956c5ce73f5c8ff65020647901ed06d5dddb8cf3c
0x026edebdf0bb70167c4353e0e32acaf5682b29fc8c9b0bc9a26cd40be9dacbcb3fe16303ba225313308d40ebc1303d9b96cf511ed00ad8e7a38d337cbbf52492
864175120484581453683482079962486176185193500155369104423588921177379322250834082489183304374038697487834084609675858746433355728113743766078731283595263 1947182867775243579746260891476757331132484230149234373222064816824722689285640728933896243585597674038694959765463725 1282980350762976240964757081551289664010146784034860159363259557854241656918074117155569635017155955647095765697133840 -71216973947844666066897276573475960543955 391
0x0a7757c680bbc2d8929ed458a2368febafdf36ac0e18f1614ea532680acc6f04933a92fa54074aeda1cdbe294eccc16eb7e158ac52a0ebd027beccea191f10c7
0x0b6598d43fb5a134d5ce24f3c152d87ad303ed62ac875a10e9ae849c4c2933e7de03a790f08261a9e5832be8cbfbbf6a112ede49c7bd2329866127c03b8e68e9
864175120484581453683482079962486176185193500155369104423588921177379322250834082489183304374038697487834084609675858746433355728113743766078731283595263 874695376814707487604236912259397237515424229728773838365485739147570628858921347125236812065043345676618795745382509 1631937348474541293190125653060859722067414259759970999933157524658175574407394932344353167802432672582398563047515624 33729891008779974122161685390563463251955 391
0x08fa2ca7a012fdebbb988739db75e4172898065d490cb3ff5334990ef420d7b4d0247dc8fb873706767da8a110f05f66e20cddfd1d697fa9b278aa4c1d72c397
0x07be5371b4f3c5afee453f3e1d0c336fce2b35bd2620171f0c75de80897637a21990330351da63a013032f1a9db0bbb16a72471c739b63c638fec76661048c04
864175120484581453683482079962486176185193500155369104423588921177379322250834082489183304374038697487834084609675858746433355728113743766078731283595263 1229094878186425933797616143255622566712096517397540048659542103752084385323238550467114213792234590587371143774894481 439778055763759178934561408431953480054648268367220955502989330132500334918192984708373798387190913322767258210899472 -72119829441068642726019087672364889764369 391
0x0af695309e9cf16e78005fc5e444ffd02fd16480d27021137176f8724c10783f27194b593210a28f446decd9655e8dc453877e28d8743f90df73db38b2235743
0x0e86c5c6fdc29cf604b96f90498b5a8e6a8eca4d1713642c078d6889cec7695cc3deae6bb2c8020badec78cdd36b10d429cfa836acf0e6084ad0a105c034c5ac
864175120484581453683482079962486176185193500155369104423588921177379322250834082489183304374038697487834084609675858746433355728113743766078731283595263 1130654508996442909594398589807067571797809232757147868747805950094799209858478095451742613002940106642553154673294375 1578849809479124347001046413747422294148049631224146072949545500462613943749360036406234747416611429323813372433139600 47273699043522865675410944042699226763175 391
0x0b1cb5a4fd4cacdb7f6191a88a54f38fb3485eb328c2458be65020979b89be95d2dfa26ab4d5c4d38634aaea0cff6fb31f80a1baaf8c008575dfb63640d8fce3
0x01ddf70c2de926e82ea41bd8c33784f54576933c9e0139672d56148ef90b83d442567c791a9bfd1f6d45f742f61ad29a1e47b07ab07fd820048ea5ee35742527
864175120484581453683482079962486176185193500155369104423588921177379322250834082489183304374038697487834084609675858746433355728113743766078731283595263 1879330922527302197213019812815799899073630581458386035951204439411363916621496403793655843379789380388118366666803561 698855012173952630180551444518142234275746894524761236026500339440568930436615796690841632739959959045986334611530972 -79472619472442947990428154501690057583761 391
0x1045de77029a63b2f3967f709d61ba5a5a64309ba3b3b22244159ff71f939687a0effa4cd2d52177ab9865de3538127c4f224c955e913070431f4629ef151f8f
0x02f839eef8cd34ebd504850bba5c9a22dbc615e82b7f53b0e3668a0a254edf2ac08109c783b1ed157379bbed5b0538e15efc6724471e12c3aa475ed8ed9e526f
864175120484581453683482079962486176185193500155369104423588921177379322250834082489183304374038697487834084609675858746433355728113743766078731283595263 977580183859516863973037988336666413579483939974815123791043388627213935242169734153613220164204673171736864021124929 969563490234379571594999836973998414434461000844501430746271253464093727143157411544933984258457283353320145070017612 -59259044497831235308239531791800386067817 391
0x06b7733aff2eccfef8d4e084cbf592e0abbe0bdf582875f89a382a6476f0159cbc07efa3bc9251036378f0ec7ddf18f87ceca1cd8cd4b71853bbeab0cece05d1
0x02afe5f04daee8ef38f5233931170868a15de448d2ad2bb5f52b246437684c9f203bf25f60d9b5423caa430b0f8fd4d861d2397b1b4395e7dbe6d2362758952c
864175120484581453683482079962486176185193500155369104423588921177379322250834082489183304374038697487834084609675858746433355728113743766078731283595263 1310413968478180244041231870427264273167666417037503778965947790379750475783793842205775157957897421396621627921296641 1618322892864058900203067498550006328028338536981015619090832369440215299505182307772904422624914481224638566699603320 51284449728319501485415033559992300011743 391
0x082a98ccfbd2e292ef624ddf9973e5e8f8195b83b43e0d880cedc0c4f2959a00cb4a8fbfa38765595be8eb22c3c8e71ba133b686850775b589fe6abda0e4f1e8
0x0170a233efe60c9358adb5b859402d513261b108d0f52263f82209cb81f2fa37148cc43fcf49fc1321b5156137ffae755186b08cc290833519df492ed2f100e8
864175120484581453683482079962486176185193500155369104423588921177379322250834082489183304374038697487834084609675858746433355728113743766078731283595263 2055140305478975901253214061734457002346241325278183719545017631414072540465796442952729616004293894606095236266600077 1708138686359420775202926397734134891921218812266050700130029545953295616855798881051970186899909564450908473288745672 61076555516262990342184172732198189501229 391
0x071aae190be65375550e19bda4a70c129f921135f926d3770bb87e7cb650f6863220c55db7c5ef3599cc73cd3fec1655127fb8077f62dd774f8f3d3dc1ed8b42
0x0be2a639d6da625de414ee4973aae3553a34fe5f8fc298389542372d77931ef06fa37c8ba53c74aa09525d0bc844c9d5fe2670ea99e693d2adbe4fe47ba19791
864175120484581453683482079962486176185193500155369104423588921177379322250834082489183304374038697487834084609675858746433355728113743766078731283595263 720325913318091547180276835704486357898517471754669117708802384418543835579905884505369750685570872481886130557252537 1101438580744502065998820350078685393181878339575356348883774047732816858759534142221588641432596137330299368816739672 46900592343904098022285392539407775625689 391
0x100a078f61ec956268ada3aced4a687ef228cd60d49cdfbda886a97312bf7514edf88384ee1c86bb43c764cd3bc3ba409e4ab45ee526c2d38d0070d63ebac074
0x0687e035bdeb2c1396d67ad84f06e60cea204e58a63aeb4f4be210b0e043c1add4fe789456ae351f8d6ca6d41790d3751d86e06166be5c7dbeb70e06e581ea1b
864175120484581453683482079962486176185193500155369104423588921177379322250834082489183304374038697487834084609675858746433355728113743766078731283595263 945328187032997166286284899320057028069276905668166674911801676017396703083404513035208395444033166975939322853812981 709210336561916454839074629320919437531224759730233712843593069134782675062471110741901239151844055406781960239971388 62457523057021705285275902398031372893379 391
0x02abee563e13c7d6691dcf5067a28d4aa85bb5d30d5a53de160b70753ff310fb7fe5b8892ef9905b82d211e31dd81e036427a234c26374e7ca3a616b62f02e01
0x08e6dce97bd050d4b3de4bc5784b579343240d638d9698995e71ea6331aa2caf3e8f2a615cb7deb30b6e627f3b6d3814185ad5786e7ff155de0387040080d94a
864175120484581453683482079962486176185193500155369104423588921177379322250834082489183304374038697487834084609675858746433355728113743766078731283595263 1344889712842125116860403856570844531648453881185445738504245396972873546797126632632475020155022796582083910856603349 1045426593561695399360820989119465049990336770419752813725701365055460513221819698578942981732211983301057872946925268 67016974958692589648593652033903792653277 391
0x1063f814a9fe86ea9051ce4d92b4728528802db449ca3d3c47f0c083c9e61011b6fcc3e6cc6045c0aa3186636efda201d537df25509d15641408b52179d16d6a
0x006c37af0bc3e83524fc421e616db30efb32a89d705b7f10e366050a0e278ff43344711bdf4303e4f898f883568ddb4cf726cf8654cb0dd9a2cc61345c29e346
864175120484581453683482079962486176185193500155369104423588921177379322250834082489183304374038697487834084609675858746433355728113743766078731283595263 1668607953503381341998169762812977222437450585220015464894848168317826804787665661187324078006122123079081455999959269 1950557155561636620873733978821237650987928470244007555842669893445299495100131301983429876866249140901353612083828476 45975237931446994074296891356776862691155 391
0x05de9fee294f3661cbbc94329ff48d4ef6648e18a79bf9202bdb2256403127dc83eb54c56f4fe13fe39862e2895e5a99a09c5aca461269d6612a0779e338cb34
0x0eab40de7e86e3545afcddfae13ffaecb9e60ce52c963c209dd2db0ceaad773bf21d433a9250a2f0207a531bd47c35c4ca486b148de2dad5ef83b0a5e6c2beff
864175120484581453683482079962486176185193500155369104423588921177379322250834082489183304374038697487834084609675858746433355728113743766078731283595263 364961273600556403271308987525263685891374185103595683998995359705949536695008314550225740945814374758144304018766917 1031079168827076676286327926597109822766978321667689022904842677487434615597129477718547203597110630856064156603899652 -27306025861784175334743459220394557098739 391
0x08348b266bdd73a63103ffa9624cf9e0772b1c5e8b198b9da09e6562a9b5ef46fb19500e4ab9fa37bec6bde3af227310d8ea64841c76ae781a129384b160f2ac
0x079cf4266726f2cada3c2631d8cf59c26fc5e879deaea4af2b3d1befa1f48d38e5046453f1abbf36e0058bd056d18adbaf0c389d5edb410944749d9898ca5063
864175120484581453683482079962486176185193500155369104423588921177379322250834082489183304374038697487834084609675858746433355728113743766078731283595263 2320355747682794935980191643114532757458545019007076746266034686112647504635321648545069803855656770401753067047288819 2416185251337908305998673066534059976458981807740163780993857336844220515554509300944230757075690450068017369059178252 -23582857280754695853013883930816338277163 391
0x105f96bcbb8ca6725eea680b3c091639dfe349f56ee979207e9d0a872503e8d2810ff973f36a266e0b74ccc192041f65d9185acb6a69f71fc3c641e10d3c3859
0x0b0c2ac7e1e4493618950e887f30c4894ae576f5d84ee28a00e80ea7df98bbf83ed43a80b4897f0b1f521198ebaf61acb9f710d985baf69a92632a317de738f1
864175120484581453683482079962486176185193500155369104423588921177379322250834082489183304374038697487834084609675858746433355728113743766078731283595263 1347241933304604463793455011553882549196351855438201806903016692056230311372589710047707985810356746229110835290085547 724212008345105754614909477943988603944512603066601241980133769460012829995031057728006457259030666772046527756417932 -71801470404451850631325863709242726202589 391
0x0c9f91a462e1505086a502bd2a90a3111e4e86fa3765a404c863db7ae216f2fdd3d0daf0ec483d3f29a3bc3f86aeec171dc3a8a717e704f220bd5bac4b08337f
0x0a9eb51e7b1d28c8740224c187f6a141fedf1a8950b05c001f067e89ce3ef810c87488d9451d2fa23f64ef3ba022c0b2463e62e97ba4cc286519342065edcfe5
864175120484581453683482079962486176185193500155369104423588921177379322250834082489183304374038697487834084609675858746433355728113743766078731283595263 2414089936897264968810319709433315684805831882102273526266784624828415910539831434216961203054074413067711180101148407 1726463810042595712347367812400392368397725511733953203083207516670164296842613270330399039379171252106509164584965840 -62418173345386384263546167448361045504393 391
0x0183676e1ee5d71ccf05f5841e4fad5f84f455a406500107c60dfa7fa62948c1a6e266fcf585c789807b6f472babb9c8649b9d38410a300ea4c7e245687c4621
0x061550a15a69324ae29a2d8c0ebdeb6647ab6844507426c1ea0ba49765d96f86ded6bb32392b9f1d4983b361434d42a2d0e5670187b03595cdb89a55798cfe18
864175120484581453683482079962486176185193500155369104423588921177379322250834082489183304374038697487834084609675858746433355728113743766078731283595263 373926325378680120748952841286279050556237875384152136590676450799999226697807777056397260743028051399184903490064377 808371509128896840259681907156805743567069343216433646948091232682815647222872055044533281935686437718022994331472272 -35557310018814056418300191163166276275321 391
0x02addd6573f0ed51f3935196e679914d928e630eb5bbb6bdd4c2b2065fc6986ba9a40b68075fa54aba239153d715d9508e90c33b1e205204beab55c4bbf26513
0x0791742a64974f68d746427548677d6c87291112ee2af4a85c5890319601ca2726f25564c3fe9f9d2f64dedd7ba3d565ac34f979b3c2f8d4252e3d8550ac9b2c
864175120484581453683482079962486176185193500155369104423588921177379322250834082489183304374038697487834084609675858746433355728113743766078731283595263 84156673354575499977401853187667992189980096261993755112556310201655609053926707525813117235687851898235510256317669 642887014804001895323327521605586852955404131800172091465600165354584071198043338989611586817003407238444602204664192 -2166042865404820506807710957587138008293 391
0x08d4702a2acf380be31aacc8ebad1d638a35cfe131cec0bc1782774710acc782b4eca885a54944d4c8a9175083a2123d2f0d3fea689fc6edfeb5d5ffaa74d34b
0x0400b547de7fe7b445ae8195a5820c4b51cee96228d610cf9a1568c87fd3173e360525349636b638072ca5df95627f0810ea51f6ca230978d33dcd13f51b7e04
864175120484581453683482079962486176185193500155369104423588921177379322250834082489183304374038697487834084609675858746433355728113743766078731283595263 572623406725634487939367406074208447333014829218338594855191036612248920360846202243140390356618314081479415742039277 1244822521969364137063217030118737221692549487202588538181105869597794706509108284411839763723142130252468813855962348 34195718623895912494184804511618882423499 391
0x0c3ab2c7a5e33701b6f0755bace500746c111af206ea8c1e8d6d484d2e05d70bc2ad97de7e2a8a9b7d4e5e8cf312211c975ed871d2efc47ee9810b03707d1bc7
0x0722c72900761f126664f54a9c4821950a774f0e164209e15d0edeafad4231cb79b2353f1476f024d7058ee84b0838bab3f66e2e640fee8d787e9d8833465cba
864175120484581453683482079962486176185193500155369104423588921177379322250834082489183304374038697487834084609675858746433355728113743766078731283595263 671469807571263840634928331284304837031186891857949512770065453196076459195389250741361280055813145690563772104660019 1712039847677512716395502498603904599891587719798671807627974255993748396931493667192121605999042627215806409971117832 2301341295464035454829016096141558475373 391
0x006753e4c184b2aecb2e72abab6955ec9d8cf6c330b37c15a44bb7b8c83634efc078bc58263175dad6520114bc510acd64f9a852c168b2696fcd1efe96f5c23e
0x078e5cc91398fc4f5dcf66dfaf8302628a5dc2c1b6c5a775ee67d87f0b8bef752c3d7807fa61d8a64d8eeadf97bcccbd45f2e2ffa6eda57b89d62d53b5c868c0
864175120484581453683482079962486176185193500155369104423588921177379322250834082489183304374038697487834084609675858746433355728113743766078731283595263 1967620714035618144789238823747854474949106778722289987320296553604789653559872639366516502131826893032186209282054739 675119560044635148993532541181012828601676359399894485550396665683374603985803807685511975910825558920630167294443748 80472838060710517259391505773741343309237 391
0x0920657263c8587511f796f04112e895307e89623ad62312890aac4b02ebc62c099f0a1269b722ad3d58e95bbebc022f99ec7412aa4b0fde16311b94d238bc79
0x0775681ccce2472398e2fb4fd0d25e4a493f7bd2c8dc92f0ebc43a9e2faf0597426a0bb86484ea80227d3aa994328425c665fa927b632f8d273676d65d5aeb08
864175120484581453683482079962486176185193500155369104423588921177379322250834082489183304374038697487834084609675858746433355728113743766078731283595263 7195144676644627863166384290308974784792400874896470019172639113040922824374795825269681592829857432782521539794369 186014426635581673609931576952505875367443667081323118392927286961949921291254816724627317736678847982331248165614728 1375602938496519225137633514500705148897 391
0x08645adfb10558a9fff04b24994a49778354f9182f25a9e1a9ceb0cf5d6814a1d9eef00021701a8ad2bee8f8b6bbde09ca790a60620622b4a48f3062befd817f
0x0a1c654c70ff731c7052fd492477a027f6cdaaeb3e311cf19d19862438412312ac65482ab4598623717cfe58d7eac316b26e14435e27c7b102f4ff967944208f
864175120484581453683482079962486176185193500155369104423588921177379322250834082489183304374038697487834084609675858746433355728113743766078731283595263 1390804624608453948703975289563473547168720858175320886224855342404356260858345102208150251824555078097164129653927007 2127331867224150389663030746024244208139864458326854103808624205186489822825249516253067254551692818966567988170421128 -25332791275824270750188033524685526263359 391
0x0ce8df0ef4154194c9718b12a37bc23a5f826b08f32098bb92d6d408083cbdc2d73b659e2f5b022c363dde67ac39cc0994092171b87389e1b1da07ecb84ff618
0x06da0bb9f7968e6ed0a4be08046967d17c0b462b728cf665cfba41be7966967aa91e3b7198e28146591289a95810b36d906a25af4b7d3b436ecdf4a3724db5ba
864175120484581453683482079962486176185193500155369104423588921177379322250834082489183304374038697487834084609675858746433355728113743766078731283595263 1473952542875322716252998091202111051503163007728602703321159147056799181714728993978485367426635142210891720568892827 1015546303065263050763152589919521765143623287946066661633050607220263542603829261710951190228937713164824258377858508 -69962691751546611376238239840912790023059 391
0x066c3f820e7689cef2b9089f8fbbcde4cb8f45c79a7f4f2d8c5f0f2b072662ff63a58470423f89bfbb41dc300f9c72bcbabbf5499a82e7fa656e2b769e4a60f1
0x02b809c2583a69ac0bc41c4018669c381caf7aa485777cd7c66d2ed933fe58e7a6dd4ee5ee634b5500f7abbc6c22b718aaadd71804a7c627a4808b50cc1a4423
864175120484581453683482079962486176185193500155369104423588921177379322250834082489183304374038697487834084609675858746433355728113743766078731283595263 474408020345112917244073049269062822686640690270440156975208392784764010568673582142994022575382596491242768960117801 622367809799912700985411203691922513836915068750684751031611698875772977222029832468392096402271843057962933952730168 45387872293680650570010981321442592406711 391
0x0855716305dfbd1f1a84193df8094ef60ce884d57c062ee3fe0d8df08b4db72e1476ad0e98d4906c8250a14867ab1afcbc12f5759c24c2153f2088232af93634
0x0a04158fc04fe2e0d9e613a015e00104f0768c04b5801dc086c50335d8f536a399db37bdb0caf8b7e97d404555af86856e74da4384f2f95b04f83ff1be6ca474
864175120484581453683482079962486176185193500155369104423588921177379322250834082489183304374038697487834084609675858746433355728113743766078731283595263 2507640872293143057799886838660512640811450214481816873863946399698212340523858634401191655292716998747601101639165121 2195991108504028364873510280308442140095087980412090916491931836466257301714111821591099328773155120706883175684655612 -42166822130157981329797292677628450650711 391
0x0c6f863a34c3494092cbba94e391cb0aac5868ac59efd07409b4c05993bf67a8fbaceddd06005314696c10eedb8d48f4effd13ae77b55de01a4cffe4ad59fa34
0x0a06053b02c2e89e0c952d785f09f737375bc5a94e9b196b98adee842183174be73480dea1d02b7f32456d2f3550a356253ce5b888cba29708db2cd121924ac5
864175120484581453683482079962486176185193500155369104423588921177379322250834082489183304374038697487834084609675858746433355728113743766078731283595263 1015646764285361469124725470644911581702640470144778772057593132325845852467372775479552583173113721828763082997174451 2022001053503889731307471362051551898550484399500571337333852080867846388803417251687504138735813138031543057685417200 -1646927413580033350467470273946510590413 391
0x027ad65688a1a1b28a3a46a8c40a79e555cd7d33bbb94c22faf40dfb2677be4bc3ce0a9309e7240d07b7fd039ee8fcef458e3917fc0e71a5ce84437316d9fb48
0x0029b754459230ad05df880b5a17c0b5a734bc143aa1c9262c5d1b91830acc02f82d8f52716df95995f4df89c1864fa3d8b9c547204697a4276b80d950507d43
864175120484581453683482079962486176185193500155369104423588921177379322250834082489183304374038697487834084609675858746433355728113743766078731283595263 120066951673871419567417013308676935125931806936908499110008330925776204836648733918940159140779391994614397730926139 44897043176089964973978136971811053414946621516075474518567192019343989822156936941861363332714825670743740832530268 -26109661976252444211024099747168000862477 391
0x07f97c5359e7279c5552fb97f5e67f4373c6649b0d2613e68757846eb19f95c68e6b39d7acfc1d9ae3705cde73a91491cb30d247346f5045385f79530f6db91b
0x0c57840a6a64e6807334815d1163cb2105e278a1a5ef3ba47a29772530fe634642da7d0bb2cedb4df64e709dab0bf320bd647a46a22047b19a1e03e6b6e08346
864175120484581453683482079962486176185193500155369104423588921177379322250834082489183304374038697487834084609675858746433355728113743766078731283595263 2504712254734975251683890412571223585045058806127029336892981660155063783969238669742975244398605449477514115416976077 2376829561809304074225541859145216894040947779724236381328119869084886486417350997603689073947739687266676135072957128 -28653461378739630047100910531303723698029 391
0x1070a6ea710192cbdd723dd42346b9d557467c2346e5494414c88a63ea19d7ad443984b55b4e9de37493b0810e99226c1fb9807e56f335cb9092406f08ab6c16
0x0edad63babdb1b7f7a54515d3be41c93c1f6e22f0a93675cacacfac0ead020de205cdc422c3766a9f4b8347b1a3a77a75ea7bb5be17daefe9dd75ee400dfae47
864175120484581453683482079962486176185193500155369104423588921177379322250834082489183304374038697487834084609675858746433355728113743766078731283595263 2195091085302396974245706746181522974647529678768321638432819638896274816556541691727764714961510318326291368600756467 284293724849889992789742210589794462233344106331159851687164629675631961418927299528587188949615746302931600467988868 -84508030308569258820324228349586045462891 391
0x0eb0a1c1cf59cdb63a3904f63af8b735016c8e7e8aec655614ab21e3e414cd09bd473103d4e27f1f4a04402886533b2f6b0dff6451fd2dc6be6733e92e66a6fa
0x04bbfd4f4ad3f79a967612821357ab8d47c0de3417c94fe36d818e7b6ca09ecac76d5d884c2dafbf975a26952665c9f90c2391275ba19a4219269061f4004053
864175120484581453683482079962486176185193500155369104423588921177379322250834082489183304374038697487834084609675858746433355728113743766078731283595263 2023603685361114060662772710776189539301153814771546677717176779096691860356325974502450633604921099290320934150633687 2451458258435526424767662370972806793441990445332838079056418270439276313625632674047642082927428518839398757526265588 10828938725749834525848855386925980470801 391
0x0ad3e79c83ab59388030b853bd6a43e7459cfb61622c6afb38799a4bd386d83e9da7bbaa6c964a09ad809fc53d4a8b4957a043a094276ea6308eb012971b1ee5
0x08a53d93e9f497893e76e52ca5a4ab265aabab886c45d386a35f549bc8c7ef735ab1d04e779c3cf45c43807dad5651023bee31b7b6539723043573d2159e6427
864175120484581453683482079962486176185193500155369104423588921177379322250834082489183304374038697487834084609675858746433355728113743766078731283595263 1294091265809884759718495150190334909112159557173972207636897230141437221081150936504013416359197898865314328093120569 1717018366107983018460273545544245168381083676600457914930302294386395182468254582828953627051335898232717877693654112 -46937252523872879888857974363750168266183 391
0x0d04064868f77dfb3d960128945db493870d73ceda3f0552b68b631317bebce114b54cfc5bbe229ed661d75fb9a648c83d0a30aca39b736959fee136fb3cead1
0x0870c8eb91d7055240d0b07f2a6e5c650b0f1ce4cf072c1e6c4beb4eb673a674c047da6df611af40a63acbecb95c77184764f9dec6caaeef4260862e463f426c
864175120484581453683482079962486176185193500155369104423588921177379322250834082489183304374038697487834084609675858746433355728113743766078731283595263 115601609354202621834589397267333675313205681747915195977339457600926349770256582913596382918424247582642502349801 22026728063653939316421736991387141166964059555895060726825543693454317142999558722915663795235267889298029267197380 336481284893283670909410459396751489937 391
0x0461a340f0258ea4fede9e6a5aea1e292ec92371b2601e9424910c373d80d4778479db428990165884b5c3606b68145e965d6bfca861e2709d3e987a7da71da6
0x017c99c586d6d3e52e80d5cd040f23f522788b9fe2e2e403852a62705aa27f79b13fb47be57cb69d7ea9367ebbc9c4fcf8d72e7abceb7ab4fa0280c5017e01e7
864175120484581453683482079962486176185193500155369104423588921177379322250834082489183304374038697487834084609675858746433355728113743766078731283595263 1191289074502441903223097454717063698074995508110176093793906879319266243724603473313149280257116424621433496092664827 2088282018664792254594156786253696157884727456396907129481723781999492901425521952558031984907024223241620980823522212 16247410721986510320129850975739709749939 391
0x00bd9f4d2c2145355c868a031b4cc9e51cbe098020f3c710c29c0227d0a0848350e873ce5ed7283bff46c97c938bc4f4f1ebdc6c6cbe56ea05d326dd7f13d59b
0x0793c3a97d1ce373dbc5da67160b342b82727836ab42b3aae8aa75c70768c0301a314814f0485d8696180ecf9ac81c21299cd4214a9308f553354d8b3913337f
864175120484581453683482079962486176185193500155369104423588921177379322250834082489183304374038697487834084609675858746433355728113743766078731283595263 2132223866636797417870637704404509081335857243870121092423452094426822728638980112197035096198859254972234804623215501 2277654306235639680168630246293470100561578123815365838812979906205886770229525846435833368530465040319871539745377472 -34350530912738007575760276127697518654349 391
0x02e23d888cd69ead2f0c0fccfa78bd473d2743c57a3e96fae90a875447b7a1ac3dc12ca55d87b08b85e54bc581bee290f0be7e0aeb0c10bc75e34beb87ced22c
0x03e6c134f37653b9c48638c17ec71b6c79bf80150b7899be6331ccd6c88908700a1666e8b7b0588a63661ac3892e3026d585b91c442bd7d815e02a2fbd5dc0f0
864175120484581453683482079962486176185193500155369104423588921177379322250834082489183304374038697487834084609675858746433355728113743766078731283595263 1931969145292576022837312812048096571159816833199144049136806080085366553574846494857294381193357024362101035326360137 510505421924197538837899370800223769422289033336961493543629876717181789014794591079942492060065340093584574341368188 81575324489432898375694442500629694283249 391
0x0e200aaf78cc636d148677d0bf5abfec3b1af6e4adfdc7fb5bc91a7a71aca19d2460861a5b22b56756d5ef82c846702f6c4ebab4ae9f74f3c55ae993a00af2e0
0x0285262447bee3dcdf70ba502954383727356d731ccd7b488170f76ddca067b2563e4f247bd821964c154ef193b4c70f2c353a75d3dec32e6b3a21498ee2d694
864175120484581453683482079962486176185193500155369104423588921177379322250834082489183304374038697487834084609675858746433355728113743766078731283595263 2057554127434623285412404400462640906045250294992787905565103287649125916136046858279659951793803189514058324117854999 1312560971261194618125556916642490338404467135858807369803322190576640843942820413290221345566645124972311967687469048 -71523955056747243998099431464660875919863 391
0x01abb9645b54a811ef7eae120a08d912b2d56d43f805ae4920a2f694e4a66d0e42c60c3fb25383355decb9de86f2d7fd5a409bc3fa35722f61a9349186c73af0
0x04cb1110d553ff642f5bf2dc2199e296dc93cdc5ab98ad81c671d292a8a24089f2ad6e7234724c24c585a9385f76b2f3e0ec5a1a445408be0b2d88ed1830012d
864175120484581453683482079962486176185193500155369104423588921177379322250834082489183304374038697487834084609675858746433355728113743766078731283595263 585230920752810139669424898959963602017233808185004178335148029142659002343780626571315027540530135535184249621327709 1591673237258932697853404541211323579539382655373580495976196268134871332890376702761589175574021495618180548629713632 -9357397320695495583396383268062139467427 391
0x066c8e98845cf44c71be77db921f0c3132fc91d92de5b7c6f8be55f51556b41fe0aa9a71dc68a8bf4dcd4302375f367977b3754d84565c5cd0deeb5bc1660ba9
0x0e24db708f5a999e86a87784f57db79b33f5896d7ea92b9169025bb9bf0d750506b1603c1bbb17e189d9f1dd364b9f2b290af889335a1a6ba20bb82e34598486
864175120484581453683482079962486176185193500155369104423588921177379322250834082489183304374038697487834084609675858746433355728113743766078731283595263 1844656604122914349635144384494180804669521978077987228309968193407450969716480157426753156486023951147317637820778141 1634748470341522028450037654693187921484554924410780847495577676464354650203867130961986854945352376091898424593929260 61120243678351722154948947125586905962907 391
0x0631a6d94ddf75f4b7923c34c0ccdf70ae816dd7e9e1cdd92e65d0786113b5e0af131d47ae2caa0533c56fb8481e1caa909d54850232c996088f04d8d1f4a385
0x0380aaa980a23b4b020a89c97426e4a5ead4ef0917d1063b5c64a626f7f34b21ef258eeaac08f5f955abd776bce849f9aa3f18f8d8e9ffd79ec0c7719c4a3ec2
864175120484581453683482079962486176185193500155369104423588921177379322250834082489183304374038697487834084609675858746433355728113743766078731283595263 1261447330606207579244948118281502630006803385346691187530164676355591863331933458409404597798356241446361402621398647 1792491072569164029529587078096794039892904307714122040992209013375787713180488249619886124172990059949854098587926888 -42457301801299115645136623669684151069609 391
0x0c554e86a10593d71dfbf7078b96fda80ff12000a76fb8d3d73bb3b57e163bb4e6ad02a6fc371fc9514cf4a0fdfecad98f22a6629da8bf64b87edd0528dbe2b9
0x0342d17adc2fc1fa0900165ec34df362fce46b8d705381196a4a5526bfe563206d5d57316cd7100c6bb16a416636a884b31ecefcd5da3d2df0e15e2d1b2a23f6
864175120484581453683482079962486176185193500155369104423588921177379322250834082489183304374038697487834084609675858746433355728113743766078731283595263 1276228339243928723134544768086490483375632885585128255498516602556329657621358465984469683790637853314364774785038397 736673863503447871533224567634391363343515570025001157234534346413271344879840976159930397230990889032809411707689072 70253270494339183952754712688581998437699 391
0x056be8bb94158a26965402d5baf0c199da90b3166db5029d90ae2da533049dffd73d77afff7d8bea4bba97025d1c0672620403f322c3f773010ef863dc076428
0x031fa9c94fd921b28c46bbab228c72ff67a71949b0511c6e6c68e91478ce7192c1a641699363f4af2a554d921ff794ec4a0546f9e3b3d0cd6462978bd63eea43
864175120484581453683482079962486176185193500155369104423588921177379322250834082489183304374038697487834084609675858746433355728113743766078731283595263 2411894269560142645264600566791746739523135740608495612777001468714161206254984541286566042070841427619404626479669619 2257807139004300746789549269828238207730853808445678682262916337553499197184620671852028494310676790584818408707542176 -38022658906377670652309894635768487929715 391
0x0ccc51519635144c3a665bf1537c4ed89844916ec2984e5335b195f6f015c3661979624b51f1c8baf4988a44d42fa3112d33568e42afb77547963d2985e3d761
0x0341e11ee8ae9dbb25fcbb25cd534e9d100d8e7a53d418eb6efb69bca48b41cddfe484608f9cb46e7b74d98568adc9e2e1ef6fb0936aca44c2417b14534d781c
864175120484581453683482079962486176185193500155369104423588921177379322250834082489183304374038697487834084609675858746433355728113743766078731283595263 1132931088729884152723966451611742070129574820976395669564164156519815500941004168693052145303718204158149061333872749 2045101342241616726848149421493233256207812827301147591710726791506802239972117833167040956663558435896894388775979492 16937603518072660538685401581960623357557 391
0x098cf3a2eb35c30b94f644b12f46c11f1e69842bbbb89194ef0d0338732878a52f187f4af108f642e10a2450663c00236da8aa7d240cdf4813be9681368ea09a
0x0792cb94632de4ebf2498ca43ac071f1ca6761ff699ce1fa72b344863e3709fb691a906a60dc9edc2f3d18cfda89e053a78ee0113b96a5ff51396cb883f8e579
864175120484581453683482079962486176185193500155369104423588921177379322250834082489183304374038697487834084609675858746433355728113743766078731283595263 2472996643408732603108177423878132568770906103706098797764523497326892086547181651540749752263987853216080852016108961 1472844188810770944140295135786469639374801963506508605621969301051342368331137671411534471112597931870576549351889568 69610529860075077528502431597752431786079 391
0x00596900f1c82062acc20d999cff351e2cc9c6487a023eb4374a58e9e5024af4311bdcb7477f10e2433819043d830cf3f553b3255123a4707feb48b7ae01fc9c
0x02dffc9307f82cc2ce3a704b44cf9c64794b7ad4297f030351754102c445a134855ffa687cbef0d70ffb6277698d3c3575db2f56d9ae5015d5aa75b17f887bfd
864175120484581453683482079962486176185193500155369104423588921177379322250834082489183304374038697487834084609675858746433355728113743766078731283595263 2426651627574966200076569600741958156912727283458615004008086614719462565941140873408699786731751793047923207089312017 1819872640318066390807900854204407390951006244225242653086302947303527326468468481230215990394200154827192827993913412 59292924994302567892854282880670394900871 391
0x01ca8d325847c9f7039860874754c3cd15e45e3b23f55855396fc6a55f5f2b37e747b20ec4940ecd53ef3827c426b495041f4fd14e9510a9940384eac99c3440
0x05bfa43590c756ea5b8859ed330ee2a73561afc4d92221be40a979b7a3788bb3873de7bebbf690dfbbf216c23f684d15d7661e8631ffe525f6d0820a938d3439
864175120484581453683482079962486176185193500155369104423588921177379322250834082489183304374038697487834084609675858746433355728113743766078731283595263 1282339644364135962203965440401370426608774068177445428594841473193459243757863580940714781084535483514733207681789769 1922544524960258252737325324756837530019151092922492432267411312687657535387013251847105626737137313843178362435373628 -36110424554250653494929483390409713676303 391
0x08c56e33f3f5c462a60e60e0a971c07960a11b6b38f2e8a2883b2957f24762e87241d377f11e43c3a7ee132de43f70e4344d777ee2701a002f9b591eecf9a99b
0x004f36419ad9a6066b1705a12ff7e1de0e88d73b509a3740adbedba970c844fccf8544478def39603035b32471b0ff89a5bf9ef12ea81a212edabb528cfd1d06
864175120484581453683482079962486176185193500155369104423588921177379322250834082489183304374038697487834084609675858746433355728113743766078731283595263 2158149081705062670969183521882912873338976829440706891144941123447297203441715851920335426883962615806483230413878401 536235621333293401281772951168695666983876234543860674153885477525000196554385003993536768730809191160958626163294180 82902860125412898705478883582612181601513 391
0x0ae9476d1af2afda4738b283c4feedb97a2b5f3237076a0e1c39473642c46b52b914ea4062d88540229472fb8a7551df69c12220e4a24cab5e2fa95cdfdd1106
0x0b7dd2b5dbe0cb264e2bca1618745b71855de0e9a02dc859396d0eda40bb1349afe96c293c77ad975484f36c3148d7563d3eb251ea5c10d148acb58f62ad0c51
864175120484581453683482079962486176185193500155369104423588921177379322250834082489183304374038697487834084609675858746433355728113743766078731283595263 1425823036924213960015361199726230271466369403032044964210400593312876468890854356099863664324025165907160422862300511 2267553792840755871977148449429688685974235897634648701278713907580386468030646261147826636591505055715713665084633240 -4343742991884272031011918434493863202367 391
0x045e61343de13ba2d89dd80caaf812510eb508f0f691db98b6cb625ceb65f1a6c6f4629fc85b02c8ff14f5b5585f0ff969241ed77e0a4b8ee70ab08627a44e50
0x0a7d9cedc701f9b3458a300f9b8be389ab71021d996dc5e79a053e3f99b6ed980c3fa3ecbd3b73459009e4e1471b99d2a465ef1252429279d75319e8552f3f7d
864175120484581453683482079962486176185193500155369104423588921177379322250834082489183304374038697487834084609675858746433355728113743766078731283595263 513221710649476368933484564137445921226436029765093777744900622932340622638959027719501253445384758945662843214615123 547437552810750043828929418472935359431000339527258729963919430640045276246388362227473229952445276842856095229200820 -48411296110382675477956888961825846668405 391
0x0f6968470e40ef0d16d203c462181f393f7e9d0279394378d5025412a8dff81d285066c4715db2ee86ab75e7aeabccf23016cec2208883b60f9bba587816c12e
0x0fcbae7825a52506c2f62999017a189ea3ed03ebbcd5d7b084df744ba931e5d813e08fc8b9752e1d6691197f8311385b2aeb710cd91a95cd8c9351b6f9dd8faa
864175120484581453683482079962486176185193500155369104423588921177379322250834082489183304374038697487834084609675858746433355728113743766078731283595263 664448313792014195746730878906439822790095911437988875275159010476771504877130376987019253090320837250934649616591911 1657728161593236723936399189973598219918596849228535411701926566961572752619009269747041658138398309078067800846376360 -13673160835762609889384263759016269309433 391
0x0882b23f25d885300d43ce6aabbde0910978c5e855fea20cda083d35eeb3e749a353a07297cd5c9436fcd587911a31ca33f9c97018603b84da8b253e0692fed8
0x02429b6863a66887d1665221602d8133348c8abad499f4c9b44ed1a75405c3440749001e69ac91f38cb30ab9fbc2b3cc8dd79086db9c6e89a2ec682049729e78
864175120484581453683482079962486176185193500155369104423588921177379322250834082489183304374038697487834084609675858746433355728113743766078731283595263 2183320548449062569413448616041190718530884793561024940909779321407161365064762486166727030640704387497985759122277007 383770898242771976394972949107705123616907126265213749148602159941085735614301262357359072191350637664739957993022892 83997895585334233164054666615446606388889 391
0x0e2cd26b8a5f9db29d2d031024fb768987e68a8b0624a1b17ef10da6f67467911e31e166199595cd4146e1812b3e5f38ca6bcc47dd9a1c3ffc6af935e18a64f6
0x0cf402ef65bc89ae4db94fdc275a3d5e5a0bd016b86e3889ae09cf5a4596c3ddab562fbbb4b9331e1777637d3cdc1ceed8c0f99f198b6dd4a7e863d6576f511b
864175120484581453683482079962486176185193500155369104423588921177379322250834082489183304374038697487834084609675858746433355728113743766078731283595263 1979708107878236311080155006806344884923707248438694961411928591480425422538010057632891357965258764252986564731522039 720578522837908054216527938061295403793268175577845353229336226540060706494948090529875682362369810269551100047006124 80111112208559201646604306523887539736945 391
0x052f8059d81965d59cb0dcaa23093d752f6a9070f13a8d037a0e7feee4fdad584206738146cf45bea53a30a7bedf6562d6449c680c6e3e393cd965f3383fd92c
0x0e5b571e291a78deb422f4ff7e735d61566bd8dfd760ace57d42977da083f6d43779607fa7d01432285d7156251ab97cebbe8a4e03b6129f956dacc77bf50985
864175120484581453683482079962486176185193500155369104423588921177379322250834082489183304374038697487834084609675858746433355728113743766078731283595263 1261880837901038165395873436491378642086821352057081113304717840420185956097602717838501904255961979098965528177202879 708371835355722763800617373387635927249011499655863335901215791426218562622800222276534677102563869923860019980421792 70294043983567418801627324234094798103743 391
0x0d998dc802621c8a467973e579f30073c1a976171d493ab288fe97549a2e7bab75dfb513a6376f5e33628539b1fba52f164ccab0a4aeee93dd5a2eb5d1bf45ba
0x072cb38c6769b6895bcebd33f5e3f8acbfcdccdaa388940840985106b88fc6d20a38a818378083adf90bd112a9a9039adcb1fc8953336ed66e3b82adb0b73ef9
864175120484581453683482079962486176185193500155369104423588921177379322250834082489183304374038697487834084609675858746433355728113743766078731283595263 1965455782622302065492456904314192388354531113674441293645737075565482841070891963334484675154959928299903516923020225 2415461124704528996165522203266512221285111465767653196228029474257028496307777070380146581937191326035798116036048660 -15781304369048561222858764640057631968105 391
0x041bdedf1c655b26b2518683bdfa2077dcdbc27995f2a683f8458af8829c16c9d89bc48b15da2b6806595c1dd4671428ea05c2e65fc2bcd370834830b9181a32
0x06ceebe8cac80d3250706b77a2513b247cd2f2f3cd3a24da56e5db0a19d8010322e0c49780dfea2df114cfe60b38fd063252042a617fdbad7d68f77ade6def0d
864175120484581453683482079962486176185193500155369104423588921177379322250834082489183304374038697487834084609675858746433355728113743766078731283595263 481758046079792012602896445915970149189889352591829317836595143347305834611786420264260231706669920769331459838229231 1441113973354297509185259278269823445444895523270805739137334171581505192687870135227021378802284433621163449287911048 11824385619868129887064528788684056300239 391
0x00d40580ee604d5307e9418f90e0b85d893c87114d2cbac7ec32d43a8384c10e24e5865dde738981a397e7c969055900d70e54010fcc1432357a2417ca377aba
0x0194bb611972edd1c7546bba13f7673d48beb2f151846179526f57c2cac5e9ad2e9b0b9e8413994c016d5ea96bba42bc490ba38802b84ae0c31c2a43a7b8e352
864175120484581453683482079962486176185193500155369104423588921177379322250834082489183304374038697487834084609675858746433355728113743766078731283595263 1258680701342108097807078491234716034144496159258301809200534860294621553746528575121696563261178206000831417636681423 2182149333421199826120260055897166426670870865255056161976065358403975981176064958759508020441635302116342402859774600 1539787553501289665629600756264358827345 391
0x02a890ac24db6a1e6b334e2c6b608d137e991b9ed5c898d7ba360410b1dbf3ff717feac44d8ee3a8a6ec1ee48320bea675df04c1fe9ae902202c48fc7dd9237c
0x107ebb78d04f465e8cd9bddb79b976d50759a655a6ae2cb28dba1dae44a23f5d01a5fba19e4352f6c6e2523654c175f79519a4fb348ed7bcc848b65982afac13
864175120484581453683482079962486176185193500155369104423588921177379322250834082489183304374038697487834084609675858746433355728113743766078731283595263 1646090633385365014361631715027468121283081371566226144335359148792935137724385032929961012031745962781858257749738525 1965024251368941558355745504970575142838835749397216119809460837138038531506735502996228283183420248748672841405462280 -44756304086711118260660171506684192721085 391
0x043823f4840a052361c9795e7a31aa5ecdfd97c0838e170fa30c4ddb0316dc22c5483c00f159916d953d46a64980148bef8e1c9e216af0513dbf0c1a28da8e9e
0x0d7623cc8df54275f05693d748e62c50491c84adef7677f07995dab405f72b07d8e0805cc67931ce89d7684809ef6ffe9369aa3bae81a4a06ca787e114fb0eec
864175120484581453683482079962486176185193500155369104423588921177379322250834082489183304374038697487834084609675858746433355728113743766078731283595263 847193267843883048132361320882907308289012450224746798911651225212218138947710936268888652926561036596653630491339901 1316263052083834174685707133691769859388743112265953602905670048865225249665062473635354843549923115653421084287539688 -45923251027449807776289501540975615521309 391
0x009d4ff2aef1052d78080a554df3816ac40af8b0bdb42c03198ab45b0c95374e18c41749fda37e2ca4741804a9071be74b5253c4eace68b6479787762d2758f2
0x002354620962725d586d416d8d2c0adfc9cb13102bdc97221e915c70b25dffbb0682f84b72c97d6a620e4a78b6faa6f592cb4bfde22302bc127576d4d06aec10
864175120484581453683482079962486176185193500155369104423588921177379322250834082489183304374038697487834084609675858746433355728113743766078731283595263 564118049441892263698080803448357984850847195408627892417382704323003127328696018823562686090447445006493534260836567 1570743035432794471351649575749956052109081010255695836208757862442950978704052116342626016984087303272975732411826412 8307603706867504070607539796180793801071 391
0x04f64bd5fc816fc92161770c0822fbf4a5260edff5d1ba88c2a785f5d61c0c57164485db92567a785e2320ad16aae71bf7a2d79a469a5334b7a3cf0e197ae110
0x03e5749f3cbc8b6adfd1a3a3f07913cff9b1202f562aac2ac762f0e489e7b223aa8bdf580755dbb16f20dec976a43a9992d0ad5fb8286d055b825c0d1a6a3ca9
864175120484581453683482079962486176185193500155369104423588921177379322250834082489183304374038697487834084609675858746433355728113743766078731283595263 635199583518973091219853118170023703889034639625646472796775637907240679275234141173486855415705549195571870219233575 1304387023026832472191667972786570974150656562614474106449374584732319885207163396613507168066639545143539554354169960 35656459347596167643093637631753973157625 391
0x03ed143f326beff669fab5bc73b0f143f05fb6f00638598887484710df931ac72610a95395712b018c4f8e1634a4f1f15aba8200c62b2c96732de61baa989e5c
0x0e68544e2071238d3b87b660e6eb676013536f949676fe434c2f3109980421f099d9bfff8d77dcbadfbdcfec9e9ffe09a8d7a385432be35f420b8d3b265376e3
864175120484581453683482079962486176185193500155369104423588921177379322250834082489183304374038697487834084609675858746433355728113743766078731283595263 2360442202700032251206710885650081361822869363207874268155798067653782185974351405687056432133863410303114101482299189 914323467993977109405708898348509839145636717778930254759029030904527841722739285033709853367509933475902578417538088 79756570500597221766741192104643133091883 391
0x06bbb344004a45c55351422cbf3077a4182bc0545be506d59e4f18eed1fb039c81af1e284e1f4faf9ebaad80e483850968edd6f1371fbcaf159e3c029d04e251
0x0b52986a9956adea61d368f6d8e64bd5b9298899932ff9b94d6b25bcd6d9508972313f9e6616bb2412da5a77bd98933c1173701bbcd8ae29d8879241d774b3cc
864175120484581453683482079962486176185193500155369104423588921177379322250834082489183304374038697487834084609675858746433355728113743766078731283595263 339715039132809623909813133278154759336786692825955972383404035863365230852723262755878490072933891046529419231075027 1248573837304313926056107708338530597105088760720893838437458500824344200351090275209760452837860349116229417950672188 -6717452795959311399704706219592826820789 391
0x037de3f982e6ad777cd6e52248223d5b30d3e41e9a142ae03c487ea46c632e84814f7e61ab41f9e8ba8f455ecb248da854215c3f8deff39c5485e87474855edb
0x06704571e22e847f20c25f258e4ff719f67f050c0bd7c139fc1120e29e54a3e0338dc9029f5a284fcb65d37378bd874e30679f1b44af4102ee4e5a0d30673db9
864175120484581453683482079962486176185193500155369104423588921177379322250834082489183304374038697487834084609675858746433355728113743766078731283595263 777129456326901064296185318402444449579851663233874484015174949264617291789586593992507883107308578175349640310353749 1474554162587334505423076402023327750275577908462960709943370404055292419664551327348239652298682166671722711744026472 36339248556269082202150055168618003742197 391
0x07cb0c4982ae269248e20b6e699a70fd85f0f50a81425288153e6d9cd06786461ac420e249eedfdee10ef2c21977b7e872db0d66a7cb74a4a61adcccfad41525
0x0fa0385225b7457934e084ea7c850026091624d6ccb767536a6a6d0b8628ef2d9564f89e6a7951f0216f565268fbda9527816f29806a8ccc5f242870c0be8f7d
864175120484581453683482079962486176185193500155369104423588921177379322250834082489183304374038697487834084609675858746433355728113743766078731283595263 901146527713267093413014828844320448812798796290986496343751718964573658564667757216145225847298148605959009532800329 986277873169490452682307108931777090079350819101560302980981257286202034346326554547283966306760453979060384987942228 56514554345508245700900152683072557517647 391
0x09e239b6a60d14ee380ae6769a03fb62a12858dab9ac19b88300fc35bb07fdcfa546b703043bbe33ab5dfb826ee40e8be867f376dbe5aaa82cf1a43735792eb0
0x008b1548c7b8e3f8836b3840e82fdb9bb6aa1a28d6d793fe647a18a1ac4a7dfb81bdbdbd151c9eef2aa06d9ba64b172a93ff6c3ac23fe087aa1e8de6a0cc81e7
864175120484581453683482079962486176185193500155369104423588921177379322250834082489183304374038697487834084609675858746433355728113743766078731283595263 833956379776684628175731968530177013110697366239937348160929773102853176507693770806943366703975977545174256516580107 301893587872459593636528260751842731155486973326704616835542853285152603133597065663336985452350006103999963193254120 62903393226474177270835216806940903039893 391
0x0a554efb5d7933625e20ddab68aabe49c6b7cdb8efa3208e6b2bb162685dd04da0383b1443e26cd6cc06d493333d08542b4a7d1480acc8e918a2e918f1e82111
0x0750fe868fba167c6b389c894a6349ea124045fef577b45559ffa8a18511e128d85343e043a538de7509fa73486db709b33a4aa0986a2112db7483cb75933a41
864175120484581453683482079962486176185193500155369104423588921177379322250834082489183304374038697487834084609675858746433355728113743766078731283595263 489515609218614670083278601973406724183225955664662919928570170997266839169413729407096428905602790545623360231242023 1454145340587355235626257757044967965833467484602160772738178506682695147430459442214278768746625896129302014031293480 11520080134484932693980464615045855231225 391
0x06f57148f9f94722e8364bb4539bf2b98b53948cae28b6b637ffaa99919c15824be3f1ec99f1cdc620a91805f13e424bf3240608971c0dd324b098d65cfbddaf
0x0f384f4a4a11e954931bc32e495edd505ad73cbda8fddd732b02eb502cd629b49c19f45fce1d99810761692bafd073bb7728a1371101e0eff2fc03533d52e0ef
864175120484581453683482079962486176185193500155369104423588921177379322250834082489183304374038697487834084609675858746433355728113743766078731283595263 86365335527954351418597880238830144467589566364736537382532974336865494412960902975469097206035015228012379118682827 634580095458815030725384334253853635555689325709786515750793387482199618078673448889049276585068814888699708779732740 5424547299508761640047987752637475171203 391
0x00fb1d8991ab594a74bb70d05dcc9a2f222901d20c477c10561212515ee7509d8f7883837187957a9d65366996e0a04a2d6da90a190ce004d73eba594f161e9b
0x074e66096c5299f0d8440591e498634be3a1ba6567acf8d6fddd318c0473454e2a0eaa06950c71b5e3d8fa950fab18d7ad193e2f317dee64f137f85e1f3c8bc3
864175120484581453683482079962486176185193500155369104423588921177379322250834082489183304374038697487834084609675858746433355728113743766078731283595263 991725098858629830863145674624453342150559193349564801366436429230956333559065887130430695067743787835843859353478397 1434259325097224418872948216229016357899645599947971651249407618104036349516250423156252813111345460485646694705347568 -47637554193850601524121892029265128951939 391
0x0f42444df4c8c81136c559dcb2b481d085b99789f767f11c1e6f85caca6128659f5109bba0c24c791644a1f187782f4b4edb725b604ec8d03a7bac85ce1a34e1
0x07f0f1dcc9a32c70e827a1fd3238b47ebea0c364b6b5c9635b3b7ef0036e4f25e6fdf476493d63e403ec465e1ae0ad9996dc81292a0fe452c26bc8306225d691
864175120484581453683482079962486176185193500155369104423588921177379322250834082489183304374038697487834084609675858746433355728113743766078731283595263 2043204617311247229896279995806860353600817824217593084085060764917610781447868567915404031415516552625421163881573701 558694187901096018782547916507439193503942428620274479728582681986507516391949750894878213828293207246087483421325572 -82051325672120607726253974585846540286451 391
0x09f2fa8c72af692447112790367e4da575587b156979ea7af7c634f51a3c360fabc4c7abe67ef5455273f8264778d2b8d9bd7b94813f178f48d3fd493cb63a0b
0x0f1b5b3ea2c2c03fe21196f91165de89babfc9414ec2322409f65f63100810e136168a2dfcb8c0d359d9776f1e3631c655ab1ced3a6170b2a81e11840ff5f33e
864175120484581453683482079962486176185193500155369104423588921177379322250834082489183304374038697487834084609675858746433355728113743766078731283595263 1673620289234803806262559421441050651937734600368151007742407259895051794565609575602712277354045545990142055545672177 1112728991861992459364395945292557198500860496723959949570930088584298801960917280420813118734752183240535736747238548 -71368638734064003481033471617413068901401 391
0x01e142ffd9d22be7de2cefae87ada8b7befa8eaa9117f8fd368756522863d943b6dcc2aac64af921b2d44a4f1acac9709bd40d4f2f0874fdc151ad8d409e3c34
0x0b4884dceb104bdd453b4da983fdd62c1e3947839bd0c0866d874bbba074874b2cecb629f02a7f34d56f08b900e87a07b438b1398864ab15839707315a52a157
864175120484581453683482079962486176185193500155369104423588921177379322250834082489183304374038697487834084609675858746433355728113743766078731283595263 698310583152918970549188252561616745026524951490605604482392942426204378463715268805900950850102856318012321323466217 1741862910657976667397139932002719996036465401531734332543006226739012748309703262536553064198974019563961140449753012 450242673362470524707880368449290996271 391
0x0c83c0e4536a6a19e62b1373cebedd4ac0196e13210e76d3656881647e357fc2219a4d526af540a102f00c615c9465b6049b38ee02d1e7b150b951aceed79b56
0x0c67ed81512e5927806fa96dfa0c2f4c4490c3b24e986cb3e37e0a65da45e9f066eb5eaac8aca33bfcdd1c2334eacd89330e7d68428e2ed98bf3d63df9fe883f
864175120484581453683482079962486176185193500155369104423588921177379322250834082489183304374038697487834084609675858746433355728113743766078731283595263 1354926895071803312586163807794735135231520895456977628594068733977988198264247802344112536951522624188498038788496247 858953618088358854424147856970454002517138557856713510042800824437418916062888766232757868434691102420789859594763528 70209868930811933082781583982812510539351 391
0x076260dec5a2024cee12fdc22784af1299d66ca55e13db1600ec6da97c8301c11f686fa06a77bfd00d056c76f7d63b09d0f2e40507f3287e19c3efe0b122b1ac
0x07a79b52fe1e797252b4a24adbfa5763afdc546bd7ec5c45c26124fa1b24bf0d9b93815cd7cf6ba9affe230da974db77614368d6239478ff0ca470d355eb4a2b
864175120484581453683482079962486176185193500155369104423588921177379322250834082489183304374038697487834084609675858746433355728113743766078731283595263 2348481207118271782041995541723086389861072527312471825838124003955317092160636520883926545526452256195600667328744681 1738107994909967192021965341030848417885922201568462839562794603981820717483382108527656225321182338863531368086848128 61870999221838186962126130704939671114519 391
0x067e89cf6d5db241620e883caf491ba8150d6044b09d2f1d97dcf6f21f2e8f20c0db37e168333399af4824f8dc3f63b0e873bcd1c4e889f279b96152378743f4
0x0cc41428b3080db2684c740b369c1b6d86d23361a9eb8db7b64b821ba9ca56b9f7b9f69efea1df133f1a4b2db64696414a22dcd88171648129dd9f39188aef4d
864175120484581453683482079962486176185193500155369104423588921177379322250834082489183304374038697487834084609675858746433355728113743766078731283595263 2024508484640604313990979273808811388977727936993537117107631882155515118607705922251396445161837673888672231772221957 2388924854080538622142571652948837501838875403240499464138368977957058757552949504782487872750093858958613065217223960 21646423529742355143743576029231963806043 391
0x00b2541bbbfe180ebf685046a9432ae159d28bb960c617ae731ff901a23944aab24be8bc99eab8cf95d7b295ad75da4783637eeb2559f11ca6c9ded8010956ed
0x00cb9df967d2142c4df924923faf6c08fbb64aea8dc3cf253751abc011744ae0077681634beb139fbacbbab422ecf47459f88852411c160b860696d092e37963
864175120484581453683482079962486176185193500155369104423588921177379322250834082489183304374038697487834084609675858746433355728113743766078731283595263 2189052691572258473529499267909086009245150320458705520063757650367029962548088337638504096530260844528109487745651327 2151892116726221476173831363635997304431693073252083377300157508353871417959846985012013127549014685287757185728122980 -43267490850481160223684713606023586734103 391
0x0f2b3dcca2667e7edbedf4752c77bad38e365da2b7a35019e748bdece743028df48bbf3d7b800f3f78b3fba0b43de8837cad9f722149bf286873f7aca9567a5b
0x05ba5a720ea8915838b4487a835461308ea7ecf487b2ef09ec1166e65e7cc91df42d17062bdfac3229b8ddf6f512a53dfd44ba8e0316b91d93d52c9914574ebb
864175120484581453683482079962486176185193500155369104423588921177379322250834082489183304374038697487834084609675858746433355728113743766078731283595263 163152023908459027874502808228238085734041012093298032584457845840582254008858861415183921671378503924592904069801511 583427306707546703719020251921891630552746450458962051394594915208261757089927758337894426327535296054192781983218872 22967161636528561476826403752565195056889 391
0x0f9876760f1a85eb027d47c341dc59fa89937ab729b4535d6d36f23ef512e2f952656ae342679be6d51d624b1ff5b82aa632fd1d34fc110946902a69f8980b09
0x04890687c466ccaa7869c6ca06d3b781261aa20b88f04d59184b6e02df6067bb8921cc8f57d6d43613bbfe5a2ac116a4f22b728aa5ec9b34b6f3e80bd8fdf0cb
864175120484581453683482079962486176185193500155369104423588921177379322250834082489183304374038697487834084609675858746433355728113743766078731283595263 1079247765815820185279336852736262026888937693382854883000815577308864887157673747894808934457804496434652263141913557 973405649492057273778119656097734418243760868403227825244930749942579638565711158461464739115101974009617471034856032 62083521620431443435404157440373540307499 391
0x06558bf9c2707dc1863814f80a0d91945e23e2bcc8cc8631e3f0b5e87cd41d4a560a4092a74d3ea31a6bb5786ecd6ba400bc907996808335ff4c29b48a007508
0x06b6841a643394f4e810e6d6e172d09ccfbf034db6a87f3ff0389a1e389cc3f84ef75e9092b0316180e5f1766449cdc481715fc92bc805900b62be0b5b6a3b3c
864175120484581453683482079962486176185193500155369104423588921177379322250834082489183304374038697487834084609675858746433355728113743766078731283595263 2072073096778191422531857343525317910005868778501394348115577517154801948706777177586382655611745546694435305012605519 1721160867193875617195990804679004373520954100982619588718952689711115428418880576509220952108569980504860493439881312 -60799858867434768565420757095849287974833 391
0x0a76b92d4d1fba9acd03ca0fe65847c23d0863a95d3ebc32bf11349535d3a1d5a899c7c049e3c3b566ae73381601d7f3a5e7be0c7ae69e232b360d63489e05cd
0x0cfb2f5e848717280ae3edee43a1bb2df1bf63fd66d3460f0ec82b410ad4994d4fca096f613bff68d6173cfc9200bb1b6ac6f1aab2961e0c1545789af3eb0c59
864175120484581453683482079962486176185193500155369104423588921177379322250834082489183304374038697487834084609675858746433355728113743766078731283595263 1890142679651807147382452386306894561134911128525141323351121412168857088821778138587955059463764393795293527491988851 1047833824814103172957371802730778716591897735886317254338056525562043167023339496741644563355623837225906934913918140 75009818440430124766744601841954624138987 391
0x010c4b47154a7245baa2690108a0893f844a3f1849f9a240e993404d496662f458f94dac7762c7a3531cb7ff88a0cf56efc04c2dfd108dca185f4346964a5c15
0x0328e90b5c69cf9f7e59489fa55c262a9f2c6fcc24b99d5ba75de14d7867167133a4a1fa2775d8d94f73afb50ef44c274614d4431a7dd0774ce5e3b6d6fcb015
864175120484581453683482079962486176185193500155369104423588921177379322250834082489183304374038697487834084609675858746433355728113743766078731283595263 1348157478102753856961394599057711257421229896074083085436592721863133787593529544171220913898735175178206621099475989 2192380096346864549710104513558547427327086954918152116191755970019946145121715787680463371435527755827462221611210192 -14243232307040875844426056805015512159893 391
0x0612a6ebd17723a5b096ed3fd37eea92122ab46af0dd99a0419ed61f44654179a575257acc7a7e6cd1ce5a098774c0859a9d70c9b81d0f134c39c4494d12eeac
0x06fd74fe214106cfa4ec863089160aacf33158edab54d97f3e2d21c7daa7a31c0239de8a6e8ab7edc59285c92350792ba375f8c70f26a0d487d45aa13134cd95
864175120484581453683482079962486176185193500155369104423588921177379322250834082489183304374038697487834084609675858746433355728113743766078731283595263 1650151559934110478667499380338060351400506674253871199368612617293103690241518682983568114614538100241146444047292459 2360783945348372729619534506192427143479982368281239221183113297914803932089045629412611688930574958883795982550833924 -5502712364577084510834879110385992429085 391
0x05a130c65ee8597f0ca2e671c85cc6544aae92765395e5f6795b4833968a9519d64b3b7fc596e6860d3336a8aa363df0a09e973e3a3cc4ea6d9518d524e8e716
0x0d9cd4850b51e7b15d2357c8f3abc86b180dbfdcfc50520b951d493617417e1e6bfd275e30c0237df7edb235958a2e1366fa24a6391b87589515cc28d629394d
864175120484581453683482079962486176185193500155369104423588921177379322250834082489183304374038697487834084609675858746433355728113743766078731283595263 1053265098731191267044654113325666810528066472640158996856716627047033415215622879544992273508227850699217458721303111 700755500311425501892099025034384815199123051286373915733312152426195539358996921532660846391067325804767960218441580 -65536595898687154097310992086194658691233 391
0x03069ef3353ec4ea91f0912a93d86711d1b932b0c2bd4890e4699c4f9e39938b0f3897f2ce7eae7573093793e9fe9309d50656d10f0e1f2281fb1cb04efe5f7f
0x0e24e93cb9fd3accb17d3209e2ffc40ebe97a666e9586c384c5c9be2d68d87dd5c87dfac2dec746348f2855f7e10eb585c70ca3d82326f1345c8039e3854e2e5
864175120484581453683482079962486176185193500155369104423588921177379322250834082489183304374038697487834084609675858746433355728113743766078731283595263 798939535457459837545963822081333932500299049298658064985259828528969912367810358076583095306894256600530351851143351 1056881885335704708582559245151091780449328713904629971354783747474948687428021547916420398294410575468090663711819788 -51298559758758570864016249713678900604209 391
0x0d7c6f824e9f6fd464d48fd578b224e5a9a5574a046a6fc265c49f8092e438be5be3d362cc0b004a8ac429685c8a8491d6737d490102817728d3e8229ca1575e
0x05ab890d209e8e44f0db979490aa5ea11b825e8d6a0d9ce0dd1a847ab5fca5b9276f4ea4a7bc9968ea061994e77496106815f8cef3ae058e82085caa2b1dd3d0
864175120484581453683482079962486176185193500155369104423588921177379322250834082489183304374038697487834084609675858746433355728113743766078731283595263 413617457899299794231053233663067459249932462993425737946674003998694477454280337610672130713379146171716432837361171 713023125541526332773245513749799623157701240069341401831266236949775600564193019575158389442884512188897695231090348 -40344227218281727736707238232301781943499 391
0x014a0c4297c815a00c94ab49831734247f758e95ba21b63e5523d0f7d4d63d1a403e9b958da107576501594b527e5de6f0465fe1861a5963588674f825ed174a
0x02aa141eb271fb18485615ecababa1492e7aabd53e0c6ccccf1b5d0997a37ad83064b030e88711a63c2d12c13d5809a1cf0bf8b2932258836d531b6652c110d8
864175120484581453683482079962486176185193500155369104423588921177379322250834082489183304374038697487834084609675858746433355728113743766078731283595263 652202194047361460323850747290480329764525696937917392068042583862548939196475513855078999373569967936580000096342631 1176106104302167066615362737619380926373519106848134203265069004656588559385894524781627910640958595001910166782758460 41394391609145161289865947076540311938623 391
0x077f46e21bf9201f3d465a47be2df7c1c6b7c020ae2835dbb5140634b96d0dadb5409ef124dad590684f0a351a7aa9ec2939d0493ddf7190ac4eecda9b7020ed
0x0d46b7609c31a3a739704ef0f4f4b28db354a69e57358ff24ae4a2ad8ff7c8dffbee17fcedd363e8dc0c9223679e8b1ae186e894cfbc334773a13e610f7e00e8
864175120484581453683482079962486176185193500155369104423588921177379322250834082489183304374038697487834084609675858746433355728113743766078731283595263 76793352505533371957774090740100123255498509797926218675769507044629535507140889223999437240754906240336897611664721 590111230933249374144896067034526332921077652720573222743714443157954933698091622133220091748921593937268951266202060 6195946691291757612744832148219018051847 391
0x0656054abdd25fb5f9f0ad4ad2559c6bd47a276ec01b957820ed72e7654ae44c1888a8014b2a8740ac8884364e7f92904658e1d3c12449cfc7ab98dedd5e3753
0x0c23b355cadf4f12fc5ab95a5cb25f8a8a19d4d21f9e869c71738f42b62a8fffcee9de5763f468e220df3c2c380ae8e0590bf602c0840f5c76470767eb628f8e
864175120484581453683482079962486176185193500155369104423588921177379322250834082489183304374038697487834084609675858746433355728113743766078731283595263 2091209227267819492191648342277941203642493000891301266780679043998353048481762727066307276487624454341412224595887341 766332530867691480356993486391045565533115687509416327537102979464152019889882736985561020081216881364157392684608952 -80402414743364813457590508580149181262221 391
0x086033559a1276434761fec997d3beb48c41cc740bb5ff69e4d0757acdbba45dd9e5f36b7f7b53df6606832b0530f83f5a03632b18e3bd06b4f20e486c982944
0x0a65a1b116c1187af8b2e5d383517a5915dab4d250620533964a9e8b293a9903d50ab0a279d8b0b95f2a6be6609c34c09cdb982249385b17eac92994516f2198
864175120484581453683482079962486176185193500155369104423588921177379322250834082489183304374038697487834084609675858746433355728113743766078731283595263 533870376871603205783535529924800821946282161468642811869026963939468509295798557838366998016822332308300229619274819 11770635208004233469827825821987294692253176527153067384346498909756829769256159421378148290458346889434764062567176 -52780426166179072317411006129010636899235 391
0x05301667f148ca05a8998b14e6138a2ba5cbd73560509c371424553fd6c6351a5cccf681b15c8762504210667d8c0f5a3a336985e9bd6566629586b7c5b698cf
0x011c91043ec4c18f1895ea347dbcb75409872c336a97670cc53949f70a06c026c0659f92c6ab3a54b3f6ee520c67185657a967592331a56a16575fb7ba94e27a
864175120484581453683482079962486176185193500155369104423588921177379322250834082489183304374038697487834084609675858746433355728113743766078731283595263 1190591601497080805296711076744115300512607980202067770692165451565493887517869412277004857005440704728276435068386021 2109368049757847824197128366109905811723922554362105373520605645863210627624296052199458176531173457725917561859595008 -12625639612404734857710264333193908615909 391
0x07050dbdc3c03d3e51db61c6e5d36af2b277bb25128f08a43c96f430094a25f67172f8a90954513d7ca1fdb5b0ed1faa29c9d27b6f74a0bb230067184ebebbf7
0x0f6cfd438fcd4322dc36cebda9475a20b7792e7c4d7c741c7ead44645bca0029c98ec6a4fe50bc2d3c35b1bb57618e1141448589240164affe739e55e3e38f72
864175120484581453683482079962486176185193500155369104423588921177379322250834082489183304374038697487834084609675858746433355728113743766078731283595263 2223934507560376982975245706380101010801200034454815060914012447964522774576883559017566128597287291820033614853061581 1050824696235440136083775546199686258836355486474440988179847682879452642766029875538275343610676582463663039822380368 77318735605385477886003644647173558577741 391
0x03025cd0a112c9c705769dc8f72e109bc43879d9ffa45eb865071da6eb69b0aeaef918ce4186e36cf4d3f31c405f746e5a9b839e0d88e4a54b8027d3276b90ca
0x09e25c1ad9e9f888a1291beb887e6d6796219de732191aebe228d0224e9aca00687d03161015449b4f691ee3113b2eed19c9795233ec8f94ff18a2b2a241bb9b
864175120484581453683482079962486176185193500155369104423588921177379322250834082489183304374038697487834084609675858746433355728113743766078731283595263 332462926547251842181903747113791256853364306666611478428106771186715049889680422669693523658349250817635334244694267 1241638696780338418382235326833743984291984559405379375356814287077779187514971737178691530340703803155744791202434800 5331507575477371738189169573093169160827 391
0x0ac3dc67a525336cdbe492bd3be3ff9a4640950bd5cc41fa4854bfa3cc7c9db8df207e7c5031d7e1c448f13a14cd7dc460906944f6d8301c3ff298a2d8d6f7e9
0x09c0d4d26b24bbab41c78cfa8824766c4c6c9b5f85a049a2f4ac78479f4dea30e246986ab4273f8627a3f8fad886da221df66b913e5aaabb6509a1d3b619e25f
864175120484581453683482079962486176185193500155369104423588921177379322250834082489183304374038697487834084609675858746433355728113743766078731283595263 1479522916741088476581208447856010491155177581938510936872027976261726280156406144901775663209871338768338563146958089 2294265712579087633708214013174104974046855206989761113747172812804678192624607385244649285774261082356140633032827968 3274622914340898515415792878233078821623 391
0x0d016337e0df1cca0187d76b8c8df485736afd8af9acd1b945f3a9d7714733b1263cad1eacdf785e6ed943cf29bc44f10b2ee5f31bb8bcef07e0fcf29e947e7e
0x0332d33325eb9e56352287312ff57c69ff8bc7fda38ccbd8996a2aaa5bc87ce79bc6bc3baefd28c9d2580392084dc5437e2b6b31dd770abfa813bf48126746af
864175120484581453683482079962486176185193500155369104423588921177379322250834082489183304374038697487834084609675858746433355728113743766078731283595263 13782109848362262125330849211259086441951153053478538305231943266293554294792194326184959815022082642389281538453187 261676216337233843723840869558333160391654553119858437260451632104499909888358247014488268185404517581884193255977780 -988894080271373489999770167575289542533 391
0x07268ff5b5b9355738f8b5922b7bf274de33493136abec92538bd05e1d3dc3fd4a47149a3fe3232ae895373d7481008350afad9a9dc6145fcc34760f5642d71c
0x085ba96e9d8b9b6fcbb8bed73344abe66c26122fb0be309c1aa01b09343e9427a4a59356bc774a4e18621d45b7e6bc1f56070a753e67183f91b9c668213d093b
864175120484581453683482079962486176185193500155369104423588921177379322250834082489183304374038697487834084609675858746433355728113743766078731283595263 2196640492758195643795944815144324222008151028385021835275716193930628629773878182361095786785080084830316662268750617 784259759215340896666602373267851586201763417321413244972071825162269225648262121058107346671851273870243927844476228 -80774792702202425592028150326305871574719 391
0x07acd0a5f954c91a67fa1b5481c1174c52d6613629ba00c972d882999d2f9bad2a608458a6d4b97eedae1b8a91dc6c73f5297f38714f73e99f0e921a9d7c228d
0x053fc6747c0bab5761c524f443b566b42b73120607ed779d22ad4e2d5644bb3ce1bb5d41a9a571cd01695af748aa8f8c65150509ca983e061300cf6f216d6480
864175120484581453683482079962486176185193500155369104423588921177379322250834082489183304374038697487834084609675858746433355728113743766078731283595263 1420179351212728450537157135712591594629618008814625949895828451504294950779205027482575093000050115785909207247888179 1680444150466687245777368841222241761710692232396402006607119350866312872499586181511797245808810878381433291619360352 51833743759719904319296314187355894610637 391
0x0c5fba01184f625cbea89136285c6747f1d063f9761632300a567ea706ea17409e16c907de9d677c6710a02900a77a6bcc673c1092f49d3575eb839a2a86e489
0x077f2d9c2c527e21e18de6b88aa65473227e463b29c0543a29f76cfff833f242ae517571eea2601d4963b078222c8380f2ceb38fb1f4cca83e43dfde2a4398f9
864175120484581453683482079962486176185193500155369104423588921177379322250834082489183304374038697487834084609675858746433355728113743766078731283595263 2304207354885450875081307908406982879002056501122594672402486489230129094953697507034803598583869502543559946321823111 1786377201071160030153758058221937017434609405104826063991427490415893409752959473736716246602847012340239025600514912 -60092740959344794889438276621310744118151 391
0x0753b18bb02d7561a8bc33629b180631fca788695d29a26e99442104770c086d68a6257f0fcec71f2edf8aab69c21dabd6854d7155936204ae3d9987edc8c127
0x0d564fd9d40b2b085a76e5e1ff1b1307a9347e0ca72ef8d1e81507cd1c5eaa86715537b0a3000ff5716719e2ddee61e117cbcfa0991ea5a4460f5a7861eb1dcc
864175120484581453683482079962486176185193500155369104423588921177379322250834082489183304374038697487834084609675858746433355728113743766078731283595263 170836832064848812114019854260967601642447434881891608251632747292947902856165107882353037540818999152920460200480869 911709601429801373416447885297833691420270944925939361825633063437117165133512744752122133824227529685279018480290392 -1182587674936733707139555959669850359557 391
0x06fb756484c396f9e472b036021f52331ecc9322f94db1fcbf462a308179569a2fe54884001ccc4a997982bb010c39b38ddc3b18775f4df7defdbd4602dc9476
0x00d6fd2522f52cb70363fe6fd0328402f302f2c722eb81afbb46ffe87dfb6892dd20430ae2bb26a57a7190e82f9def240166d5c2ce62c4a8074469ab2c680253
864175120484581453683482079962486176185193500155369104423588921177379322250834082489183304374038697487834084609675858746433355728113743766078731283595263 1726503729152801505578707176403679110905575160356999713412704703901851729298955902464233359002524994543614601986881137 216919549146562841347341689045650086593087502813726699043359550000243965981279141240371296023017718958773934505793688 -81070148430945897688647920811663351514001 391
0x00b978a868952506c626fca49d8f67a5611616613b6998d7b482bf25482e19efbf0727491b066dd9c9acc9d27047ca9aaae0ad630ec8b082c866426118bb5dbe
0x0924fa8c940105e0fd58b63794a87d7804ecb6e60e4ed73dccc97c7706b4f03a01b623e2c8c667dce16029ea776607351a1c95ec83bc1086a398fdc442d584da
864175120484581453683482079962486176185193500155369104423588921177379322250834082489183304374038697487834084609675858746433355728113743766078731283595263 2429970904519002028604227949276869279424088494661824745126677427649924489222247910136562355607880601594139155494990549 2449990067484233944227749274648175120604249876256835788206582071530349162734089069109483636137387519598441423803557324 20074305494180365618464365638577933304995 391
0x016d5686c4f2b89cc88c72f479e08bf891c7c9bbb04ecb5607a0a7de3d7d68839b209a938315db4985bf7f035b0e562aa69f32c2053938bd8467d0b24178bdd9
0x02ba2349084bc33fcc4bdd4f2c594a2255e65d58bbe6ee0c26053c3f923c2da063f6cff5790983267fb63acfd1c679e98b659194187ba1b57e580334b6f9c2f5
864175120484581453683482079962486176185193500155369104423588921177379322250834082489183304374038697487834084609675858746433355728113743766078731283595263 1802042702509075552822822694884855815268999873712342647865070563613816039606151626366056337197946850890640428508125361 1985862723437671139429594525632110920052588453711245262678479539295927625546469132403067962229630572659202071682106728 -46858871669929446596428533742782504366639 391
0x010093b18ad2855cc6ab1a564d63f51ba9a0369713e64b35bf2edd78a5bce325c755a2af14dc41a6bfafdcde295275d189e233b1ee034b3b3556216f8baceebb
0x0257dee632a3df66f842d1a69e2be4024e7cc5f5202380474d7eeb71daf5a04eb2ab5a80de1e12528561ca7bc0c36849c45f89c24f276ba50904f3c7306e6c9e
864175120484581453683482079962486176185193500155369104423588921177379322250834082489183304374038697487834084609675858746433355728113743766078731283595263 843764377448080769752821594861751249370052399425945824600827935282569752535997221991331597521967328372020421286211089 759473849946352543501445371129861306401265736046930489406575097973975932497721852034679065565346641486947849988679376 58592175044971271470742795233734979484305 391
0x05b43602b6aa3fa847d08c1d0fe109267aced01945f5f82fe5887c24589359a70ef81c3c5a86537049344a91fbccc1a7ce0938c8efa5d5ca9de276217795e825
0x004037b5ea35dc4f77711b65b8928daceb02ab70b90845f44bcf4807eb489a1102174c070de4ea348489f4bd99cb7b28a1c66bfada7b09fd1d2f40f27e7f6b5f
864175120484581453683482079962486176185193500155369104423588921177379322250834082489183304374038697487834084609675858746433355728113743766078731283595263 1213537299080697987018412017802826566726958787757184418287434782597120729189289290194359280007284286122549966658197289 778221572661925123947504021839613903905244036595831516219514126101905430104896207058064428926219628851343200549617424 68391762181285443815406544945137515901865 391
0x0db921bfaa02c3b20494b5cd7add69f9020da9580396db82d808738bde72c99dd16cb3cb9e4cc0cdf180a9e3a1fe59cd6945b127da101763911d247712e686f7
0x0558d201584185467de6bd0fe54f2d982faa839106f4528bcade593e7181d108344d97fd36db793283ba6848a11186a8e2d6683b6674a9600d6bee8999df5946
864175120484581453683482079962486176185193500155369104423588921177379322250834082489183304374038697487834084609675858746433355728113743766078731283595263 815335912852349143009184913227115229195966469055302822544372304042128960132088538747751069924738883945689271591768769 582421830241817347968708413469789519459617414602363200135417548869217640056331774189770615419851463977591649087369488 -59971962628844413558068155465554328167233 391
0x03a529603a81b1914fe7b8d588e0f049cb715526d7371a9302d69ef7446f7687b5466b0d0977cbd8fe126d394d8985731312f298f5b428ae864c0262a86305d3
0x0d97a3784c5a99f113e32563822b285350855ed40c4bbbda5a179c1ce02a91d949d85e766b9a4dc9f8a616e18037b175ac7650ca007a8058ec29bd9228c31a32
864175120484581453683482079962486176185193500155369104423588921177379322250834082489183304374038697487834084609675858746433355728113743766078731283595263 1799191353624007146267104892164597927238470263345322450093944647823420300648297216602790418047657799407623443093030987 759595846965505471933061196821445145355497221082022264310922493025407445466344738844453939134447904288208676115237228 78018001187676281351141996955134504009539 391
0x0e16a1bb60863cea17eea98b5193527cefafeb1a648ebb3e04394655f0d2d60a37cb9a0a4ce4d4652e9825e8f036834e9156774beb4208ffecc1e2b5a72f40de
0x008a354530f5d95bcd37fc0704b3506b7544459e5e25370dbcd1659e90d1acb2bf2481e9e31b822f5eecb9c8033692b85e2ea5d44a65989c9fc37638bec3680c
864175120484581453683482079962486176185193500155369104423588921177379322250834082489183304374038697487834084609675858746433355728113743766078731283595263 2044226491954449700983209566534444306978041098724338389865141196285869855397996075110259962509449549265796515714609681 216977364170230060294813832401767510490324315810501455447070368954462249577213179497300400777304151924115257599267228 -83906321530474158788366242055815557722631 391
0x0f1245d2221e42ea22e29a311b743c5eed065a8235fbb3a4203b75820ef363e208a74479ac06781598d12ba90c5e869cc52d8dc0d9d4b9894f52bec5b460e600
0x026f4eb51df4d40a4e75da1a27a12c2499903ec492d07e10bcdcab8952882ced6318dfeb9cc47cb1e94549f74ca5cc024bbf0daf13401f17c3fd7f9e0f9024fb
864175120484581453683482079962486176185193500155369104423588921177379322250834082489183304374038697487834084609675858746433355728113743766078731283595263 1755226277544050816317569084633569963172164337768505971149902309993813243174726398717544673174718941360190918458172209 65823473838337386460790043133480914081324084984441888482157782190598913301216981062362900450674145436195114277490124 81692790423521871529254206094850935328295 391
0x0124a239dbeb06fa76a4ce4b8e83d741c68d4796bb121e7697adb9a161cf28a0a419ffa580c3f7f063e1d94db606ffdc06f7875ce640ffdb337d6c0927b1d1f9
0x00cfb667bb66da99921dbe01460a354a47e332e482c806ea1d858357eef31fef1d699d6b8a4a12730774b29ad28cae7d846bf649c7c725c073493815b273872d
864175120484581453683482079962486176185193500155369104423588921177379322250834082489183304374038697487834084609675858746433355728113743766078731283595263 2305418898859805854507956993431018731688136176686941749955257383268371988597289246659150079174493370657912568724493227 2490722186423183458594196820175289794072699422911990311827373958941162787447040777514780497823750891379363553792845660 11211626146868844034172959432487544250653 391
0x083d569a8ce3230754a8c63090ee497261ba743c3bd843fccb0d5e4ed9ffa452a4005c539dabdc835b016ec562148d6778328b4a2403de9aa980f4a9c0d62726
0x045ad7aa9f3a107f91c98dd336dca191b69005e568d979e2964605fe6cc45b26ca4494cc7e00d5d9d8f10f3799daacd392602b1471557c23257299681e6fb019
864175120484581453683482079962486176185193500155369104423588921177379322250834082489183304374038697487834084609675858746433355728113743766078731283595263 750542560027964452173256309268449823791298750756708625510157819698222633570038966044036796367902393111619292120693509 1406230829520671001804393534886567163661455107994182931713473536686169925416324234689176480063256995162984068847060076 -37949123704267749056799164919298469944435 391
0x05b0d1270930f5b590db69e2282ac44c1a176c90e72a75397b8efdf00cca17f35ee0b2290b256ebe377f8ced35a02d4d99520983ac7819e5241be3afcf23ee79
0x0134890fb47db82f06fae72ca1b86a74727a4a2e82e4d1ef2235ff2964bf9633806ffe309a6f23019345489386a4691f32b70dddfab6e489d134fc455765c190
864175120484581453683482079962486176185193500155369104423588921177379322250834082489183304374038697487834084609675858746433355728113743766078731283595263 1377160524213177713234090465952092455825811495149523379176889333900055502743983784514529815844046278037361475451987487 2246982359316344611048137633767651465610359127822534001727158522345462529204763055631540647705571738826891662317320032 -414910755692600176551398438181045783521 391
0x0e587761ca0eb74133aaea7d9741113f3f0e09c1d30317bbaea020610c8ec03ee04e0cfe0542d09dadf4d5f7d45bb0728e4f57cedf6af1e0c6efc032a0813cbe
0x02027170ed738f4c29bb61a8deb378a7b0dadfd6340d84c607f4b83c8f74f5ef6ce8442c7cc7389a0c1aa26deae6e5985599c70f34c3453cf41d398df98fb03e
864175120484581453683482079962486176185193500155369104423588921177379322250834082489183304374038697487834084609675858746433355728113743766078731283595263 1365867982413622308156470757185019642060070196929711493298149119036359472701585177574875419773490295918203779272137871 126873372718615635534399134019426362985137371173136175313397333443551967624072676012070134156445639856277575554197008 76118126047884492303565263499998104595441 391
0x01437d3c6b35e65a50594f2e6fb11011ef6e7e56f2ead4919084777c7f39bbb8f3154b4e2c5730a56061a88fe0c4ad547aa1184a9cf3adbc3db364219d894f36
0x08d6a3c6cee1c9f31a353740875a0876545cd6bbf2e8f95de7fe0cc66bc49a8f3a362d6de9f877d7bc5c3f2885d1f771db5c50eaa2d8fa918a5bff15288a7c86
864175120484581453683482079962486176185193500155369104423588921177379322250834082489183304374038697487834084609675858746433355728113743766078731283595263 1350158630357273513145473551808491103537469500274144629661373766016013872586450483027190399510227485502899854003496617 145917679187020940367619763434757539219369477035876169636089310769355718896398313691582515839887089148614581042048932 -75800055573293251304166815720686794521041 391
0x0b2278e74ba4dce181c923a0d07cf7a90edf7d9938cf7c5ea43bed3b863f5adc2324ccc54bf469978e582a03fb6885b4a9342f6e9acdacbb5423febd31129b24
0x1007d6b8b5e18c98ea9d3322bd99bbf605f98e327c7a384f6686f75d043afb8490bf19d1985d37cadca67a48b4d19d5d1864266042a8ce29dbfd9830dd697c79
864175120484581453683482079962486176185193500155369104423588921177379322250834082489183304374038697487834084609675858746433355728113743766078731283595263 1668136898643437738424916948565057064809307168084783005333516752073047120044143537621046625851882581084619670370453831 2360576149782489935815121071054477411066960749368200328101648399945949184849400788582478411556903334446610077966533872 8204850697597376117564743064388914989881 391
0x0278c92f1f5fed8a13358641a056b757fb0529403adf80a241c3d46557fa77d73e5a9379d01abfb7307a7f5cafb784896112f6664b1077ca1938136f9a7d3d60
0x05dad7f971a55232b517c77e5573887a72430ff3450db725ac0f9f9d426145adf26a0cb39e2cf9fa2f10d5a5f8a8ffe3390934eb8ecd7ccc80eb99073dea5937
864175120484581453683482079962486176185193500155369104423588921177379322250834082489183304374038697487834084609675858746433355728113743766078731283595263 2102099209108581790621731682849610436491035020948874826497636592984399956372343466662875134631711510899532080566854097 2439299659157285491947117024826089436712688664516394541042016772373084940558734883553485254171147738788712230458334092 -16414602225405616073780854414558640212871 391
0x01c719268510ed662a3208425b6b3bb78701d41d322f4ee50cecab068c35d871cc027851e235443ce51c034a88cb280232fd8973bb6bc768076087dcca2560cf
0x0c39318e418e87b519f76f3e3b8df52a41042ce726b8916d0c79d6abc7dd93cddfce8af3451b51fac6c946ebcc86f36b54b4591299e2aba2e1946a755d4961dd
864175120484581453683482079962486176185193500155369104423588921177379322250834082489183304374038697487834084609675858746433355728113743766078731283595263 811241254895267553098299041271177031370241023382411086381040628349173232431315294320473347502992822213502989056685279 1526645538123772185314306628336225874036679354967019769997669429583486602209923956186822004076380254203929060717010024 -35721365582199564069382588044691044328895 391
0x0a03532981d67f82f142a374edd365e149348a4a9138cb43239e15576413262a318a1ae912689c35b9a37aee1c8094102414159b33be6803e2a1358697d3f473
0x00a1b8fb8ea371e143e8517bc6958261be98c32111c9e6e0885a84f63ba517643bc281de3b2c80d111465ba5791101dc175b941ec55b84f40a176ada34065528
864175120484581453683482079962486176185193500155369104423588921177379322250834082489183304374038697487834084609675858746433355728113743766078731283595263 85668744828123028805204148190491036496692451417764823021394833085086604650367829286910745361832515793421675332842677 632876464900975627917576060925747373590584180425078048045757708890292620241425872882811787670907268845345780206019668 -5291279123789624114821044911112639073469 391
0x0ee6b92bc51e18038ce14db829f42c83fd5b81bdcf9287daa3f3e220befe7cc82af7539a56fd2da81df57c9731b8d260f71cf399cfc10ce2f7f47fa0ae6725b0
0x046d56529201d537bf1f27a37e397f795716fa85c219051c2e8502738ba3615349130d42451b27f0cbf9786cb3f230c6ead2d1cfaa254abef0c81a81670c3eaf
864175120484581453683482079962486176185193500155369104423588921177379322250834082489183304374038697487834084609675858746433355728113743766078731283595263 1769424164323080526098389231184103966574221197964189808609644198090474969596242009273981412070555654535722542902039369 266019340044171756585682900414015491147444715632875605128332381635644955602290011300510683465455194338656164497371228 -81374381631742916782501914103839233686897 391
0x0a811427aa995ec924e308037a70d51f27cdf7c2969c5a13df27ad472bc43efbeda244b206f870f7223b90f05634a2715987b511f6465c4e9d70d8b72a41fea4
0x0dcee652d6e8f6eeef4bddde06356b299861a08af588d5b0cdd4bb6bd58f9a3705c1596bfe405f961a5d36622b98723e604e30980cecd8d7e277c0c49cef1641
864175120484581453683482079962486176185193500155369104423588921177379322250834082489183304374038697487834084609675858746433355728113743766078731283595263 881315386298613389023884569385480335708814278946824374738238516035180202609904179814067842557267735373151015576218525 1716608971199613901996620561566411076396373345374003576775612895195586185365275381917713302505275788504328759272748100 -28892895915627451596846402017504491669595 391
0x0812e25871e57076ddedbc24a81a5bc5d57e9b5a46fb212c80278f13b542884cc670badfc0a8eff5e8488b5a814acaa077feb23ec1e3ddf5ec955c5df72f5365
0x0d62f9db8a955e4f9daa3eb81fd5a8c0bb57223b4942622291ba3d8e9ecedf7d8ad2e841e5d2d11b78e5c40cb7cc529c26d7cc06a017d907c330f7184eb08358
864175120484581453683482079962486176185193500155369104423588921177379322250834082489183304374038697487834084609675858746433355728113743766078731283595263 1277715080434043376840696052001351372352088692164225261785762163967710670753319058096323657375981114860205482402178049 853568252005311506907035337256883340503899909332781170955444473662339077617345188652385085073207191081865436096210124 -68736436567428786492213755861493307871785 391
0x032e00fee7de913b9745625f57a318b277c335929a6708bf6045c71a56e46e3ec923e0935f382b06e3f7575a485e2e82ea82e4cc5e04c8b1d6ec292ee7ef382e
0x00a33224f63a2830e67dd8e79edabba89b97b452d237632f4786acc4cf61c99509207c4edb58638e14212f89e479ded29a6cfb5516e494b3f8f66f9884ce673b
864175120484581453683482079962486176185193500155369104423588921177379322250834082489183304374038697487834084609675858746433355728113743766078731283595263 1135335159137429033523415918915941284520091589200463861242461354911212531406964128322885954730621224432309545483578451 1564326340604738953563800970925221376823380285109954956661051445084049197660251375911731275775564340934042630998006888 47986154355513644449816575466824891934541 391
0x0eec6827eef3fca3b81665ebd5612037b1f5eaeb65602cd68281b785bb48334042c450de40a64e3a577b3ebecd35a542138615fe5f7d8ae1e46957116ee71a2a
0x02004cc2e143975a93188d58b201d8ee24c8071cc177d7c3cb1de401355b7532ea8e0626fc2cb248a44cd5326414387a0bc60fc73a69ba77ba9698fd581bbf43
864175120484581453683482079962486176185193500155369104423588921177379322250834082489183304374038697487834084609675858746433355728113743766078731283595263 691275502276260984328092845943799068277043706417466138362514331488411866128770147051811343820042161732103324781566249 806515685993265338873550389373188089096259448425006689345127103515437564680885476263369348144098212892915817625703676 -52237116322720486082643003107432419208145 391
0x0d4f0f2f245bcc2aa667b8239c97b0dbec1dbd5c96362bda5518b99da4a65a265c8162dad05079bbdab977312eb10368e54c44cc163c4a82ea2f142506253d9e
0x0e1f6bfdbcb8b09b77c8ebe1f13465e59574df98a7a6f30592fdef684944044e5256befa96d11840e62095760a669d89014743e5add4676ce5d9c7f4c989a408
864175120484581453683482079962486176185193500155369104423588921177379322250834082489183304374038697487834084609675858746433355728113743766078731283595263 210435102824515881249643089454118130130302426631229993463254423310065780582034656030748733451648038551203532201951951 1008482407561593519039454632152126061648870593939325851918864564149088609320147460766125961151992414621346494292621008 -27425433243363657519881214712616076879 391
0x05dfe401cc193ef9480fcfa557d5edbe5c29b39df469f071a63e7f31292fdd3be217c1a7fddb322b9ab12ab96ffa852532456895e2cd7cc93a66fe9eddd3fdf9
0x05886f8e2334f7a331f104880fb5dfc5c97d89c89180d10ef54e1e1592a4d124287c0b32458e1c388462a85a99d4f07d8741534da7c146a12d2e61a731af8785
864175120484581453683482079962486176185193500155369104423588921177379322250834082489183304374038697487834084609675858746433355728113743766078731283595263 1635619756057714383977633937879235876026281692347345465170475492784688530369205555094634958783195564385001196660338925 2320551598103787296987001914120981179803873021716219563046644266068435726151714459682396296098278179542499122720185280 14787365215206047645312577650133978994925 391
0x03f74819376ea06e13327611d3f9aa8732f532098ee5bb9d81682b0a75bf7ed5c6f259f713e2ff731fdd153bcc2a12774db837aba5897094b2e2bf3c56cf315f
0x0e4422bee9138d62c17b6e9917ca4a217ff76cc7fc52eb97b23edfa059a9061f1052232c84c2772784ae31160e3be58d8f0dfe152e273fe1b6547b46dde8ee5c
864175120484581453683482079962486176185193500155369104423588921177379322250834082489183304374038697487834084609675858746433355728113743766078731283595263 1527177388635716324474195090925146169165206406428983979059944419258388388700933745979172260825944316042075816856478637 1725632398016948634934846400825110717354973259129201191221612621663602956304406907401221169164830265604544967287459728 52613308765885568374569819535921190121939 391
0x0d7ffab86bb05ad5ddd9f70c8b8415ea1c9b1d4400eb77d6c1733900fc06557f02ec64368f518f7a214322146e9e9307f361eadc7ceb2dbe77e86d5c9c2186a6
0x09d505ddd1a7efee74ca4d314ed4111490356faf63255efaba0da6a4fbdb30a9c27c8d09be549d07f3beb43ba6c097c7cfca878da2bcb00d34557df97549a452
864175120484581453683482079962486176185193500155369104423588921177379322250834082489183304374038697487834084609675858746433355728113743766078731283595263 1061263080376008585850975981392536374679123027075860594505478095895839190728227939979276532687365537155447165003902599 1886346362644016662858100049226082675949484262377162706759869862840165502568275535140861980420853577579136383485916432 -27799655890554950053901657638636007365127 391
0x089f8de0ecb3531decb2c5783d5a83c0c3d8504f77a524757852817c0de6409dce5e2341bfa96f646ba6009cb09909c3713fe0da6f23b3068d3fa70decf8d725
0x0e2533e5713e7124dad36b526ccdb38af382298463d8491e86377d22dedcf02619614ed097058b9992fbce44c76825244039bac2e879f9e0b1445814f2c13f52
864175120484581453683482079962486176185193500155369104423588921177379322250834082489183304374038697487834084609675858746433355728113743766078731283595263 2001106698654943045675342582918881445090150423861155935073134425328835302233980042582473398392689116530473939256717107 171047436549035104900400182629088147990203049580627083863046884690720046369457815861175628801788778102386473254673828 -83732254495181028019174795995885291042091 391
0x087b1e42c84091b44fdb15e311eee9e4e2e24d92dd4ca5ab042e28b5c2f349882f67bb6bafaee204e64adce9c06266b12dc2429f33e9283f90212e92f1b0272a
0x099b7987fd7a805b32fa316b930cf710451b63ff19e17d4e05b4bcc56204fe234a6a221f2253f08232d1cbf027176d98cdc2c81b9c6fbcb0508f07f9902bfb9f
864175120484581453683482079962486176185193500155369104423588921177379322250834082489183304374038697487834084609675858746433355728113743766078731283595263 207967334939671401155233231738478696714416944197117741073513586498009796211512676706518163803082383293354983777541341 998221746969718303602000435891268041337373157233063816141439684111357069449697765750006684843371892310859593140935588 3258773754795589330057999033313390520219 391
0x048177a6aa8875f22ce698aaf88ee37918841dd983cc4783eef74f6e1fb0bb4af0d11a9b57255149f4654b7a014d455a855b6a4a83b8dcb949255306c84925be
0x06752ebb98f159257fd28bc71db3f88398d71f87329f8bc0b7e00d43d42569436e60b4e223f32819b2b76a0021c3adcaa907149cd510767bb6198d34354feadd
864175120484581453683482079962486176185193500155369104423588921177379322250834082489183304374038697487834084609675858746433355728113743766078731283595263 602250960677242274342803822157316767356578773389844212400052745665038906582098642566126731690646888773347312759633975 1551127171899270046230125439511391512259420513570013979036509196710417254253560895786409677482442581340578165677975960 17634093401366410429886517056598597893655 391
0x0f81a1005bbbb8c13bfd64b81be4ca3848a13d79c3c19af52405d820f4d7cee0931ffccf7124cc2d92c6875488bc6bcc09a6badb0c8ab086e02ac7145845e2d5
0x06a772f82dcb869d814bb8def1ad9d2fbbf2113d3e78a2c6fc07d7aa146b1a9ad31db8e0cb5bd53d5fbd7127651f339d3298e79810c783033976cf47ebcd14bd
864175120484581453683482079962486176185193500155369104423588921177379322250834082489183304374038697487834084609675858746433355728113743766078731283595263 1492648325164364355312714098587306579418302514510736836213097935545846794445682123033814269959939120497178546461386199 2114517297947897500878375885784057967962247376823034409027330203604743314929188367124478626430131204733058790512133688 30971106086573161241532592266467530739383 391
0x04d632ef31594a5ba92b2e5d65d6e5751bc485bcab2f96294c52d29bf10ee419abd78113f98c10c41469e8ff38f4fc8b33113aa40fc3a26bf61e4492144c7f07
0x09b4a612e7a642650b97305490e81b3cc3acf43a1edd56f0e9f779128dad1059c6d73cfd89127168f2378c5df09b93a7b2f44e3822e92b05604ccf07fcd938da
864175120484581453683482079962486176185193500155369104423588921177379322250834082489183304374038697487834084609675858746433355728113743766078731283595263 2318830494464341852920229196655589640853442581335440205346013991302479057398821812429437113234735068917954312910384249 667464330951680250539685949391219581655887604414417377462003370981855995784508471947527939140537842511048183848717992 -82434372719109061658300295981794873576807 391
0x03c4b31819101e63b6fd138a53cf35b10f704d084073b1dc00963d2764d213825278628be2441e66f7d0c84eb85160620d8a572bdb3e0c28dff8e77f06e7c76c
0x0cf51cfb481fea14d76f437eb73b2f9706dae93242952345d03e8ef7d1634b66a5a3f136dd5d152ba3efb932a70c3886d016a6c2399aeb4c96854d4e60adec49
864175120484581453683482079962486176185193500155369104423588921177379322250834082489183304374038697487834084609675858746433355728113743766078731283595263 41682883619884117227335932214684769852757200646759317705248062165256152517352491220648102074520856311516306720934673 44069879347863961701746176740148026129791260014164927266516914275510662799473646080505553687835796262076263631852600 15459937398411403978767612709657223654705 391
0x07c42e7ce4a24ff93d31f23714cc1ad61aec375318eec46cc50c2fcf9edf17650c459c49bb209583240709255b622d4d2b86c7bf8579049525dc6988f5d1cbca
0x0dd76163010a7e6be8470d25582af00878d4348f8caece894799ac9c413719ed785ee1cbb1e17e96d19301f668f0b57710a5b4136033bd1efd93374f7eaaf18e
864175120484581453683482079962486176185193500155369104423588921177379322250834082489183304374038697487834084609675858746433355728113743766078731283595263 1136176485873918736089589103191848111272630441504431419664216914998827323885790241020727769455471384930547916470641069 740377594712144312222362166740578438175868549844801080395562524023570626440820399066272948386494941057275896909280676 -67102848221908756763345243785530354569035 391
0x0505f8ff56305c68026cd465a6b678f4bf94408f1106553adcd7328242b5a643b5b69c48afe0aa03a76cff7780784d07da78a94a12263c0b7c72955f979ab5ed
0x0cdb0126ef3dcba06d0268f790f7e0ff9e46d80b5906ee04db2bd47744cb1669dbdec921f7ab2098c64dceca7b1ef484f65a41576bcacdbd8e302f0d68543e74
864175120484581453683482079962486176185193500155369104423588921177379322250834082489183304374038697487834084609675858746433355728113743766078731283595263 302773493310415600677146467633323767187182828788289950738437635265859718555858194314779504958098045851854645824775989 544692974838090982114704101971542402260687711405074166322321984394967052689371934442537595535874708275829722331548628 36299169440321626640040987205480835569347 391
0x06bbc0cc82d625c3506d3acd77434d50510c11c51dc868b6443f3895bffd3582b54493d9c735fef3dbc85a3eaa3f92b18dae2620f4f6691a4b1d5c570abfeaac
0x03f17020905fb4f7a59014737707da56a3630b0f6da6449ffa1858daa7bbfd6beecc1921d25e754e518a76c2fbef877e2c5779a572963283f8b62342d52dc0d1
864175120484581453683482079962486176185193500155369104423588921177379322250834082489183304374038697487834084609675858746433355728113743766078731283595263 1301796871655753299601062670276014994733085656870247283499798811953810582061349402185191347945727525111251097537082367 1637688583861238939899280676090184923295214246061789983732218867876353594669191515952642432206904622726869310350347672 50327788079937410499476365783207646203681 391
0x01227a6d37674a3a696a10b9a0e1887fa5ef95f5ac4a06f7bf1d99c847d5535384527e014a0889630e0f060f1744be7c218c7dcd3bb2ab0bdc2b80649760dd80
0x0c6c3838f0a50b8709a7ecf91ee2c1313e29cdddf13e79ffc3156ab74e89569d04ba43932aeac9a37658c6ee928d7a154569ae691f1c256067ae971e3f863cf4
864175120484581453683482079962486176185193500155369104423588921177379322250834082489183304374038697487834084609675858746433355728113743766078731283595263 816905092049710369711606888696898816075696737339802643580446507484239196910017755577021725898373683307428061756353075 1816517776643963820723637829743742314713085340584022418852580846320559200476212854040295139792096785708634402094407760 -13303951049911407845402384792505931445325 391
0x0003fa82cd3f62805150151166bfc63c0397d7f09fde099fa1fd43563a241fe48adfa99c004739f92e56767ecd0ef6e252a4b4ca6eea45772448ce07e7190e94
0x01354d0a06921ded5f49bf44b71536b887eb750f2062ea95b51a97c64604a7f38c764b34bc124d1b298fdc5ee73fae23bb00175666277144938d54f7cbc51f7d
864175120484581453683482079962486176185193500155369104423588921177379322250834082489183304374038697487834084609675858746433355728113743766078731283595263 332469984946061974665372635645520223477247207787564959383197395791996923281197525625500494225392619129777146351791277 472574948690405151349004514580830387030258417411794563449557036670533204980996517914533102481541789144252109157645632 39420901999994715481627815655830697339731 391
0x0c73f305eb75afe08a3ad296c7a13d1a3876ff9bcc964f561c860e049b73245469e018d0af7e1fffd9ef1d37885a8bb28d816660846a4df1184c4c2c6837b20b
0x0efacd2cf66cb22c912428a5a93b39e9e4fbfe82d31b4033f2680bdbc93b1af66f082ac4bc900818705b8d9c628d1a5179380349372e32b6ce91b0f5ac6a9ca2
864175120484581453683482079962486176185193500155369104423588921177379322250834082489183304374038697487834084609675858746433355728113743766078731283595263 265941924811469358709631018227177731712612641864056310885781243333743756006061429273274545974611966561010831245442287 1115657435988654339298286759122545960142652240995323783576649550089785399970533445676497501083174347296086051518898212 -5469268844137222676232977024316310251001 391
0x04f182f91e05c37cd909a191b6184b9ea5235f8fb0c24b829b3b590c6b0c16e400eed39e27d700163dbcc44ab6a0db8b1ccc401eaee0185d224ffa0ba0f9d08e
0x0365bfcc04fc0ec7941fc15ae05369b9314a4330e966dc810c9ca92bb1d489ab5f57542ccb1199b1203b224a85c80fa868bbc79a45ab544ee687b006e9b9fe1d
864175120484581453683482079962486176185193500155369104423588921177379322250834082489183304374038697487834084609675858746433355728113743766078731283595263 1533853865110925949945507105805937573490618569129866327169588277502598990263407713078833081048335057992683204072984701 1350009172506833821357092061987712967787971104708688200874412694473687874410066971307208160466233406233960498336139132 64189855972019794681116483515739335084411 391
0x04f3789afbf19c2890afa7225dff30e8783163b0165fd09462fa2c230258e858cda7f8bc7a3f6b7f83f9cdddb4741aae0cb677dc1b29157375066bb43b3f45de
0x0ec9d0ec826dd5009e8a982f82f86ed0f4883bbd86f5a8abfbc65bb8ae15eb5de88fae47d2ae8cbebce5663f851f7a71c93cf83aab58515c8ca628d232bd11cc
864175120484581453683482079962486176185193500155369104423588921177379322250834082489183304374038697487834084609675858746433355728113743766078731283595263 1925300230544213257378944265801085180793315551265881255254256521379194432517500368020760511991522350800240143459839209 1884941996897235234541133981345288879031527173988708815534513651547593393372565534120484242226851792182121089464640124 -53249550733505747655276417513014781021295 391
0x0af015e8068139ebe4cf600f4b93bfff93cb46a5a4243a754ed29d0ce8b1f3db86a47e3e5608cff5a02035795736a3104aa208f6048c85d1b76a404c97538cd4
0x0edfa1fbbb07ea9db20019bea7f8e500e1f9e6d0a289dba8ac80386d283b738d7d329de8382b60982be974bd63ff34591226e1ca5f502761cdcf2f33b12cc9fb
864175120484581453683482079962486176185193500155369104423588921177379322250834082489183304374038697487834084609675858746433355728113743766078731283595263 686767114693340651059680536695606684527687134515931796540578081889480501449160119735793849973482715798724906383261275 239859011146259828982371988838852339107206485251531167519722206469499859220221782794592988300162136352582315990650520 58272827690928841737677976630318756841915 391
0x0e8e9bd1ec89aca0e55e68776910fd0d5f88559deeb3079ddcf6de1bdd78967b38d1a1f68692034c5d8468f0868a7277825ef2e6ada6ec44a3642f9ae36b1c5c
0x0113f1c59da16a60e465af9a7cb20ddcd3d46ddcd0446540e449b983288cc62d9ab45fc98c06901b84c44889100eb75d3d8fc94f2ee3c3220bbb2141aa567237
864175120484581453683482079962486176185193500155369104423588921177379322250834082489183304374038697487834084609675858746433355728113743766078731283595263 285734407751582278445717926725257467079302675842317095812993090297570269530269123498950337905787230134323331412238887 33597344930717148499267562106719949058299589386881928254055578363921374039375247587295324149765077744201166856247788 39646016901327942674314826823867856641599 391
0x077815a348074d913eceaf0cd8d0679340cd19b71399c3964b148ad99b6f2cf3a875387f0a70fff8a284c4a9e4755315af03c78d40edf34912cea1b7c3ec865b
0x064f52b663c245ff9f75e2ba464d93a5b20d4a33e9e74aa4c3540c9800b65d82f1ba33376c5623c6acd69b4905707cffd8070d5c06cf4917f73a793c7759ab26
864175120484581453683482079962486176185193500155369104423588921177379322250834082489183304374038697487834084609675858746433355728113743766078731283595263 2449699185135816824945667345930298989029246652124469383218302945838797167488442688431458783807204936045603678304745469 2517184179354578139720596076912353217306679016990876813923509314056538431474996974268097387096070487360854435007572988 -4526940600018672361233510313165156681733 391
0x0e43a88d83d6b93cce70d537189083d2dd771c3f1ed545a6d1f9bcae001216cb8d59731fe5db4b2e6abf1f7568dcffbed36cb91fa0583589645e77f3c5344f74
0x0d5484baf34db0f77b15be4edcab75b9383d9a8bbddb80efcd2ed03a692159121a2e3d4b6569ab927d134315c17783c6870943ed2e12ce85ab796c829fe7f6e6
864175120484581453683482079962486176185193500155369104423588921177379322250834082489183304374038697487834084609675858746433355728113743766078731283595263 230346313188047179707861686554309860715878974799541137683588146943681042154640778843659885187384176167473877029741657 976938304850249636489978131935905119022720821437329462370710615896748695298534502560873521948941960157395308149055212 13361192239968475680656518697338922491969 391
0x02aeca70f6647dbcd2792d0877dfc1721cf69d6556ba36a3cad75906b04b2d3ce27020bd9610ade827cfeb82e3af43a0d7cd968a50f2343cced48659700dd522
0x074fe876b7bed706f182640b32ecab43efea1d361c49874f157e8ed1b098102cae9eccb719967505b17b689a09dae846c6952e13f2613440e4536a7b765bbb70
864175120484581453683482079962486176185193500155369104423588921177379322250834082489183304374038697487834084609675858746433355728113743766078731283595263 510869179086685915436012509780079907698703936668167148714173492150730644027209010916368167225437896795594733191461537 503825273756542202767533627154819684416326988927296699841978585924493508145540883320454909308125822356753113398001300 48844301131324751815016947678501458461367 391
0x03a64bb08b5cb44d0d73fe22b3633c65c3322c94d8315ba6257c2f9533ed4ffdcc34c319eb8e053944ca8d845addfcb7679f5207861e288b1fdc5cef7b42945e
0x0c6685086a98e8f7adeb5e5e1e6f51f894b84f3e8b5ddf5ef1eb5bc06cc7e2790fa4a5633fac2a15e507f3d585bd385f0b1c0ee0539df02d1bd0cf19e7f5d46c
864175120484581453683482079962486176185193500155369104423588921177379322250834082489183304374038697487834084609675858746433355728113743766078731283595263 1619130332370691243475234995604470263286098253213083133586264326184137722562388202777999712299477762770497149270464079 1578812586263333297882369908155430443350682369325838259399533489077284538385232997983529275555206508656756929518060468 -59425911221077851781546199294187382501977 391
0x0e1b0d2f4ff3bc2f1d09616d4673b7803cd5a6da0f371342beab0ca66f7f52b34374bb8d6d789b817d6c2068b395b4e3f90e023b05165f30ab0f05b02644a7af
0x030e1ec6b609afdb3460d99fa19ac02d7c17c624266ec6662c0886bc2d1a4c422521cef691efbfecc9201e251b4b56500b7d7b56c5536b3a946a5ffab22ecf0c
864175120484581453683482079962486176185193500155369104423588921177379322250834082489183304374038697487834084609675858746433355728113743766078731283595263 514786846477733899456368222154617270006721965794805101300656444565275009178994684143143418217991836115599911436142617 1522108543839035071137034086989887293656319501665692789098736293621002351700810389495862254711120666429590051552229048 -4094141871693447062496297775495515751111 391
0x064f758b9853d62f3e6b8b7cd8ae82fc3eb7d895633bee7f2073bdbf8004c51fae5d31fd3af9a9e13888b81ba3a27ebcc7b2d8e584817665d72e8503887241ce
0x068bcdc78336951537ff31df0e61bf6d3464f826e42e893723d190091e022780e879853b4c48a22da22cd8359b1916f52266dfc0edf319ff97b477a76a6de869
864175120484581453683482079962486176185193500155369104423588921177379322250834082489183304374038697487834084609675858746433355728113743766078731283595263 2114551119548480374324535075068985436092404858806576920763314161235890424061159091929942899117029178488415771690390407 59923854492559076602501962659103511231700758919566177839980566339456723316142955701179471697203207725826067147383380 -84632071255340119309669184319002602992543 391
0x0e6c44985dd80b32885f9529233da30f8ec30851766d699da8a89d2e5438de3e359a0dfb9395ddb8ff28a23ca564518c174117708159533e2f97e4d6ee06dbf0
0x0e126b91e2ccaa29e03197341e0126cbc7e893f67b6bf2e31aea5f97d2f75a916ef3c97ebfd619b519493d6c39c5cb7a0d3adf4411ec6eda293db8e40d0e2199
864175120484581453683482079962486176185193500155369104423588921177379322250834082489183304374038697487834084609675858746433355728113743766078731283595263 1192537489829371320909357154805132651402861364097676657816487972423901998146652588299388888166435616395436557121172449 394732914812504076234479432266141194097661980463082001682828883810319782229087609840605159245470607381755003078799372 -71650939181307177728430526985575338853897 391
0x04582a7e18c5f7eb6e077fe0b61335a2a2a40062584b3f9737ac2ad2c9b43399b2a571843ceecb1a175d8e51c922577cfe22e9630965c252516961b249f12057
0x0eb05b5d8055247f7f03d46a737d685eed60f2746fab866b16448163410d207cd79973aca1445ecffa42fa3d0ea69380d9c93d80dae9cc14e6568d05c4fe88b2
864175120484581453683482079962486176185193500155369104423588921177379322250834082489183304374038697487834084609675858746433355728113743766078731283595263 612565886259109454319680036945707890043579999857346557011118249314612688795273810315070219339750526968918680654827467 966479629331816841332585474882984112363846335712427028163692941727051274244131209755956368699704258524410567098188952 45386317683116920371956658197574930365739 391
0x0178d7c06a89b6b5d091ebb430768227db0179836967bd04fc808f1081c0fe371fad48d0838639c06dec883cf0913e3ed697417e39f42e6249e2681225eb018d
0x00c0b4d75ed6f61489bae1bf3e16ef5fb6fbc386f30d8c5990fed29477cc47965d6959ed295e93f9d067baf093a260d3970f335cd461e205096ffbc804fa68f1
864175120484581453683482079962486176185193500155369104423588921177379322250834082489183304374038697487834084609675858746433355728113743766078731283595263 2315094759694856349464880972855289666099638161488236727014760254828348978907118673581072790390169563045161382970870775 547843280977584036757347268816954505873234656656697815075426577096034696399907185974181393453981357076594440962954000 83437887311365849922186640371901896122505 391
0x096be494eac39a8402712e6cde0b6dfbd1ad1d1bfa5fa6158798981dd63246debd4ca92c2ae2f486a0b5d7689173924be0c25e665643a60fe82a2c676beefee7
0x0583f1d3786ef5132ec94cba5c043c462b48a22dec7be03cb2f69eabad3d90863b6de990c549dd56ffbe4601ba93f00392271488a2132b2c00d9eb3d6e9ec5c2
864175120484581453683482079962486176185193500155369104423588921177379322250834082489183304374038697487834084609675858746433355728113743766078731283595263 1487728094603250888937172584846883861857822346255095216580069892037615711982370039480809956343826396794553304769523861 165873649996951315123002350476719463196888100831530264382275185281135871397091957699473764460094407617278633378281888 -78035611882571071830670639256150343744149 391
0x0d1f96e0ffca2c51c9e49d3898f7627ac417885ff3754e4f28275e883ac5e798622594243c8e89142f88ee13357f6aecf1e0bcae7f15a6c7c1d529f08a5292c4
0x09ddfe7f89310859b654eaaecefeca7d890ceabeee197b23f6dbd00acc75fe6052520ab954b3f35b1ee1f0228ffdd80d05188a8e7a8cb8797547522276aa8281
864175120484581453683482079962486176185193500155369104423588921177379322250834082489183304374038697487834084609675858746433355728113743766078731283595263 1004860616386160573621612615283314195772476416117040420758709670588377841888648120157683438745248013341774901604387725 1835546013788766409910703531823978830168329900309972173416504543521531666346941989367398387962504698753079397495757740 28236301439147048818617058764935225126955 391
0x044bf49cf7572c34280ab96a290a2728fcdccf6a2431a4d402648305706e59627f87ac2a8e3475883404a2d38f1e604f962c6088ef12a61813ccb76d1e30366f
0x0445310c3f0421dfbab4881a309eade4d4d9e10c77fa481931662f91f452b7a51360917c8b66af26e219f6dca2e86caf61a3da084fff976cbb77899890569bec
864175120484581453683482079962486176185193500155369104423588921177379322250834082489183304374038697487834084609675858746433355728113743766078731283595263 4508944151268139318041537420991011964932774049880742541758108410330597672033443020577353720755604223389939489780999 143413574472677197701270442594897482044326801014707992503188955230041772924256253400367127951803297392669312317910528 1578371178753257325454797646251938728697 391
0x008a316cc11b27fce2a7a9567358ad04ed9d453b939fddab32f618bae0d0a02a1aba132c968ace82d274e28dbb91e5c7303872b024262a68afaacf18cbd0e3a5
0x07a4e9e29f6be307ad03cf5b66697a7e4b02137cd400bcbd4c0f64ad2cb3dc26a99aa4579146383a8f53c11f1e459499e88cd33c6638984e5f8fc24abe77940f
864175120484581453683482079962486176185193500155369104423588921177379322250834082489183304374038697487834084609675858746433355728113743766078731283595263 1580800366341600326016023306078714882868213484636460169428402033434960696389016273143590800363901586910799987655029773 1437872479828375532637202629995365653164129581300318648522185135324150672458722240329789836512908243900623304556282640 -62782703343204078862311134723050997343885 391
0x001fda3463a76c95aa44f37f0fff23bae1b1d1668080362fa5bc96986fe21ffde1c29c8aca7021dab7a89fcfed1ef72bcf6a5c1b8fddaf9803b0d06abb5d7d54
0x083aab0949096a5047130ce714a37d04f46e28b7d0bd7bed0b622172dcf77b9ffd83e0c49b3ea3d21ea02c7b43ce70ddfd09846065e0bb4882e351b7e00ae360
864175120484581453683482079962486176185193500155369104423588921177379322250834082489183304374038697487834084609675858746433355728113743766078731283595263 733728320343243608739100887236366308709455834133613956188127001544647042573612016476187639742624038978539676824370499 1015945392445904993561102891192878599134078015798135760958494330991779897694419140350528916381722027732118099968421948 49646821572088023921573484582268990128187 391
0x04dcf033768dd25b147aefc1b0a4ef0eaf08daf5d7d944a3a6cc14408d449d50a19b0b0510eeb4f5c40c0d5b29bc41d2ed17f809d6cda6e899152d85ba04c966
0x023b2013f283a45d21540ca68fea7da3c4fa4dc851455580046c45efefbb4c733ab1f8bb04c624fc0f0eb720e1bffa44f78757be645eaf8f3f5a30412c00009b
864175120484581453683482079962486176185193500155369104423588921177379322250834082489183304374038697487834084609675858746433355728113743766078731283595263 886804406563495789858212178104319378342794213502910107263358924837886474053696233096288887790778550935060586836372767 1815252987818435744620660799944748983555149222041007246391760445454209106886243360321608014548502804927009972087885360 21270823410682264645382328386628352088223 391
0x0f873c5e6002e7de12bc5dfe8e0c7537a4669ec11172341fb5fa9736b3592674dd686d670d46da88299f681573f9de76888401e50019aa252353f8ce6ef146ca
0x09036a02b034f25216181663332aed2934612cace785c7d47900b30df603e24aacbc0d90bcb7e2b4310b960c9d76683231904ce53eb29da3eef4da3222bedf06
864175120484581453683482079962486176185193500155369104423588921177379322250834082489183304374038697487834084609675858746433355728113743766078731283595263 1027832653315519196385957151626806436996454279302436273169248560643178915983781670602158473413734144860714899156052239 1060284109598338972280593599304635725918348900643445902374072809012187148087411653749542322791583643555983370320604628 58950884309499173339830705900819670543847 391
0x09e4b801841b8902f23b856f619f46e8c31683bacc32fc241695e6c775731cb89f065461e4a31c5fd568d91bc2cef9a6b0f76fde4a959df681acc037ebc6fa42
0x005384bf40cf9ff8dc777e6a167e84ae69a19cb624fafe44630070e086f45eb0c990c25764b33d1954a38793df0525fb530c841fba17f9149a790dbc704463d1
864175120484581453683482079962486176185193500155369104423588921177379322250834082489183304374038697487834084609675858746433355728113743766078731283595263 92758098610314588067279501825341835088911192854056971537854018205035121353872057608843692568130198908424277269972839 98174453787300604726490149269695844341255673193545040707378337425895308652980427052016632804781336361077950248152188 22808788244353678997424793873779858453567 391
0x08b5a792cb8b06d48acb7ab50bf3c60cc6a1f2e8a01e30309f8cefd554bf2bf64dbe2a0721bbbaab1741da205273e8653ae0e24d6e14b7f343a9778ba53042f2
0x08b1fbb0b6dc7ee3d5de0d12823f97afde5aec031919a945a6b00f062f45c79ecc9bab48df5a7a17d642dc9655bc8a74952e3c77dd414105e85be504d86e4e5d
864175120484581453683482079962486176185193500155369104423588921177379322250834082489183304374038697487834084609675858746433355728113743766078731283595263 557094842321822010971690204367227558233093903583005751574733826161724305842135948449114278806573435143424447817622329 327450009608483856948080001293497954905516203975724017675081891494839724495561658746484312764448827233035031651757024 -52612543033215234213925426643549880661305 391
0x019f46670a5b684f2194edeae1b81adb012b80c8bf47cc429cfe5654766b9223855f5a73b2c08519743aea2c36bd2430bc90523268964341c73f2f61c43876a9
0x0ca7ad66a92f57bf331186a72845ecbc648157f4b9efce3cd14465a8995d8041db7ec2c908bd02bec0dda88f49d42af5b9f239214289ce2506fde80d443c3edd
864175120484581453683482079962486176185193500155369104423588921177379322250834082489183304374038697487834084609675858746433355728113743766078731283595263 2111946115454697660008104012618625046967061466678146502568642373290638386092817701164800454103025679704854505829838849 2248607384592367521501642034704092274944949678380269864976550859243962949910098080615296633322571839361950838975522592 36240059700810752826081273754545139323393 391
0x0b00dadddd8ebd02f611cb2359e8ba956c2682bd37308eb1d0d5ff721e5adf0e4bb5ae484394dff20fcc722da3927b102d27b980b7ddee37ca4a7debae232e76
0x0fd10d856b2ef2ca22c5f51e14d13943f97d97338623962796bf7a2e2347185ad8c29375fd7443173501ea92e93bdebdf0692e402f7ff4950488bc76103f3515
864175120484581453683482079962486176185193500155369104423588921177379322250834082489183304374038697487834084609675858746433355728113743766078731283595263 1279557986641210618963196034301540144574693427624961040635317425061282895107311979694475986885204003398697500492625761 1088556397334912556500924947583197584397726672113700207932296778275737817297934600477162825804959528936090927897930772 -64822013355634811023000796121830544394761 391
0x09927cdaab90dc856f567023c05db2ee1436c420c4f732b238f8c01e70b235ff4a2c6b0f972e11358a1c8f050dbe49e5a01907d316464449c1754600f45c4bfe
0x015a8e8a91669d75313d11d328b47ffc2cbc81ad0a04cecadbdbf1b82c4df33812773976721c77f9fd9db81e8970fbaeac8a75f5e8f3e40d9099ae991a5b1f09
864175120484581453683482079962486176185193500155369104423588921177379322250834082489183304374038697487834084609675858746433355728113743766078731283595263 852459879261442301042428452616728547810979251525968074182825949221686860804240057701231515361882262064870755947040507 446755180555009346662605009453780075539842190241512292183298859990365738415261874256101731812922197477574672008142072 -62475763799668503588924236210190505805659 391
0x02046710f4ab04b0b393e4cfd74abfb7fc5e1539d2bef286b330932d5500dff14d16df3ae1c3b363b377ce1756add965d5487d1e854532dd0dec57a3607fa259
0x0260dd11090dc8648574b6dd6c90eb338af18f9eabd7525e20b8c488951b448fb361043da28b601034f23fc94ccd01196de91c323992de25e41a4dd0260a8514
864175120484581453683482079962486176185193500155369104423588921177379322250834082489183304374038697487834084609675858746433355728113743766078731283595263 474906071363291231093248100304958294616824350407071800291140412665985898991061343527456335167711955300063428991040167 1469278688872892240805371418097434064723162330615117861949864785967287343517720965146081424865488223174579211708896912 -3543775565365593849301418769125765586471 391
0x02837e1a2b07aa46cf4ad2de2e2eb7e0f2092ac8ed2a8fbab29dec6acd0e5d7b33ae54ba3fcec07d2bceb002b989494c4c9ef47a314ae7c52a385f6a7602177b
0x0cdd8f975101d6425ca13007de77a052355ff620d0695c45086011b9e7f797bca0895362d3818bbfa1ad8446401f5ba9c732332c7b9328a55fc093f0a4e3d52b
864175120484581453683482079962486176185193500155369104423588921177379322250834082489183304374038697487834084609675858746433355728113743766078731283595263 1648416915232124626842299736622013928359696534718488408546458032444711301169842339117848297446158118222145962295599159 179691819250538812887150446314345957737746594276830573087988074760725623694621870941041388835203808590614429410239292 80241421508136772805709817691402384148593 391
0x067755241af05bcd65281cba92212777fee7aee021409e4fd37f51a8aae8cd6fbb124b02c5cd42a9a74f03220369877d430a093bce067c3772f63d55ef0956a8
0x0689729be0ede906852d87fe2d762f9495186a5995f2fe4b7e44296dcc0b9354aa4caff56d5232a8936fbe491f2ab08389620c178fe19f089ea7d2cf2ecc4f1c
864175120484581453683482079962486176185193500155369104423588921177379322250834082489183304374038697487834084609675858746433355728113743766078731283595263 1960256711961944031925222188981544797532870867614246817294475079142493130846961082725191334146113057980405128624072957 385576244528424201139437329617899885044085826290138140394475509116594057682099853002299223988444073310404547421617068 82593941908309017644116194243068792509499 391
0x0c2fb319d6ddda1d39d9f6752d7ddba4de1849f1667b290832d410db0c7adbd383a07c76f5a89081058d5f94b53fdde22542946cf04e21238f56e77be4e2e210
0x0abbc3d9faed42999f9ebd4de0ad547cd5566b745e341f71fddda8b3dcaeb59c99383de09b4d3f71605c8dff2eaa0e19d9ebc5172c48e6ac00a7cc16f827da29
864175120484581453683482079962486176185193500155369104423588921177379322250834082489183304374038697487834084609675858746433355728113743766078731283595263 733731606998721716786556773630096361310303825146944227214656257924890504583586045931522686579147628146583473455937211 1503702039494199799270157499058793239119738459140132972740712117126182659353768044935698274250592100234706569719897128 -32290621266304126719350440939981991462939 391
0x0a3fa16bdb38c2db1451b422b7ae170ee7234798fdf4c755f5f1c1f4e05355e7541ada073ef9da7a6cfc83648f45a4d57ab51149d9fdc7d00bf597e1141d9da6
0x0997d1f572bca20c060628308d8ae6c383058d2e53eae5a2468b38fe270622b26639c4368eb13502cc4c68896530805bb036b8db29392f8d042cd7a90a2b193f
864175120484581453683482079962486176185193500155369104423588921177379322250834082489183304374038697487834084609675858746433355728113743766078731283595263 1569739034578594260670860821364908354560788508038307909011382359354923400600780291041567750774926603476893011046707899 1814948993696338480269910168668278581063294386243501133079827822315606756412319980269342297391060742009257092030721824 -49980934369694665683806456526176197163195 391
0x06f1b267fd6cdefa556f2fadb5a6ca840cf85282db6b2e1cc6ededb7a02daf5160db18bf1f6688977cc5a2b1cdbcc14530f2fa5390ed7af96b3b82d9e2a5dc4c
0x0a82964f509e98dd1322a9a0a44753081ff170ebc339c069d4a7922892dc747522e17ab399fde4f81d05b522c7a96d57de577a7803ea23fd0279fa05011d81ca
864175120484581453683482079962486176185193500155369104423588921177379322250834082489183304374038697487834084609675858746433355728113743766078731283595263 1451469574672433218645530283614774688256459239098860708828073265913984098031086011244178933334308168637886258142759489 1545133189109044678788231793344344963099350749365206023986176325618875253929475288231235417483981159903245200562599712 -57187666909036185221033324992047053319233 391
0x03f3c487c65069e1f4925b1724b297b2ee5c0024dee29d956cfa6906c4e0bb76f0adda611e536b6c5916bc68cf2f76572fa24a40754b41c537f36cffe3b3b842
0x0377d49f216841f355cfaf7b86277a001133d876fa045bd37e7e9c8e872ebd5ef28228956cf8e38ce7fcd907005ce2d11f8acbc15c9c0f50de4723ec5bb5d8c2
864175120484581453683482079962486176185193500155369104423588921177379322250834082489183304374038697487834084609675858746433355728113743766078731283595263 1344255541536219559194237190398986308241910272551610728845227240806956164859684107998774102601702279711274286876747309 2218619201023219640262568692170860609677079191755350519562870912268917415528902788072379231184616404752234494096903576 -7636899424581427297791355264949184259635 391
0x0f8dbd6a576cca53d6c7f4c379458a0c2789ac97a849fc4050814b8cdbe15b48cd12870dea27502d15f891ff3953903ce906d99f0686f73984126eb38661cabd
0x050fd52270803705ca4ff82056553b0d8c8b7a5782f017ac61bc019d34da512bcaa725459e1956eeb5f17ab86c746070027d8adf95753fd060f38d8b36d7349c
864175120484581453683482079962486176185193500155369104423588921177379322250834082489183304374038697487834084609675858746433355728113743766078731283595263 1571134116886350407550515510887374758582885111307656049405563033409730112975264406461750703428088458405302686709154801 1698540812184419541158689361610146349904535909989842260997155673773936738869503252188984718333950977397472476933034868 -54538497744636206824661042136558643227239 391
0x0a117091d8f3d9e1822d6c4594902b31b7522e67c3e4abcd9a49f7849d4d5342d5210b77ba93fb1344884fbd9e71ead2b2cffdd179fd2ac244e0bf256ae0491f
0x01ea8813e3f8ad5ed77c476e395e1c0953b5940dc35a952cb5bea6c73f0f8bf891228168a7b2a95e6f04d876c70258c67f382e4ed3d499af5d3f469036a33c00
864175120484581453683482079962486176185193500155369104423588921177379322250834082489183304374038697487834084609675858746433355728113743766078731283595263 1487048758076620924887607856436075407475451756602881739952247314412498868176868062717820635753888565183692838129708397 1315364911667636659461196771354461071221260432227828056915913927963423388007337545823890073758276024742642174263839068 64168887197585615676998786925784131267189 391
0x0a075645bd4f74035a31ecea9afde21424876ce5f54e90b6b3c4e02a42da39d7285713478dd6960daf8567e1e8e7cfffb592f2a902970a6c6346005f9da55425
0x0137dbff5ebbeedc72a31d61dafd8f246093261f6a4ebbda03a546318a587325d7e1c6c604fe52953402fd770b98cdebedbdfed40ed662976132449f8395ecd0
864175120484581453683482079962486176185193500155369104423588921177379322250834082489183304374038697487834084609675858746433355728113743766078731283595263 1072851273467919269552128984930866213587557563872248565289428743802770639614909741170492150954532059022214667627149469 1118389854208653903401453871904206815102406639643511368397081519189553493562846241564010308911059249910560644731288812 59008626463886613074154246692456556354917 391
0x03100e88de0527d416e602b2dc6de48424b552d7567ada8e1cbe75df47bbce070a127e68bab54fa74e83bcca5c2f3a5ab65afef850657a9d088426eeb285a6e2
0x008cf62e3549b08a617d666f88b11cd0e3df5e0b6a67c88014eba594abb26c25350e35c37f0d70777df93c4f775df842b678705b70efb0f1db94f92cf3559ec7
864175120484581453683482079962486176185193500155369104423588921177379322250834082489183304374038697487834084609675858746433355728113743766078731283595263 518300892824044675621746416963449699284690139672668702941463601645853327377738060492915950595428565166684798663977049 1531000969755256504166782006198917371182294224354087474893169592639398820207144871968169379145272380532832149377466376 -1285642068781078362547775050862941188985 391
0x0d3ae33066cdaade3d36a21a5713409971f76d31cadb31221a711d3dcbc558a5873b538f233e37b2b90191f2b637e759404daf90bff59d09ece8f4a407122ceb
0x00c9f23850e07017a20686b7d8b2e68d4355280e085d01647e69aac7faa13f7adc595d2a47d1b7b7ec6c1aef691ee173fc140b6a3d8bf305dc531ba58f049cb9
864175120484581453683482079962486176185193500155369104423588921177379322250834082489183304374038697487834084609675858746433355728113743766078731283595263 583051197512308764931720499940814016482366281461924998111595913777761291472157040522907716901126551064399682669555617 1365760931621627639533477941144865719112407362619996465328470274477337426178295444737663749873528712024939505805506012 29170493567538961013661904276885906181129 391
0x00ec4a5003d2131fc17e91cbb6fefe889f477f37413526e77512b157d4a88488ce008ac9a8a4035dfdf155d7abdba1c3dbcb9e2b88ba8444cb6126f1be1a1446
0x0075282f4541f674f43786409858040ad96de750178e8170b4a2190accbd06bb5d0100f225366735f62f24fb407f6fa35b6800c21992faceac86440711b022e5
864175120484581453683482079962486176185193500155369104423588921177379322250834082489183304374038697487834084609675858746433355728113743766078731283595263 1343091730604135466582796169671017083652688737173853180265986657406829815832958017254909833416331502408588903074305007 2022930817782889240744674674571971571512361494606013335056580764185002356181452931008403179737484428317536525425666428 31868922166881651786672348956415930718841 391
0x10143909b8e128dd7284acdd46c1a73cbfd2e5b5a0f8646d7d0c2833024c752871650a149fa2b131bfd0db5b7dd293ce3fe70e83a9fe866b5456704fb455c6ba
0x00a299b70aa29e8908ebfc365033095b95b10b25997f2a7b6f702739afac7dfa4e0bec251f86cd64523a19c7ddc9f085d8a15fd9f93059117c5a2f2fa2e42216
864175120484581453683482079962486176185193500155369104423588921177379322250834082489183304374038697487834084609675858746433355728113743766078731283595263 1618939318549039621807899423065896446030673244392975145054234197569793010013904935351556344646118062541120692586919267 2090700076893418548207997043176412768395208778166910873990545436896204765881653308132265144742494556669183841027315808 -36843347384257509673074612610423378412701 391
0x021f2275c60a92476a7ab635343dce244acfa1f24285ae803135ba6c321948d25bb36a3ae24d357e6bf7ffe119f37f86b7c65ffe1b677f7e22f581cfb71ef563
0x0877a4192eb183583ff7729105d6601f48546c0a6827f365c2c3dfd126c2f7af7f97b9cc9945bb6a48c22bdef4c5eeb173a2dd8b766a86675d0e5873c97f7d63
864175120484581453683482079962486176185193500155369104423588921177379322250834082489183304374038697487834084609675858746433355728113743766078731283595263 1150489526647493510681763781393096298508440704850829337033587650421562658819935439184448348667874000394675741016182669 1539471097989472523461666008102647809044831972414338992476081464443895837733447154364623432065513863579175870761023328 -49399395749549086869624913156755001292403 391
0x09d306356cd87c7a2a8a46ca01a71ac58cabb274ee66a5c318470f84a427510492c045f7963d59b990a47e8c3edb1b6d1f719ba09a3f0990d32e94087e5f7e9d
0x0d3d832fad1486ab9e404ad107b37d73ce5fa42f5c4f455c4f7888f9e156208d346a897bf824cd3c7e73f5002b893cc1fe71f74fd7823b91b779ebd9b17a6fc5
864175120484581453683482079962486176185193500155369104423588921177379322250834082489183304374038697487834084609675858746433355728113743766078731283595263 833197875547869766151092207186191604016971115540628935431976625713405382581301034487134404749476146408036238736314647 1154716267673292014486809443408478946900399146802554659358792229179725048965494365832964854369118890586017949802738600 -50163718696358576043504684797306689519863 391
0x066b5d7d0445b7bbedec89e7cda2f0bc63be4be2bc560f5472e1adf17ade327c0c39181995252c8858b46401971fb80eae378c5984f78aef8ee45dc61ff5f9cc
0x079b6f36dfc5ba560ac985c637a7dd1922740c54cbdc495b8f81fe12fd8d1cc794db214d7e6eb90c6184e5f8b98edef88488fde35c99770ef48a622fd6c4d7c7
864175120484581453683482079962486176185193500155369104423588921177379322250834082489183304374038697487834084609675858746433355728113743766078731283595263 991121837713546506213979657991266543956134592526103157784028060702853172162054667088141261258980023360169572778439449 277195785436332180691380012305486663168443201456448640038810864200634795244396482185503027182713275827907693591832812 -67518188922924290543574449884475619866367 391
0x045a8ee85845e2ee39779487df4254360eeb502feaefa1c8d50157328fc8d3b52141f02fff6dff5705c617689ebd96905dd662543ce5f478f8b67318d06be60b
0x09caae879d6c267928057e7eb063f078acdaa9a1a7dd2050a7dbd6cc684855e5a39eb137ecee2c694fd36b1fc173dbd5c3a55193ae69d1aec57d2bd00183b29d
864175120484581453683482079962486176185193500155369104423588921177379322250834082489183304374038697487834084609675858746433355728113743766078731283595263 1214406368104714559780704928227141135206581177554067075338660449870148764206319275870764754332745931725667107713912247 2126369545456829003000000546626008085317864182729141285272622962459940222527819546276638019293582498537894258537488812 12197721066024297765484655726128658040241 391
0x04dd267e3b37c82762bce660ee3d877878ff65cf7b42ac4ba4bff5785c1d098544214e6fdd5ac4264aa51332f378aa24a2ff5043d7a305ce9d37882ad1a6bc63
0x01b13eb497e7562e107beb0d46637f4684ac0481887d189eb0dc600047f9c124f1b8131c374f7e618252460ecae1c1c72940c9fbc36d9035f6dbea7bf40c9049
864175120484581453683482079962486176185193500155369104423588921177379322250834082489183304374038697487834084609675858746433355728113743766078731283595263 1215627495938609170008508487175934037483357607573457577485858762247722116812352620798860940845612910225665005241757111 2150717531178193827694278208425014485244487999976241591031410025882343728737471623769657847870669253107695887949742388 5654300817278461700770176731665966903601 391
0x004e50dc716e1e228f1a8e33a065d683c4ddb1462add704ecf9d43f583992415c7aecb3b669c42bc849de4c5b5371151c7ebe68ce9f6aefecd172429dbfac104
0x0b923ade193bfa359e85e903bd568d7482da52d74e0df3336af3821aed7395d1825f63eff578137ee7b9a494d0a367f17093f96dd87fc2f8ffe905b864f5a006
864175120484581453683482079962486176185193500155369104423588921177379322250834082489183304374038697487834084609675858746433355728113743766078731283595263 567400128814302530318167453293584859059441295586744433193168858462170915043791672335517970197164262318116816878586769 1402781939798717322140832546108506352401391502189190837048164654049117445353656567589521915880831315784349527446353824 25725628100457065791542055824171208490385 391
0x0a594e88d1289721e5b96d08f308e0b751667d2ba4e86052eb2797d1f4c4a189c713f885bd7dde19a2bfd8efe38c6c1c4d6e9b99e1e634a8af021b11d643a6b4
0x091ede76c23d940fa48abd2d01b8b26f9199a7a8a7a4f0f8566bafc44507176dbb82c6d06fec7b7d84d2f1b126bc9d75eb3b353245f321fd7e6600fb6b99db07
864175120484581453683482079962486176185193500155369104423588921177379322250834082489183304374038697487834084609675858746433355728113743766078731283595263 1785096881282619607499450732993424217899651778537132201157695567063483680074535025995926932982310693876227687861354601 1001164320263283410130052542621205713377991020921095203056559131408359512128730659260863954632820509269127945473418108 -74637880092978260870025947137311604132079 391
0x0e4b4f97b67fe55d47565875dc36241d8381226b9ce770a58b6b2e84f6c71fda018e978eff9d457811108b1e75313b819841898928053f7cf9353c7d62024f4c
0x0e94ae729132239b55489a510a86bbfee8b9e5733ee7f67bcd0abc4aea4d8263c4652a880654b8433cf9d03a7d7d52c3adb94cd6227168b7dd7fe4358df88577
864175120484581453683482079962486176185193500155369104423588921177379322250834082489183304374038697487834084609675858746433355728113743766078731283595263 2124766492838187967880891469440272029968417828486554002475584436976745653573869486607656879795560965733866666339370407 1766316584637322259802440943929548161327829067867575457429052767574012791447483232115930857182703122873650769938504940 -59716116551762718786573895018581577379393 391
0x035ac8a1303c0aa23cd07cab57d13a20d4e7b7c497afea311f542fc936be0269181bc9124332cf7ae2c482529721450331a3d590b0499083714021bb913c5682
0x0dfbb39a41e280e014288a9cbdb40df4f17b8c77574ff7fd5ce3d4a7a586a5c9308c5c1fc9a0914400862fa518eea10c409e872fe8ca8fa9e9b6ca719ff5ddcd
864175120484581453683482079962486176185193500155369104423588921177379322250834082489183304374038697487834084609675858746433355728113743766078731283595263 2259127768307933078063108095259126921985436491067176931628794727346305217145935619626177513917312553078854798135292879 2451607900812858078680710906550420652511824688772794753188238831978584321817884442084350977885623718001083210985028632 17992958438751031566051923736514939300527 391
0x0759bc06320746702425b24b1717ded6b9254135168674a622b52897556b37cfa48311c7bae5c6804c39e2d17726aaf9088d567179c8e816dc4995ddd9a238e3
0x0706c2b320883e76bd335f19b1c935587e6e29775eb5e9b4678514408dda492070a1fe55a3af4529fb8b00f85483969f9538da7ad95f217819446057e49c7ca4
864175120484581453683482079962486176185193500155369104423588921177379322250834082489183304374038697487834084609675858746433355728113743766078731283595263 841446605752248033369244883259644607271238990024580264276771470152054219563644075852871175129314611059430351980216581 1472939397934943226950662564066388252093880166227448118868370119604486798189013881769409776451728044627932864057779172 -39761148608075873142578061523336555919181 391
0x0f22e08ae1ab54353ddbf9e3ad0aea80ab4b7c37d080f33932544d1b5ae4224ec0bcd12b6df41b613e13c292b50687216c8034ba3c886bcecb7fa70f5a4cd5fd
0x0c4bf0bb916d6a46e015191625efe73ecf053d635af6d1a6765a89691dd2fa5d22366ccc6bfbc977670af6266446bb9bbe24d8628ec731560931e7f815f101fd
864175120484581453683482079962486176185193500155369104423588921177379322250834082489183304374038697487834084609675858746433355728113743766078731283595263 2014758393062336230729709659781837211408396307154353926414183186554895391598604648410905943683410169091585050605879989 1162752848065767857309924197184468355962368690484442070046660405472010008650188565900509315797824904532277040288026876 74139654515984461419727948172074069646845 391
0x081819af1cc5de739b8acc8ad4ed0f69f7bf4b6222f645c8e8d175716d01f1ec2e656a76b1f3b0255e3ba8501c76dbcea48308d63fcf61d249f52b5a27194b19
0x0b993f50ec00121b2fc3e4414ca501eb0451b7be61936381cd488b026cee93cd35776563542738cfd9f3c1e0df96c0e8d4c43056b7cef54cc3eae180e224476b
864175120484581453683482079962486176185193500155369104423588921177379322250834082489183304374038697487834084609675858746433355728113743766078731283595263 82623754643652709799001231118162669757187853716281144090504197420016638917740349839327023302979586117788723519423125 260448643624089132337482646166359588560524864691476872903013263519678046573000723165377424357962253515591419923187800 -19894974280343314352268145102594104425675 391
0x059e8dedad071f632c6b4de5aa6a8c1586f1855d557c6ce377d68c2445d5c2c65ae3d3cfe1dedb590d30c24abb5a313cf6a397c404a4735cb67cc232ad7c9322
0x0ecdd22354f70e6002dda6c4ac2355267f70a88be4509f63bedac49802e2d2bb7c7f27ed992aa88765fdcb7661d787a8b51ff7bb3419f602cb1f3aead917c01b
864175120484581453683482079962486176185193500155369104423588921177379322250834082489183304374038697487834084609675858746433355728113743766078731283595263 1253695279599742644290520629077636738334244101146916966268606865314629185695849500703129349896365048810405976167045951 2166883678218201927710688663918488955855720656628206506084063267349745345301977179494076934060252576367252939582909520 -8037090920832886069637738488356854690113 391
0x08c5d9cd43d75382e8aba65d6f5d44cfc2417397ad54b81f34251dfa57ff7b541b2d96f17f4db43879434f0db607f4718100298b4bb69eb9c3a9c48d378bb3a7
0x00e617ccc4bd9f6e2eee4ee37c24528934622a2c2d3ecfd5359db6d00a340b955d283a9bab9150221c09a419d78db4ef06d81df6773d6e9ccc8d3e05ed11cc4e
864175120484581453683482079962486176185193500155369104423588921177379322250834082489183304374038697487834084609675858746433355728113743766078731283595263 1393053339055698774663853963890972385296102154209110656620473475749079926457871931153190539910936565242671213525781173 607706469596088244148252665092513902179267322839389575752870080465167569295444153847949285355615215907865668096885400 73872261460619432301967630219713646910805 391
0x0bfc39c8ed576b873dcb142d4f5d86424b628b36afa237bb0629dc35779ea9d487ac657eb0d25244846ed83dcee1c8a74047ea2feeca4f1ed6fbbe10541de132
0x0f07771b5c9c98dccc1f6fc009ea4fe675bf9aab390e54790ceefc16c054487d41522d8fd5ec01d131160a19a15b95a65a64cdf455c8f6773af88ece1945d473
864175120484581453683482079962486176185193500155369104423588921177379322250834082489183304374038697487834084609675858746433355728113743766078731283595263 777105803938420342317752305720616278456678676083192293600371973398248908530615493512970474803584373235805931900852481 1778412927810373781695069307348641039036748695896177113904851523026701599813441773306841324758438158763946563738022120 -13290845460057311099688555883271708098527 391
0x0c261ff2d8e391da9c96303c919660c01e741d67ca33c87aacf61b022ac604adda6b40c806ff2045f12cce8540d16545a15c6b5ecc52db569d6001300da8d6cc
0x00a1f3fb08055aa632fa5f43a4fde0c49e25ac6f800abf68bc85fdfa61360f4046e0608f6fa555ee66e06f7be528f99fe2bbde91ce5155d7fa97a89163e32479
864175120484581453683482079962486176185193500155369104423588921177379322250834082489183304374038697487834084609675858746433355728113743766078731283595263 1850720325913548966455503426113374272280113753901846805247280702265116010890808112127739469675947099884052864556082307 777240343072459034050786867398451946142287111388793433293784046566461114485393374356743799288711375118666926743626860 -78348733289562967385278805151711626809157 391
0x0dcb9f1042631b70ac03e0977b37a42448dee12f1b8e758b4102d217183071954374581287f62b205bff45bd36d89f29e67fda4b62b2018a17353556e8411acd
0x041e0472544f1fa58bb2d7ca1a975582cc6acc437c9cd96cb3a26fa6e9ba6e6c1b8dc80016ca3e7f5d6daa5052c51b2fbf8ebb26313d47d781773d064a9a7933
864175120484581453683482079962486176185193500155369104423588921177379322250834082489183304374038697487834084609675858746433355728113743766078731283595263 1112372345375542766713612018844008434643337046790294377185676004809692178664104358915733310446450945384615982343150061 784508771930588149882496895461523655681468502654147077826592327776679154443691269590295831014158473111024064221746408 -65938858829594459805074607753384273032819 391
0x0978481d5b86d9f85e1acab8ee43254696325d43bdb32d5980fa2350312766df8bfb313fb88f2f13fe425fe2ec4344f27aeeaca960b1a8a5977c42489f631143
0x00fd63a6826b4182c4122ea8b39838fe7b8a2337da80bd31ec491e4d86fd747af34c2e8c61c49e39b1651196e18b18a4c331d592fe6688372a80878cee819bc4
864175120484581453683482079962486176185193500155369104423588921177379322250834082489183304374038697487834084609675858746433355728113743766078731283595263 723661041219592111277839684519271846721615456209347990890256616638729716501354770936956887520524527240995754817008181 1316082677998438040010612965318512488939292295833676055234523395203436958074739667023063107627667228346763166648665568 -40163320959782174437441650815264128422859 391
0x03e64c6b3b2d5baa3aa5c5c27c11eda7a07b0af1c737f281a337cb16161f93e021ad9ada882c589a1df467b3dc4c5fa1057797c59a504922cc72eb7c72dee74a
0x021ec8003c8356260cd954bdf1fa59799fbdb9576dd3b89e15f502d5f3978cf9c81f663a5d5afee67324cc7c34764f687497a58b0d11d1ebed177cb2484162c8
864175120484581453683482079962486176185193500155369104423588921177379322250834082489183304374038697487834084609675858746433355728113743766078731283595263 1621879319209897819160067241379533139825479029467021514595491620447071330266163450515428416401913618520843751362416251 1672207805104632748854900885045826610556611818997404251110621942245833142551919829324730738717225008963466900221158852 56443072949484485384063638970351779534669 391
0x0caa4769f40fd386ce6386d8bb29f739c795e3ac963ed41bb538ea4c26f3e2907b55d8b6d1575a4756bee0d648af747ea0bc3bbf1d172ac2c76ec011953cb115
0x0a11cdf21b538b0bf4831151cd3342acde4627ed6cf46af8509068ba9420cede96aabb5e89c6783a08e59f9718bb5c6faf0ef8d0ae78dce8a9f674e0b8b56b21
864175120484581453683482079962486176185193500155369104423588921177379322250834082489183304374038697487834084609675858746433355728113743766078731283595263 1375491108887265992345880376025846478046384591941733811698360955028304844953475316217722485175846674103916572740325749 1470833386790334131895115697038744621446556582474441542717948302723884065693189620941686427669356419085885092925619624 57748249656170154035117886851352045902315 391
0x0abb23b2ce8978da52150eb902c5c1511beba640f6a62dd4a5c2b496e622ee43e02de2c2a7706cb252e5604a616f9e163923c1c6462946f3c157250aa491af17
0x0fd6fe1cb4be360490d0bf5fabfee1f91a4e60582bc6572ffa703027ca1c679af7c59a12f5fbd016493dd4c3dec02805e87110e5bb038f3df5f65411671b8707
864175120484581453683482079962486176185193500155369104423588921177379322250834082489183304374038697487834084609675858746433355728113743766078731283595263 2464101793147703991930124573049592652794845208581851072921499534875091409735185286247120050905766023432658342585435137 1109291747516749214306509530050837029224585003652219697112162689384049641205627533257320932479699255610646422732753012 -77011802335202154464955302888100607804201 391
0x08c9e0278ea1a993c46b561c5e049c1dcefa6dcd9c11eb73b9e38267616f121fd07d2e899f2cbcc03148295aa9ca93da09b3fba3c5efcc1722b68691295f47a7
0x0c92a425177e5957120ec905ce6811a5a695544e97fd4b9fbaaaed78cdbafb059f39e201fcb7c86d631bd9cdaddbad0e70806eef37646134201438bca399611f
864175120484581453683482079962486176185193500155369104423588921177379322250834082489183304374038697487834084609675858746433355728113743766078731283595263 229789489845601230188087391652329373274979436726443936112498472562333779754966856625584846595975348176054220402797767 516799446988946913666623904276325858000237795233490890354785546102090531323816583710442618785686200054778831129824728 -31159655643321905488795670581512484926119 391
0x0f1f8153f227961efb277fbe37715cb1cf53682a82e7c314e08c5cce7e1899986e8435dc484267909f958e7a930eb0a1fd928b9b54ab7762bc79b64d700914da
0x01a1c6c246adc35ea00046b23b5b8533465b769a4c50ab5cfe7416aab444450ef723cc9a80b8cd6f95b273ad582af2f899e47b857e70a83fb6e7db3dffeb6027
864175120484581453683482079962486176185193500155369104423588921177379322250834082489183304374038697487834084609675858746433355728113743766078731283595263 926965765158150133766253495543297451883922651235713909760362385713433155116752564777510019634487665805911073116982977 1944829880513963897588701757659188216708718183409699390741395238968912302101098222654251825766766572943334799909235328 6224597100291356052129056969759461224129 391
0x0be3851b62158c17db0ec75a4fc6ffb165dae9316017b66255d704e624724d3dbd961f748fb687c36a1b75df2e2558b23bdfe0bf7f0d79821d2f46710505a2d1
0x08ea0ca7f50bddffbba407b6e3bcd5841c2ff1c0fbc5e330cb7cfaf92d37d75a09d985eb514192a82a57f388649bbc8bc22bff36d5cbae5892c34bc9a6d117a4
864175120484581453683482079962486176185193500155369104423588921177379322250834082489183304374038697487834084609675858746433355728113743766078731283595263 550676207139269692360832919176080921440726716000451160760959522048503107690819820940156372672341947310498558986288039 1410295673601872649105276425671372297013935745636315155507283509547922003106347950941805821585973275307879309682616924 -23693528767403892378808810241236490558465 391
0x04c8441bbc63ad1db1c739b5cd82c23c696143278dc4b2c271de17eaf4dd54ee55c27871a0d00bd3f6e00166e944a2cbef5ba0446e4480c1abe24f9cc91def72
0x04dc77659dde66531f3cdb080cd74a73a02bb23d14ba44404b290f8d632e6e8f0867fa952b760f6b8cf188504f564bb50e097c38726c1444fb2f1edf9a449c2d
864175120484581453683482079962486176185193500155369104423588921177379322250834082489183304374038697487834084609675858746433355728113743766078731283595263 641839008960232343186119805402752702279670258936071044501639400909289266278989892822179084417371742508958359574044389 1440932037033571369602556196828210516593459636630400223457820723366235377830362861133998726674422410479351164712605624 -29437101645631729387843363774835417306245 391
0x0e7ef2a4e45a812d3116bdfc7d622def43cadf0647fe5bbf565184e136bd14912ef121740cd026d9aa119e999462b1c6d45bd88d328d8f74930477cfd6e9e44b
0x00b800be372f4babb4b4c00a009c96ff773fe116f23f4e340fde32b6dd1cbc1222fb9d7a56baf782a934b529f8ca07e9ed950c6b1d71380736509b8e669064d8
864175120484581453683482079962486176185193500155369104423588921177379322250834082489183304374038697487834084609675858746433355728113743766078731283595263 2345321899952955177004526380109767884461286749228117140610517435167698921213865120244660239578051110896093129838673137 120275337195045987157601896092641933328860232502449704634296427077035794146992199179331749893123764929312943133737828 -85474230564823906397927308277998604764711 391
0x03c59a402736845171447c16defc404d4bcd44123f11b5e6c6c6b14347063091c1bc1d675d6c49e5c4a6e4e7b2ca5e1c66521700819ec351ba0f34cf820ca578
0x0228bb47f75eed7ba72bbb4d1631317debfdd06989c4d89001a7d0121234643dd2e25a3652f9ae0eff064bbe60f9580ae6a15719a9b9b8429e721dd9ee195679
864175120484581453683482079962486176185193500155369104423588921177379322250834082489183304374038697487834084609675858746433355728113743766078731283595263 1354698776258220295140834372876633565316496659981388256759815044311419877764108965295031311033356464374209217713772429 1092120446315442005414289304455749205735234222456530889429113373638165393302098028760547530588082579000910590787726588 66350447566015101215862866552549595551467 391
0x0088836dc31ce6ae3aab37470553c73b4cb7b301c66eed3c0ae099228cd50b863fd06236b48972bb05266308b274cdecdd78859f8844befc87ee67fb44eddde0
0x01016aaec93002011badbab7983aa5b6225203e7299eb6023a733da171537053c9d479499de25b539e53974baee16b4bb5457f53d7b2b43b99d8cc863a63c957
864175120484581453683482079962486176185193500155369104423588921177379322250834082489183304374038697487834084609675858746433355728113743766078731283595263 1581005068768698506052754751987940133166122490002468894959873855465800537934794359479771011340121486539392312165844029 2101081955119269123139470261773607362271170745868757335289155702235096350849207764430059443078226747546989489710205476 -35016425056041407713609088229484193377595 391
0x0a1c60ecf395f46fb33fa5b34263173edb4e988bc28497e04e5a8ac2d8d7f8b16ee4199ea9d1f42954d65ceaa7c507cecdb35e9b0240ac3c60b36d76eb32d698
0x0f6bea67bbe2b982b863531345f81feccfce1b6e053181be960871d73c6d75c0c56e90b4237ffb95e3c8819e3d86d6979ae2ee5ae67b861cee339445e8a9bfd8
864175120484581453683482079962486176185193500155369104423588921177379322250834082489183304374038697487834084609675858746433355728113743766078731283595263 265507583604654602336852562444798784802038240917721878210731287397786651589058720086157256900734497488338799093006021 1126057414961321457145908561030558813013190107231360756494251731398866758726954673251328011181061808777896805685610352 816730868881251430777504244237267610949 391
0x0dec127b4869ffdc0b2e5c9b8fefe9777d9937d23de2a26b7b68005393feac52ff434f40bbff96bde8fe7d6a472e51508c7307bcc7160aebc8fd76fd003c2b03
0x090deff08ccf63535ecd4962f90c184ae637471454ad0ae7689cc3bfcffebff92538355cb606cc6edcc768b3635efcc7cdf2d80c04f32be216b3a676df2b4087
864175120484581453683482079962486176185193500155369104423588921177379322250834082489183304374038697487834084609675858746433355728113743766078731283595263 391429152668799110145260648336270817844847933589563854831408326658668816584563254053156569986981906533370702666242997 1328145003017695591052559304882408526344479744863759732019370437792594267218280010900915745885241590902751698928716188 -8119374389717931102991878048870539119491 391
0x065e44a2c0f76bc0c089ff10040e3bb7bc0b4e3e85c06704732d96e69bf20cdf1b39273f3afd71f41b1e60523843b1f25d7502a027b32f107e8bdacd047a8802
0x02b84b387836a871019768714143c8467569f15cec86b5e3c0a1a185e627f312057483fb445cb0f8eab870aa9348abb442f781c971dfbf721025c68cf0ffdbb0
864175120484581453683482079962486176185193500155369104423588921177379322250834082489183304374038697487834084609675858746433355728113743766078731283595263 1357484174255376986917657964051083113414233715539377066385721826920728937507668950694240962328547130275807445256916411 1878182494854665798966166954474858150857533710481669085242583827897951762913049347428663358103880125109426203161808380 41328921319502526657118075096982024795917 391
0x02f148a999a28045026ad36e9f0d19a69c5011321432b140bbc31f9e54e9e29ef06ba990ce02f4ba43bf03b35ae15f784e4134c377076a7db8a9fe9ecd05f235
0x05a08a5067bed34ad43f6f706fbbf5d1e1ef28069a6ba22d6903f53fd75d811a50a9980b3005cc707f0c2192bc6340c4b74229fa8c25086f3f3e41602aa588d2
864175120484581453683482079962486176185193500155369104423588921177379322250834082489183304374038697487834084609675858746433355728113743766078731283595263 1079064978907704599633192578356259559121104805963358537319765690768749796843743940877351625286895637832320187673815439 2047320322917575085679305224541145007444938028486684421960701309358994059582760208151828009949906885336079132037365876 -9994117096153107939501212792627050321895 391
0x067a31e8ded63bfc24dcc066a5fe2e9ffb43fc24287fc058e2e699018185a77b051c67b077ae7780c36f6775ef13983cf59af9128818f8af6e8deebdcac92373
0x0b71b52a5b9068296723769c695aac73840780af747ee8e4c5289d491b9f0be9c00aa5d2165445b27ae2dcb92452ee6906b94c4e57e985d2763c04ea62e535ce
864175120484581453683482079962486176185193500155369104423588921177379322250834082489183304374038697487834084609675858746433355728113743766078731283595263 2258164351445169573525562091100858575115083438629599959621326096643485741221602366224434878180817602092836022991661481 1665249462831974044077836673655157597061275453362985445454157612929663852368820964697305759727178047348338011771081700 -63791106101188792918893764512510622911023 391
0x0d40a76d463a0d701bb1afb4c28f3a4ac19ac4175c9204892674f72a5608e67d4c79d5be52ba8e91d3a6a73f8b81f36448a189a4531c968973075f4ea50aa700
0x0da6883451ae76cf5eb33a73fca49ba4c93fd64b11c0fbcaffc9b143dd6b48f1be297949ff61e7262a4a898995be6e3d773438b8532c1ad2e9f1433e2aac5029
864175120484581453683482079962486176185193500155369104423588921177379322250834082489183304374038697487834084609675858746433355728113743766078731283595263 2162831366875040885213070877299811079363186541048908817794960170365182770378482283656376832233515610653043362120932641 240470857666098261423925084951107500001800746887566686454641398838498064441465072050131897305529566732145280229219068 84514065605601406803361909051928360060151 391
0x0a4ed890c3fec0ca5f7b08109f53f4fede03c62b63df228f64799704826b34c7db2b3b8e3633cc9095c55576e2c73443dc9580a869604ea6c7f20e6fc3149248
0x0cf8dda3ca34493975464a06b61208c6bdbd65a90f58f3f640569645c5793993af13c4dbd3404b0db44f10a82b102b61613aba04b1cf7f6914dd3b596e03bb7c
864175120484581453683482079962486176185193500155369104423588921177379322250834082489183304374038697487834084609675858746433355728113743766078731283595263 602718131691855823577323909141826379831367058227309918577601058724372680139667286701060575151271427904391551122570469 1532139744912468035133516839375743022123342479662248758365160591985985440491751854415346235341109588002217436476633524 19513611964903484096814056108616865646355 391
0x0d945464a2b9971cb720586c97940bb3a82ac76832e22c665ca0731a95b1949a432b630e4952bb9c0f56626f5af5425654ffa913572360486fdc3590bd833ea8
0x0bacf3f5e48568e0ba5c31adfc89d11865efa01e5b7538753c10ae460d92025e2b5148d88a98777c31b6a1d99cd759a37dbaa20da1b540e95ad202adca14a31f
864175120484581453683482079962486176185193500155369104423588921177379322250834082489183304374038697487834084609675858746433355728113743766078731283595263 533719902660952038028844127326381294317580893761678767811661594794096886600656381033415272610773657880507538154943967 806422879888477543254510253453003425535284103454980705397817299663606136235989829679398723799016054429776516163071360 45085598931940573289991442429950030009823 391
0x01f29820bb0a7110443c1cf8373c431a67a21a8de04ddea13bc770b59b79eb2f1a435d0fdbd181796625eb4a0fe4b8d0138ba9b0721f2423bc4f6ec02c729588
0x0a5dc75df593823de9c053690e6177be2ed144b23829cd5c27139341a1fb2cdb59827dfc74646de821c76fac72873f53e8fcb001c885e8e254b2561fbff8f0ab
864175120484581453683482079962486176185193500155369104423588921177379322250834082489183304374038697487834084609675858746433355728113743766078731283595263 1433697092054843900704617258255608922912155690698081494609971107811086425621724246211031711987787354328936509991154669 1224824283784885096424180335057590244189209787151823524208963467571867280216364792229789291202028570735344855634863324 65212994325452235895007818415758369159435 391
0x0e34010d2c0fcc4b161405105ba38ef2a5d8e1eb880d89d099ceed04cbfb8fabc944f5087d5fa90ba17df5cdc81f0585b06dd7c143ab1a92ba246b25599d4186
0x0b198725e6427e5a271c56a6be14b7334dd9c6b571372686bc99cce2d6a17b122ffa88d5cf58d276dacfac053a6c31f0cfe3229dd8321166dcbec6a1776da037
864175120484581453683482079962486176185193500155369104423588921177379322250834082489183304374038697487834084609675858746433355728113743766078731283595263 598333668781143225738258881628198067343741034646702340629548406405509044370498562369385379665665006422424090359386291 1072770918881950857872337683779311118722232208626161204716198612375604694975663849325439404535516223057854696702672088 41784882668405635131551550037582884383981 391
0x0862ddb75b68887533e45b0bd52873a40690aa8c27a339228d440bebb3060bd30bb530565aecfd8aa36ca94a399e623eb1d6ef4886db6aaba5e8254d96cf7175
0x05a8deb7f26e61980d0d6a2ad7fbd10a7517301ea913ba26822c9b0405d6d1ad139a3a4e5ec590fb098efff773990a734e8f8bcae68c946b850dd5aec3a4aaf5
864175120484581453683482079962486176185193500155369104423588921177379322250834082489183304374038697487834084609675858746433355728113743766078731283595263 1074149555337998138326208928671031914926429633600812477755603562219500009472723400698582107461930767436239047222329961 465897617637169850662791947208004057909955115243012227899592433413910867214432714794715465716031229084590253023107380 -68429378629482902816095989528461300747183 391
0x01cc9a01c8c17ce2b4d4455aeeb374343a3c804f18574da5ea34b8430987ee6dced7ce9b3d61dde5b17a8e74f233a1f40db458b216d338d2cb859069d7c9b163
0x0756af82b5dbf4d211b39d9ca625094a83057afb7c523f839c3cf5381d7ee19de3ac1a7c0c41bb9d675e316b592be93c7db241d6358d4cbfe0c35586ecd66419
864175120484581453683482079962486176185193500155369104423588921177379322250834082489183304374038697487834084609675858746433355728113743766078731283595263 368098049654858101113698852446034226212061557807400923141544375634329843366392973991234622291925023212724864951534361 1311860112770315860995645248220378796659569936540149228262314411852799096926526633645353617262610856989836495577120192 124892100803854271583256643998079513831 391
0x0e4061180307d54a5f4cb59639be5d942e3d9eabbf15ea1ef14a275775e1b93078b3d453aae1493347ea78ebe13647a328daece437142ef393836f935772eeb3
0x0a7de6243cbc6b029fb815afee043a187fb9badd7eaf9cd69300a9ef21f215a32bb745aeb16a57e885758aaa66203047ca7b6d2b9e3bbd0e36a52bf78ecd43cc
864175120484581453683482079962486176185193500155369104423588921177379322250834082489183304374038697487834084609675858746433355728113743766078731283595263 112239105743381762000822723422569992788262264942206606523449941902046526617929466309679566288846464694489027492136979 334437445399967423882842827811676731873109835690617718979115755838146956172854420954356328501144685198824579864549928 -22606168375340533330062117265600819501453 391
0x09d7c4a605d2fba28ef0f41cb1b96bfc36e757ce8291f4391a6438d175670637a32f01f0f63d47bd070f045f3e96dc682d265ae790e071f0736d48ad1298cabd
0x0258660d1313d21a8d83c6cfb2f493f0b821dab0775a4e9858b8aae29e74d74df554ab7ded2be5c69d5339495f0e82825af0713ec783da7430928c156c5cfd03
864175120484581453683482079962486176185193500155369104423588921177379322250834082489183304374038697487834084609675858746433355728113743766078731283595263 1695406273425381532526029532485852283279801489474127809192709766470326748077503882358138389570768612262840566038896257 642757095891257907230931602201238741346905374488794898988676471858359860781304885643304710232065218753151587752056120 -78040992740115317127809567916552366418593 391
0x0992557bd53addb0b3d65dd1fdfd6f21f858c799cb8285a0f5ac090401ac578d8767cf0f945a714b87a5338511186ccfab4d72dbf4e41cefdde6eeeb358e18d4
0x0a0ef2ec27004a7594002e1762f1f7540f57e98ed987b2e2ceb6ba0a54d4d34ae15ef23ca5b33733cce744bbc58dc547ff5ff263ce0793e8184501b7abfa3f00
864175120484581453683482079962486176185193500155369104423588921177379322250834082489183304374038697487834084609675858746433355728113743766078731283595263 179134499160383317304885547603531446518465138411610297196620820382634529927128217622635167243059361757892995021770517 211859915975298713309924111973984410561093653011592653821016220609515391314970406512379862012614326181035293478482708 30925459805420121292100835701389517873949 391
0x085875ecfe2d512320ff98ba7079bf2f1bc07215af24ebb29cfff1ef0fe512db64a26d9d322bd71bb3b57bafa922a5ac275c3671243a6dbd18ad1e3cd1a3ca4a
0x052759a88f9f629133487a651e02ac16299bf8eaa51493d09e0edb8b02a62c16ccc42eaab5c925260afad815450ec18d78766f6e8f70d6cdc25f8fcc875b171d
864175120484581453683482079962486176185193500155369104423588921177379322250834082489183304374038697487834084609675858746433355728113743766078731283595263 1507287461737038045437737757427414875451864135120572304316654747445449602295030491400337246468522827720650869351345397 1752753699227996585012525197128510426825962508228197573176574053643771335594250841385790138661350415519916505161730200 -51115118562634952368358036367656633825387 391
0x03ec4c080dff6a24127920ec6985aafbb557a52e824de7da633dfdf3f99f48d6fa16e8ee155f59dd7e55f2f24b7c4b315b9f17bfac460d3db0a4787d4b8518e9
0x08dfeff30db8c80b56470d7652a25d085e3214fa28735a0ac94fda397f3b0c77387f652206cfaf215e58cfba3316c50c7c41575b6e9811dede29bb9bc0aff476
864175120484581453683482079962486176185193500155369104423588921177379322250834082489183304374038697487834084609675858746433355728113743766078731283595263 669976629066549627956800973276413433741136757669973195009015812094240436598216794915928257439313549502249667086916359 1286223239472810758473251265010136321983025996899664073917533704140174783693709874997745439397812884037813619007446732 38422311438046740720333302264837764357023 391
0x06f3a8085797d38f3afd6f4335905ac29ef9884abaf31c0b76f7260ffb56d1915ae219896ddf29cbdc6c7a5937e3c93220f8c494851062dae6e7f6d6de08ddcb
0x019c26ede10db59fae4277376a8f1ecf4d17d021dd54b845fa85c086b431ae8f79ea4bca71b78dbb5c186cd300331727e3f8434bed13f9e539367a3687f4ab89
864175120484581453683482079962486176185193500155369104423588921177379322250834082489183304374038697487834084609675858746433355728113743766078731283595263 206425957358937177912279252690540618392727527017587649679643771156015208151994509563612718221838849790890544383139971 893478153300188159006890035523979602927363013569955418816580310584659811806934926820420443684820096096595304280796228 15220027623322812881654723265438280238971 391
0x08dbe43bc6ca8272d11d857807718d027ef25f5ba49a44d26a3360a6f5818c2e7c458855761f4f05d6dce10ca2f39e0a47871f5f13bc4a038882290163adba10
0x0f3e20b2651ab05b8ecf4f5de7856c948b6f306ae766cc379153db24813460c181953d0e8cd293b7ce70c0e19952a7830216143a605df0625b7b8e44820785b5
864175120484581453683482079962486176185193500155369104423588921177379322250834082489183304374038697487834084609675858746433355728113743766078731283595263 993822495095391906022865865648247255184908495634250016882889406968201661560932374684745798522249136777448626581631109 1130209216061642815904488510496500617418726487877772739598932375415755842631163449496444666960825778881808144804504976 56382950655915378848115384704998377393925 391
0x0066659a52d0a505915d2cd1f06b8610605d2fc12f980205eaa02f94c64f508ebd7fc86246f18bf5a9e95123dfbe0a8ed00376c0df1489570580746eea855650
0x020b9e27fe6d582d1f0c438e06d7ec244ad8085be4f89eed179b8b67d209026b241d4bc412f7ae42faa3237bb7c08e8a1880da4698a316fbef86d80a6e353c7b
864175120484581453683482079962486176185193500155369104423588921177379322250834082489183304374038697487834084609675858746433355728113743766078731283595263 1336767173716758450973072504394496532558997790597753908888043367958952477032729174721279642105261875337362586684464047 728951489294312684992232682218788380827910712113659119802472832472886291200633929665055723415268689505847454067872452 71546364722347656763575920858935311758919 391
0x0f72813549aef55551f83efe63f85b892975f3b967bef868a2814f9dfd88e05e5f1cba089b4dc54d9be89e46c9f8c5d36d42cff37bfb0d280812ad8ea696defc
0x08365318a88c026f5572a1a750947c0c5e4d62d796a1db0b1adbf5ce8aedc28dfe446ba1ddbedc672d500caf884d88c7929cf7370097fff3a2f9b3caffaa94e1
864175120484581453683482079962486176185193500155369104423588921177379322250834082489183304374038697487834084609675858746433355728113743766078731283595263 2016234741194154834884890439643541499028530491581019221228167512835043990689253037942618054055198354508286174661965929 939989360790012935604398448809973991952008135089352603240225446973321280827776742970469071708319528578338780383280112 -77720359247937020134257548434578238012183 391
0x0c13c73be7f5de0e78e8ad2a3cd24702f31aa575cf33c27cd49484c11da7327731730890f998f85924ca8af59dbac7e1e342d54dbaa4f5b7db7f40e840180465
0x00ef934faeb0c005f3466d8e7f779ab455c31e36341594946c942cc9d04344da467a88d9af727706b19fb6154d6574938170942a04d91d01f5d710ba8eb67f5d
864175120484581453683482079962486176185193500155369104423588921177379322250834082489183304374038697487834084609675858746433355728113743766078731283595263 2485115422772617526988514207014920235839896299187530327922630805291863887540944587649120056379126704259879791805433891 886520599267266137274726140296206435360263006115459274658534160766556084122599878464194738272711661099612842358351932 80296943958140003895748604231255105404901 391
0x0fb29656db0b103342160d45cb81f313992fd2c148b64bb370f7731ecfa2454746296831f8c93f5e90bb5b6a2a1fb7945b9aa3576646eadc1563d044b2b88100
0x035d735fc47e787044162e8421c5b341187e44073b3a8bacdd2d0e4565beff49a40586f2dfbf9fb6fc3d61a29b64c5ca9ef946172fd44788b755f928e23acaba
864175120484581453683482079962486176185193500155369104423588921177379322250834082489183304374038697487834084609675858746433355728113743766078731283595263 1310666346046107442919276091681561532818346803511360496738782824408478737955457918083543080340930964450186948916299339 1771612285490846084877772822632120914040801091884380929722461288209426730771932457329167055928265462485171816156346928 -45049835070881095377236710424859352448053 391
0x04c502afdb869bd231cec73f25716591a5dd34f92741829c2e183cf6c189d95f26f275dbfdcb46e529e8d8cffa21eff3850d77b201895e354954655fb3e0988d
0x0ae064c10acf869df618bdf7098e050d01873661156557f83544a080c1c51c496b985c9a5540a41bae907210c13b997604ad857b91a8f4dd6ae938d14a4abd23
864175120484581453683482079962486176185193500155369104423588921177379322250834082489183304374038697487834084609675858746433355728113743766078731283595263 1427728464218317688906339817127764935626905630426079099446103604332246423865284423321150711254767053901880900470390529 2062915392726221590418234413495001359626014033329187054865540814126482092228444052013468627198660307758329953549578188 32390745975164664219771225862219941242583 391
0x01394b06fabbab5b6c827b66540d0decaf1d31f13e5f7b233865b5d5810c8196891056f0ff74fe4084487c3a72aeba093bee2fbe88e55f639dd7b817f0cf428b
0x09e1d043a34f0965e1b592dc957216fc0edb961ee5c371a782d5c42eebe02d079131e92e6348a7ba5fd236fe4a19ee514f5f3fef5ccd9d502b2dd85a5f530448
864175120484581453683482079962486176185193500155369104423588921177379322250834082489183304374038697487834084609675858746433355728113743766078731283595263 991850377259861601473696184583777288980113544130629566558882506298351828011007158597781557401772074057155418894798617 547658149394802302773813657876013582195097389938521347483788637382739106967610051718863320883483669364104231409184388 65598247080281024453842309009051295233471 391
0x0b8505317ed18c53f6052d95b5c67f85eb21ad1b15d2f0940fb025b549a08080194a75b6537bc59ae3d67308582e00e8fcb3d4a54d697ead8692fbf25e43bf71
0x09d032a2b768fcfbf620300f2c8c03692f773a3655ad3cecf716192d226af0bebec6b0ccff87456b42199cc155758c5cd488ab2d7bcfb99d2c8c23f268c42f58
864175120484581453683482079962486176185193500155369104423588921177379322250834082489183304374038697487834084609675858746433355728113743766078731283595263 1702059633004233975419354318877587407022068011465220130968059177358581683510258106974420831997867748973348700315462239 1143978350098274605576178369715587327918702328379885714944636093812512584647145421514709688727037989354996831824107424 -71181200251012517080424502364863304325215 391
0x0adbd20708a6d6f13924215b00a92efca5a8b3883de7f81bf648a5a9cac676c4a676df5629ef1002e68d70cf3763dab59782dc2a36095eb7d54938cfe782f24e
0x02fbf4d66408648abfce6625a7a6b4b67f00f54c08225e0c6639f1fe2e28ac2de1d19cce8e5ae3eaa0a894d9b178e6e75185ae1e40760ab9f6bfdc1db2bd47dd
864175120484581453683482079962486176185193500155369104423588921177379322250834082489183304374038697487834084609675858746433355728113743766078731283595263 1609398417382162348717741760252896548103802251099497694138425486856643954364070941665949390358274345849098331592402381 1806755973203635163816614562998165945456600978077446401910878144622813769223142005143339576616352910990754862774468260 51166287830314263033134517613228941372373 391
0x07822a5ef93cd3d27db67cba846b3fc68418acb4401f0ba776a88b7c2a30768db30590d4729c2b6efc2ddcf1107c5dc623c50dd1494f3413f0566405298cf8c9
0x0f3a2d8c1818a13875efd51e8b4f4473034bba912cdfb5c3d24c99b1a11b67cda5b1d699dcd4d90a125a1aa7c021e14d794501539cc96a723e9b3e735b05f03f
864175120484581453683482079962486176185193500155369104423588921177379322250834082489183304374038697487834084609675858746433355728113743766078731283595263 2214197554156786832707305020991776274437620275576498754155957470819358165397841868624135792137603488745247061563779187 251254105989011225825139796167991486388297860532647281143495447175993160045875947251375209060198294671056861917705068 -84711886290048250453840123185622577579221 391
0x100bc151d3a64c59192ef6252081b9c027b34f2ec01ce41839db86cf11928f5c91e84d49f96370ca7399c3cea2d948e31676cd04cfa3c8cc59700cdd5950e55d
0x0e8c5348b920ded2bd0564db0d1d98d96ac17bd844af1210b51968e1e14f71e3a5f84852f0e6610befbc70b6eaf1dfdc57b3391eae583847eb08e84cd01d019c
864175120484581453683482079962486176185193500155369104423588921177379322250834082489183304374038697487834084609675858746433355728113743766078731283595263 2019100523905350355136704542273251713144924610688569704255458910801999127546959393516921633703778625943020273939122827 747804338577282680085390575766085453221916185925013419538638821168140912231149328420035218815416651370708711629512652 -80119585639139922572727356083770460392701 391
0x08c2b117e01d6194e1b7e3b97b65eae4e18def65b88278bcdca24ad2c50fef3a12895911d7023eff3085b9e5b42356dee6b4e2af9ddf93efc44bb001ea8cab28
0x0b2b486eca4e5aaed3437b18f4214d09235eea4aeb1da52c3b0fb17259ab2df563a4e0a7ed4e2d0859c0b481c7fdd5f20d47cb1b8e1edd79075c491b1d918a1b
864175120484581453683482079962486176185193500155369104423588921177379322250834082489183304374038697487834084609675858746433355728113743766078731283595263 674161754292574295299702396287221877076268094622612344599876238204126586836942770019164918155824431784060739533896225 1300971112866315487673885217085807449244799946279662918013297719544839137571342927474444434009123878679959499124736340 -38079349426031613350956115812769681561545 391
0x010c17d506984d7fc7eb9b416edb9a0b635643456b77a7874a5cc9e8e4bcd2d7ff8d26fb8b804aa8c4dc5ca6381a930b995ef74576d712f2b12a577528f2ddae
0x08a34b7ceaed8026609183fcc37af8f7250ce1a45e96a74e6ad9e06b3d11284fb1597674c517a25cda795de9901d116fde5e961579e41200cafba8814dc46d6a
864175120484581453683482079962486176185193500155369104423588921177379322250834082489183304374038697487834084609675858746433355728113743766078731283595263 313080752291470670499443735884024636211762982611665550517840542979562579287180627765692229607413730441781939002409087 209836709257175967994880297872529980338206478078921517647073114582061144568571689639572200270728965786568131704320172 40777556193642773449942080694787798312489 391
0x0e4de0bd803482d0ec9b15a4d626c0aa673f5efa862d628fbaf65789a4ce355009070559036fc39984afc7f3b328a1fe9a475eab75567b0788358c49f6281965
0x01553f9a720b78059e190eeaa7482c910d7a73f6f7db7da056d11c6b1662514ce053e65506e020a31cf260dc53177d0c2492ad9e0189e16d5286bc4b32ccedc4
864175120484581453683482079962486176185193500155369104423588921177379322250834082489183304374038697487834084609675858746433355728113743766078731283595263 1637173382138536676610065466096470044641656906729194152848935450195589630431215145504073726524442879977318840497598637 2321642964229769791358519167633750605979666647184080653283809257165945177111431704120197476793701220825973227785556948 -14696491748249971336569559130329211684341 391
0x0cb9f4ccca2c3f372fe1d35bffcca59c59998d9116a8f82d5d9aa599e3be2337f91fec61fbe061cb569382bc5928f1d2d9dc40941b77b00146991ec5207b51f1
0x080226614a81859d6b48cfb0a71a617c5c5cd28c26625c27e95c29a57a04ec2b0ebf93d2a9938bfbfc2d1bdd71a147e934ce65ff86ba8f8beefff68cfdd8139f
864175120484581453683482079962486176185193500155369104423588921177379322250834082489183304374038697487834084609675858746433355728113743766078731283595263 1394061486711919660979575175571180338989241849226486671384311205350050726772924627078726699577385342619591675129527587 1721317858848173548605510015524197076385797360704846970999278195908241708943860136667204232567485585137108734318984180 49582933557001172262691615019156862731483 391
0x04332a87cc67430fa0e0cf77dbe9aac58ec5cb98aeaa66400a778840e5806607be0affeb3b7e7c718a44f0cf6150734c28346c5ff83e0a06c84d5332c1443ca0
0x0d7f8690028faa857fa2210baa24a139b1f9b1b7c275620fb9e9cadafb80f55a88f3283e595a2841af5bcb16cbfc8cbd1b2bf95ba5cb585d5d88816392c271ec
864175120484581453683482079962486176185193500155369104423588921177379322250834082489183304374038697487834084609675858746433355728113743766078731283595263 1070399868910216002281556400874100864522534262547127460756568148406598057220632505034643937967032866329378857561394107 1306469251073460527249852505130998141380654286514341011347702571472736434918111503715866059335154265257091411002175992 54277469942459725636776453489493615834139 391
0x07d38e35e5f67125ba3042fec7a7df98431c5a5d05dc50646ff68e026f17e500757d84b93cf7b8e9fd967799e641bcc002d76abfc37054acc989be1d926df6f6
0x04e549ee12588135e03acb50543075fc1b1df06a46d4addd7d72cba25f32e1914e8347a1b1df26cde8bcbf396dc3c28d98f45cb4eb13d7418cd0ae5bba036382
864175120484581453683482079962486176185193500155369104423588921177379322250834082489183304374038697487834084609675858746433355728113743766078731283595263 112722142243237063590512458880583069254931619500043280916698167004707444323137097666450775294684564002884936849557277 105837734731124894757410484953228827102993853860809634003469302598960827947886259479175472495939680467110221532554988 -25103742758687900470304464588063694831589 391
0x02ce38d76d4590fec4d5118f233b9592189ceb10e284ff19b82c74d0c52a654e870e41bfa9dd794e7bff96420b5f1f71d87a0b651d618c8cbdd953881363d10e
0x0bcbec93db8447f70ba01fb41df6553a362d6dd321416cca4c182afe2c037f95ec2ecbe79385468cda19423cfc10e04e6922dacf17c42d6950141f34a8b1e846
864175120484581453683482079962486176185193500155369104423588921177379322250834082489183304374038697487834084609675858746433355728113743766078731283595263 1453157836107089215638095251040881022316875495584242836673000836769115101824791008289643937916153347878819621350269881 2142269043331366433872017771117360431053082260318068651244444766232073593070167229437639967402220139318409722697759828 -26956479795148354053189535154284778407519 391
0x0f1930739f635a2e71b2195b52799977920dd128f7c9f41fcd4509877262684213b9a210f0dbb81595ed497e0a60dc7ed3fd75f1d7115b0d7cabb7b9864717b8
0x042f8b803120f94c6efea1668457eb1aa7ae4ee37ce2052765f4cb0e6b8bd6d647cd34273a5f8580f483a2c90129a7de4b1a90b3f44c1d5633a4955f3673097b
864175120484581453683482079962486176185193500155369104423588921177379322250834082489183304374038697487834084609675858746433355728113743766078731283595263 796798166728391836619652179326874538043207496485314339320034666592339559006090395736121060229267229349035038631902817 1086386773036382282993135133182591191445596583358961560843913295128824342901164492171727657130339267548098793816822708 -50495771978527963536650089308045171322999 391
0x0ae84403573315f21ce2c3f71de52bd5d43ed7845a31491e36b16f22cae3d1d0873f7ce76b049d0b0bd48d6ccb52cf96dac2e321655c6ac39d62f3d4e813f2ac
0x01aede8a896a87fb6d8595a8ad4cd065df38c424a64f5002a3925ed0e2bc671f9f59b278361ca32aad718a2806fab872d1784e5b484e40b12340ff288af61d2a
864175120484581453683482079962486176185193500155369104423588921177379322250834082489183304374038697487834084609675858746433355728113743766078731283595263 1686411426779393441513700634470664881570130843135435550015500490240745485161675496362959675057430101800611158178201341 94701189200067577945945449147860559542117848332594744699446485332718762560045718512392005784803162370191516781321612 -80875174765200947133768724375422088524731 391
0x00491e692af0c9bf0aee8bb850b1ab08aef85b8017a61e3caa79939a394b1d8ec9dd875a60ef6a5b7905c4122e5d4189c4c0b735371be1ce17149bbd927850d8
0x04bf04c30f2633be50e54b1accf6991c230a04eaeb2e26b86571cded952f6091d3f1fc4f72ef7f2f8c4b363ed48b74e75d5d4c5ccc76950cb34908e5faef6246
864175120484581453683482079962486176185193500155369104423588921177379322250834082489183304374038697487834084609675858746433355728113743766078731283595263 939149207258648651502405302988021292291702533467784345585788339031744862790641805819186454145487027636167754472688977 1912353058992124350332422478367911470712112731290678261583023611707531996693649302000666571707051358389259960030423000 -15116177353516516687070385897108702325647 391
0x0e66621676776859b7a63a045559fc2cd245d6503e6cb23bc0c0912e531206b8816d66c0192764ddf7eb2eccd49972bf2fe9b32d62bbf3e8d203343fd7dd5caf
0x0b62eb3e7a79b12c96fb3cf30e15d62adb051172814789fb712cdb580926234fadbf5e9912a75fda09b9fafadd859bd61fc5339177bd7ed665311b6060298b84
864175120484581453683482079962486176185193500155369104423588921177379322250834082489183304374038697487834084609675858746433355728113743766078731283595263 809791660232542834880242085917429083206181496625449026966157842033435011187702837384007389588971247209404978152303873 1836327878920923635359535181770384279463214550287115808867155192481339162001587707809104641450086291610768739961117460 8070524771462640364208760443783968914775 391
0x020f75430b88dfbeb445c1a43804575d9bdb3c554c61f8ee359bc103e8f9bdb6e54c1777c83732245c90ef17257ec8eedc8c8a6cb522dc93a701b893f89ed992
0x0e59cf83908806067b86bd6a295909c67160226ae82903a230585056c4c788f0c5c2b23c3ab567af5848fbb110f3d88a76f18c11b7b2d38ce326354c3bdbd8fd
864175120484581453683482079962486176185193500155369104423588921177379322250834082489183304374038697487834084609675858746433355728113743766078731283595263 925368050824983544024298360261533125277964453207123541200645933304167380742761833249122328912855416021382774482144731 1587925897003479160494201226825229617538705979932725931474644294965907401501172016597352401203181025687426141594468788 -38624765383282451830698850746985302826029 391
0x0bd036292688981bc37350c16625bcf787e6d1e2f8e1566e018f63139967ad01c4ea8a99a8016070765b81658ecad7f477cb6fa1a0b21053d5fc489e9de10941
0x0a3515b0068009b35ea63fbc7320b2a42ea23024a65f66ab40b96b3b15d0cef7515f44279d0de93621d2261e584912132539136d46cd363ce216c0e8cc955dd2
864175120484581453683482079962486176185193500155369104423588921177379322250834082489183304374038697487834084609675858746433355728113743766078731283595263 1443730764438300698599866220154313592017164723244168312102516892873519229344572503194227733484013729944164475749891497 1138296729348097497647805846450302263894276995400578319216616152398569145821880810930743447365520321468181789909880088 -67190004787779122573667412380335798063159 391
0x072d39369d0472e1893a65ba9233305aff6f19d19f73fd4a97501eb87d0901458c9709a3affd6397e911380b6ac31ce057206f9f6736c76aa7eb8d3be88df3a3
0x03fabd67b1d3835b2ca321bcad2efaeb4f7ed4b2550d9eed223a255d72d3fe33e689502b81a16e284d9e28601b45f1dda9f0f4236f99d3fc8dd809b715370791
864175120484581453683482079962486176185193500155369104423588921177379322250834082489183304374038697487834084609675858746433355728113743766078731283595263 1399260517569411621586320135916157423538802287080965510491579346111754195950805721968242677131800182280896866517513841 1751587734387058455189308115618966179955283223342050835662003722845729010036353874165081573825548596836839489189483600 48480484567605734590161308901655966526193 391
0x08c5f043d887b9098ed072bbfb2b2d31ae2cca01ad2ae223db88e0ba931af0a8b24104d2f7f514b86e62f7d56699df77f89c8bf5ea0840a04ef25339712089ff
0x0f070009d25aa19dc7a889a084339c25e107c1db45f2c85327d56a61b8ee493f1c9aebbb967e23de66f226c98b24efd99311a32b4402a7ccee49a26a7ad06ce5
864175120484581453683482079962486176185193500155369104423588921177379322250834082489183304374038697487834084609675858746433355728113743766078731283595263 2466936205439560202363360050799269958905699056442231068029746202597064931274831804450989703336607043323347510602540591 645724627742744763339393636426500513441105619279943192748068529945229909136141740736021086492677562461083051690835300 82901297357988475524836056169885589455943 391
0x00892fc215178d20706da32c5c1050386dd2e063bc416c5e690eeed9567162f2767ccee78487f4c66445c5142bddc10498a57c3a7f0446f6176dd503bdd0cb4e
0x053c12d06ced6ac03aa72c221123db912c6efc472213ba0ab5b8f303b202d6427cb3d8e423a8af088f3e8bd74e613f90b9bc51315345e97ba2f38da2ce80ceb8
864175120484581453683482079962486176185193500155369104423588921177379322250834082489183304374038697487834084609675858746433355728113743766078731283595263 1738676517304936301576998756123565328824845878876297257206867616519299573720883299491388821744637038963246719139832109 744924719921300093354360258646284420615445594432370328538995806560559326111555713226432597219278694203043102461494924 77504324008042113905671926312279624491765 391
0x084b4ded818bd21d3a9b38a580eba5f542330afd2728b76a92ea640d0b7f07d7ae8d4dedfdf7717385bfce4c2446069e09e36dc17c676375b83940e65f8ffe86
0x0511c9d92b975752a847e7bc5e42fd1ef365791acd1cc0c3eb96e81604c2d8ec156f77db2cf9e96089c69d39c80ad6a787c4ae5956a4a9ace91f046a705373fc
864175120484581453683482079962486176185193500155369104423588921177379322250834082489183304374038697487834084609675858746433355728113743766078731283595263 74421646881770099536934308187692186519475837470512772959577903642640261690528756921185546804864645122933660944044499 222830263907252507629392997173062275119944812483111811462590311541628851105486933124230932095759609127335339965948876 -19247582090246083766608528454327012789515 391
0x0f62b21d3c6100dcae37a43ca1255939e6c896c76167403309fbc738c794300509891c03b340bc7a7bd79ac3f5e856b08ad2dd188fa1192c2a010e36ca7c03ba
0x0f0235c701f025d34745f1cb9b83eee82aa6822078c996b180e1aa1dc29cc98283935d479291d1ac84bfec71860496204496f988f831bbaf674e149da949bc08
864175120484581453683482079962486176185193500155369104423588921177379322250834082489183304374038697487834084609675858746433355728113743766078731283595263 584251173071706804675183641448367689641745609040264932884911195328100936838148792504925110848636023857910925330992017 1557306164241863453497286431095180930746821722644819686835076991508726384510806239310106755719699936879258932683834672 14436047116750311009906675114389275764719 391
0x0c8a6f7db43954f523035834ba7c2d58a04bb2bca4521fdb8426749070885181e10deb79da07f618dbc99952c46af6fbb4b0b8b66746b9148b89cecbd068419a
0x0c8915c5db162097839d211d2358b1ef089e704a318d1ddd718ac01c976c617b5205ea9198f969735d6deb1224a6a109352c8d70719393ccfda36b75d3b8ecc8
864175120484581453683482079962486176185193500155369104423588921177379322250834082489183304374038697487834084609675858746433355728113743766078731283595263 1229206415883283262545912693233077004376415898983465090243821072171775401837638743658241478031239903987724690213754979 1968497509740641768258648542893175650769549106171837095627651318126898397650483905975781672589651883180380927124474052 -30681943176528001620767292611616417628763 391
0x0d35e2775ed42b56480eccc50f8fb10980153abfceeafb679d0b7dfad2caaeb0555dc8c2dff476c2c479a42ab18b69aea4d343b0ea17cab87592f843d7c625f1
0x048c1e6ee1342c81d8d84fb75783ca29839481be4cccfbb2572788e4743596b7bc48e652c8fffd66f896b13fdb14effbeea2f2e5b3becbf9f606c546e0ba3bce
864175120484581453683482079962486176185193500155369104423588921177379322250834082489183304374038697487834084609675858746433355728113743766078731283595263 1149084266150144504520930891677217922308720373504263937095179762233177832577024409392018294690584285365013678381726949 2113776124047924289722510331481301284166178310180438875085336469665903436850464587932086310891342229805553229132567368 -2828282645774010147071559398605665200773 391
0x0b391b46ff2623b8597c505d603e6114cc9f759ba20601099686c3a722082873288436f1398a55e8c3b61a29dea62846f62cd2b76156f5063ea967aa8d671a96
0x0185ae75c6a25e4b49657cee82ef5e04e6de81ef51d4840fe97e2fb45dadbdfc9bc246173a6714049c86ca17a5b75c1cbd165a95c52487e6130c9d011b8a6a17
864175120484581453683482079962486176185193500155369104423588921177379322250834082489183304374038697487834084609675858746433355728113743766078731283595263 2018620870262943062408633492534291682040608605636693387246249989890193531619875838174835191858300024997912222873555219 2061630229943152351491512718354056133308558137405833476162854191489784315748354432905022720648688445911496466741625176 46339399018651971378371246962570012365965 391
0x064b7d91ca9fd2909a8090852f55466c119ed600adc6c58c5e46bf09019c60b4307bff9ad9a21076b615804e03dc5efba044225516c42b18e3a0a0ecf0469b96
0x029cf78c8b030e09349e951e26b835e15814c4ef2ad1f610b7ebf5903fec38dd5837c76864f7d7649fc008a9602d1778c20e838de65bd8202df8830431970f22
864175120484581453683482079962486176185193500155369104423588921177379322250834082489183304374038697487834084609675858746433355728113743766078731283595263 1569674096208293700174814891717548795319596824555233223717026982118192216699557654191659815746836315173177341319226537 1195403112869770253649025212221632925386390617533088975886487694584930316800962251698789535353309273964534810899418008 68235895367349929741183897723875857748681 391
0x0c9d92522a298bd8701dc1d22cdea39309340135e63a8c578a28e8d3422a88ab1a672f00b2b8cf7db81e64edef49a2051f87d7ed46ad0e1ddc08d6111ffefb38
0x005cea40e794982c24e92e4812ec9a0c9a720534534c8ee51fd0755698e65691f4c2dcada75d9f101ec0552024fa25660b3f350ae15122569d5a2004c40e7c7e
864175120484581453683482079962486176185193500155369104423588921177379322250834082489183304374038697487834084609675858746433355728113743766078731283595263 2070476350234477433288218521750009467740124008312405334457311487930343328219106159443246192500868249105648059408937557 482795562481729603775163295168263240982744103593201666168606350972333409229295705574285337620711797511385360801512168 -82784260558744416728880796875003376712949 391
0x0a38e30cd24d23adcf57c405cb4ef16ea53e899ff8d0502d1053da0aa727c36c4e95120db37bcdbb05ed91d674718f24c707f68b57f25bae78b718dd2fe3271f
0x0d37804dbcd6b8e6570f70eafd77b7eef974f70e22aa216638d5e79033f2d7cd61beaffb6925efe9aa3214a0bde144aed717630b242750a66880581b23d36471
864175120484581453683482079962486176185193500155369104423588921177379322250834082489183304374038697487834084609675858746433355728113743766078731283595263 938918853526761440499216226117853524207641563794151783257785128278501138523436916373892257871361245856631345721539021 1042139914358488496276684298440521891226047254492662830385285234894367478667783148660386924349479756109285133269902852 -56593207912249841510588598191977269673301 391
0x05605bdce5027e5099578416071e56456b85a08e72168c0caae6fa81dfcf1c647e9ddc60ffd812bfde25cc7dd8a7d02c0efcdb98a604df1b10e2db6da0799357
0x1044197995a8adb2c6a60e2dc47fca38b8277a26a27714942396a8a505bb81efabb66f406c016829a7916705378bde95ffb6f4e0790f092370dd81c030b3eadf
864175120484581453683482079962486176185193500155369104423588921177379322250834082489183304374038697487834084609675858746433355728113743766078731283595263 191805740076421085322684415829046861348677924734096868351807622762366037844058157923551884589329306279308891632020217 148651360389742148953263205699833642079581606985016052975679647327593280991178596080830348586760036541834376140016628 -32423221198877222016530086018186872336031 391
0x0a59ccd128cba124f3c878cc10030a7b4126fe965c15974462b9f439f42e7f78920eca5ad86509594a50099f9fcc08bcf6598ced3eb7da740bd9c4b6742b6864
0x09a4a00f69aea3ec5bb9be4ab39257bc577fde4d088d4105c6cfdbf1d064c82ebcb98678d8f090943b62d38bb7c3393ef6994aef64c62d3326ecaa771b45dc57
864175120484581453683482079962486176185193500155369104423588921177379322250834082489183304374038697487834084609675858746433355728113743766078731283595263 2302834303901575058879723297150756376419964734772400809937263274388272708655025340796465212387562321643798575689415539 635247117177452126594250599585618208974075875971060635130979543077426368420938513544688062411615708070494252694495376 -82681222301872641707659246791602547560205 391
0x0c22ef9d9f7f8c875e0f2e4d8c8321507562e9f38f0a7366e81eb1a359ebf7604201c33631b2048e8ca11c00c29044fb94cd0025f97ff6e30ca717924e22f298
0x0110cd9ea3e233752557d181ec339162dc29b87b2ecbad70291a05683d257afd39d6ccf609aab84aaa6fa62ced9a6feac314ccdeb648f8854621940d18f7c4a3
864175120484581453683482079962486176185193500155369104423588921177379322250834082489183304374038697487834084609675858746433355728113743766078731283595263 1526764718606702665453451953897641286929474130203589900073099532506662810378700240520451686646760538755687444263712139 1440560191679703943490586784907263345438098201106302314111513339666937140866867370777198689738264195978478592900265624 61738698722067548109517019486381585876245 391
0x0363fcf82da6ea3bc6ac22712583b2327d936a90c9ab8ba76fe1006637d88dac57ca6a41d85e8672696fb1ae58a2feefb5c85f2f5480d1ce6da140fcc99912de
0x0baf5d4349511e989a78de23b08b71f42c41408641f476b0e10fdd69a2de78db505a8af5ee16e77f96fc4b5c74941f78c34f3d9bb9d0fed85719bb48b235a5f9
864175120484581453683482079962486176185193500155369104423588921177379322250834082489183304374038697487834084609675858746433355728113743766078731283595263 600235731879665532644538343298963334506981965481608950195754849247664460492504588819508539600927674210486039954658537 1556542739075785061185886863571958010514702027996301870842012827200333865290029232550490556250468199207414566536126680 16808606370676973838811055090652331569417 391
0x0a2f385567aa458532451ac2d9aaf2af1a743c400ed786f08ad7357aeb377c1da6eaaad20f56745e5a459cd0421986c5090298a587ab7d025f23eb44d40070bf
0x00887333115723c9bdd8faf9d9dea55952678ff8b6c42bfb9ec78a5ad240320a632d39d1dc2750a0fde9a645a89144f956d13fcd2a7a9109ef6281e060248acb
864175120484581453683482079962486176185193500155369104423588921177379322250834082489183304374038697487834084609675858746433355728113743766078731283595263 548854536025601040650868678969426703437924795913651803616519769289309600833256873378805198778882458843803521135340119 764627508584664829310913400288648990129623353545666655456025157997621677797984005444512790139396438210303500441224472 46669719470642330251314215491502461175753 391
0x0ff79be647806357bfab81f534edef06752ed5303ea115cdb16386191717f4f00cac3dd25959c4dd2222617cf7f0be19663119849dab8380b45d1b03bba4fc49
0x0bfefcad32da26d3092f92f6356802d56fc1093f7b17005e4d25c163931b82642b1862e098b750c9286a164245af4a9d428c4b26175329e5f12f834837da2a38
864175120484581453683482079962486176185193500155369104423588921177379322250834082489183304374038697487834084609675858746433355728113743766078731283595263 866913693207906080745602916527487973983067838097048927847388803824636202574420805870929565686139893745616352808989649 884565770473848866509473072282992847062930600006724882054677965265239330528543438231423766998113358837481311370010612 -57309170517176596553617253819572505050233 391
0x08ee9dd3cae82b1c3fdd135ada556e759ad5546b9cd54d32049a29fd26339804fbef137cdd6b154c5e7bda323a834dce91424a1d3f89506e795e07d1f5aa851a
0x0a9ab7efc896d5a33d9f2cd797a3903105ad9086a2db16356c845ee979920155506147e1f17454504b1a48da549882b1fd910b88c86a1e30bafa7c67d9d69964
864175120484581453683482079962486176185193500155369104423588921177379322250834082489183304374038697487834084609675858746433355728113743766078731283595263 859719109798887041752126273817767485375619488498144705059864658519783803009475746710057794288398830278303818147013157 781987481810147492566488355419559661272905441660199518673663400211444231149963408539392331158515595623147902127936012 -58775406768446526325090406978673607009581 391
0x0350747708018cf4bb6e9851b5a0c37fe38d7181418a609f5ecd58f094bd75444c8a1589f962e885e7a2bc2615f4ee1420f0d7c832cd9b109771e7aebda3ee0f
0x0c7818572203a4d8ad9bc5b7d29201b517b7c5f3a2fc20cd3e013cf69e11c8db34e56764cd97414fff289c208c03b3bd13634ef6987b1733ec98a9f848897704
864175120484581453683482079962486176185193500155369104423588921177379322250834082489183304374038697487834084609675858746433355728113743766078731283595263 2267315852296315633361187000445416706768978604950192605364617903742082679161311381078965479608306664414492565461770007 255997378857478137324113840098942746199617455265473761270622297705264166835554193410957924980073168184890384096107272 -84899119475438810224396907170827373548041 391
0x0bc96f280f84c0ed663e95108d2b41e5243d34e303d4ff8b5ae4e224a12958707684499a4712ceb7290f91fc74e9dbc668c76ec3d6819d8f6581bf6ba86ae9a2
0x0e3ca4c6aa586de2bd4e71ce90b7c3cb69f397c28d8c734e31ed6ef8f13fad80201aca2948d87ebbcadde6db47e4b6b969d7ed2ed773f8216ef58fbc295dc0be
864175120484581453683482079962486176185193500155369104423588921177379322250834082489183304374038697487834084609675858746433355728113743766078731283595263 2214470990353619152730999973029233789090262272975837614279005958359390022291798900446258240684165404859111756130121351 1098341127888389789250764721047885656788302954533474934440561224709187020637732059856967063937782765519160335134896372 -76507448732129381837581478504499818106849 391
0x07856cc1116ef00298d319e144aed1686b2f7aa4714e8c24e064bc414839178ccd2ded42e063f8f87bccc6e880617478b4bfa988122efc28af8f5598693aa839
0x0baae276d4373d3db8b30912ba4931d5f9797cbc4854a5fe37966c7638269876729a761958b0002d626a4828d3021baced8e97383971d79eef2535b62ac265f9
864175120484581453683482079962486176185193500155369104423588921177379322250834082489183304374038697487834084609675858746433355728113743766078731283595263 1397794689584498698195628691065676608603707605801514922079321482800783087708159330531822553447264198577581893513810637 686812838756104265809494264973742012234798661918089878962716824623660206469847519142345381225083109632611937300977752 -73150325532218296442438771230312179090541 391
0x0380dea09cbb3c5cec44bdc764759042abf66a5e7923a57432f2846231e3a162df206cb49e5e9394a8c8f278479ec0a4cf25900f080237099e333ebfaa4d4e50
0x06bbcfcfc5865998b6b0e8a79245e5df6c8282dea83a90eaec1e0db629f2d84be5c8a959df2e2b678096c208dfcf5b86e9f3d776b67b55f7c2b1273f38d5758b
864175120484581453683482079962486176185193500155369104423588921177379322250834082489183304374038697487834084609675858746433355728113743766078731283595263 33268506096558485756149139188878176757671931289949585958269773487509024679664465436697335786499237846861603092229397 403523103192790674422110821925476350710006112009089377894391918411085750425658473581080097166864849623252128237699328 2110874747787437136253002136494021635349 391
0x035534f21967ee6a0ff32bcbfd4b998b4813d415b698cf96085c614501ab8f782ded98c2bb8aeb05235ca9e8a0eaf424decc031dce29274971fd33f61a137a06
0x1045096da23c4917bb6262176acea78d061fd4c4e9657a9372a1efaff933cf1fbbc4273aaaf3a1ca736479821909376b42c20354f45496fa3bf36522477b1124
864175120484581453683482079962486176185193500155369104423588921177379322250834082489183304374038697487834084609675858746433355728113743766078731283595263 1509499333442211611446066928312892763719952179001879239466533558072888995740186413192884533041686723873387414710324807 2309609927561414690995445097917405810315288164821186238174468367453487256361375110375235973835603124199242893482060628 491089704759241486136001272066478570591 391
0x0a17ab02d0d3d1c00d2d1d168bdedfbf3789e7869cb0be71f8f2077eecf453dc86970d6478a37cfa81abc8d043bb854e6671890858fdafc2ff78fc6ab11e70c1
0x100a47b6f6353ac6c543d4cbfd00192b361803fdd73b1a724b2f63f7438b3a312336252fbf8024c31d789d89d7a4e762c2de58cdb7f1cd89e1fe8a553baa14e1
864175120484581453683482079962486176185193500155369104423588921177379322250834082489183304374038697487834084609675858746433355728113743766078731283595263 652019648754461226783178964217451431970075787015877114823958765951508348383016196665859110761456858145263747059707071 986472989396360228166489866667893211351791589753449606274752881552995630541733840804380709145129699901961476581176248 46768135121849232956016022816448984028001 391
0x104e78071f77644470772956ab09fb4a61a75b60ef3b9e78a2c6fe4ef7f4668b64ccbca2389a3b1ecdc394f37bcb140c297d5e82d6b489d48af7b6bfcfd71dc2
0x04b762ba5e3c6b5951546501635191df52657b2d194c169908987e36b2db2868a8440b4b36f3c083cd207fbae246151502229ca09714905c5785f1007c5ca8c6
864175120484581453683482079962486176185193500155369104423588921177379322250834082489183304374038697487834084609675858746433355728113743766078731283595263 1016475299465157077310766986828420053284882957948415281107120637180941599883010227341784911944619383781150690740223727 327500278800513542909653254512179187512823058394375186196662270402836729975263058809474895105221385758130050703111008 -67915925618803099345058435839856586216209 391
0x0e3e43519b37373c794618d1165c29282f1c87d32201f4ae70085ab74bedfdad8a952d587d682da149b2231dd9f149d78344eff5896e9ee705531a4d14884b4b
0x0e198eb744079c59caf7377b8a51a6eca900a04c402071f9f5f85345fa1b2c2735a87f5cf44ed72322cef998adb3b8a3ef575f1125577dc0f135250ca88f078c
864175120484581453683482079962486176185193500155369104423588921177379322250834082489183304374038697487834084609675858746433355728113743766078731283595263 423357747158318467033181695702451335949814627725530528843116463510479059330169353932137128476535538587935162670688951 532560567721456378546687065049441565962246908680348501025796566666287835028903016259454966188774784855715622118947392 -43990674988997892795123090738137171336521 391
0x019142f77c49150f7ada0aa56f66acb741a6d6ea50e2a7f2d2dd9bb189947740efa2a52a526ed71212b697d201aad58d8ed1ae8085d42a245ce715ecb3164786
0x0d68b70a352f9bcc3d97c4b7c5b98c3d94e0e6507d4718584f6544f73f22e15c5d32b499998c6796b6ecd48f2c7402e2681ce9b763f66526b2d401e19d699b3e
864175120484581453683482079962486176185193500155369104423588921177379322250834082489183304374038697487834084609675858746433355728113743766078731283595263 1217663274603962675641665417493206872139182118265917205395899831099063996959978393927611885390254622968576308275686475 1698484345226492326272080707212051611484070996650717702401807203293685384998019057214067978564477158426064799232756000 -45304011224251472506583588722238007324085 391
0x02f5e7f0959ea01924ac59d204d293696fe3ca02bfca7675ae5bc9e1b42343197e4d0d8993e2986a20559514136bd00e81af7466109869b0dffa6478a06d54e8
0x0d91a3b88558b1937d10d2af491551b7ce29deee31480a24c2000beea046f430ff93214e179d38123f33e9215b0d581bfbe4c92c29f86a49c7d44e8a92a61fbc
864175120484581453683482079962486176185193500155369104423588921177379322250834082489183304374038697487834084609675858746433355728113743766078731283595263 680246003748999195134919718220527535962719416553456528404428257260952066034467302048109058638516352405275370630226019 1452530420845060494638783103248443204882459696498384326492635385666376139388653509745603495743802009101003972385412632 -31513484904068503665596135641824922582723 391
0x0c12879dad014619412ffa51216a9037c3af9b1229f1f21106cbdb7e447a2231038a9c0323578725c85af921777c8a10d82641d62b6ac958bde10dc8212779bb
0x0407c8a3efeb31dd17e5a68e0ad962ebea4d080078669acccd5f4a5a6e63ed08a83b97edd98a9754bb74224bf324b4e82968f281ee601d9baf8460148b3dfc93
864175120484581453683482079962486176185193500155369104423588921177379322250834082489183304374038697487834084609675858746433355728113743766078731283595263 2066191331166381493457548447909464313958215769257777300605998949958295441392708469953544451236177101568247024302314217 2111073218740242941597555827198713934835817351363691780062647009636341646668644635791406215229974477315254007195527228 -44287393655514205916668268605373993342319 391
0x0ed96bb0a6317b76eb855b12ae3151f833211db4a7b52cc4a15c392cd46170bc016b98e0f6508c870f95c7192d12872a7081d31f6c71f6a7c106aa90fafe581b
0x012e75e4f2ca5c3de198c6392496cc2bbcf2b4199672a9e6c7cb92f0d77140b915983e124570e20f891fe9468ad0b513b462f2100b52740534a64374d20f761c
864175120484581453683482079962486176185193500155369104423588921177379322250834082489183304374038697487834084609675858746433355728113743766078731283595263 2364729587019647139955504194041758501579734219781354502551287927727565163177342027817242145413848712799284171341180899 21079773503218715867741637032453361304290510561850811076394397908515513035913548426353824724253993730925525779716176 -85612834140952988473640449866848811304605 391
0x02f2c9f1e7379d46bb9f2175b8dc54cf86056686bb778f82f867ba155b967dee698d44487bc160b449536663a912f8da2bd694daea8ed6edea363d9980040b48
0x03a69213c238f04a3c29b41785e7fc7b4d75d26384553900f7d6913b371a65b38384ed62142ec08db0e0ae1bcee3938e5eca60add5ed0ba8b59c503353821544
864175120484581453683482079962486176185193500155369104423588921177379322250834082489183304374038697487834084609675858746433355728113743766078731283595263 913069978515810204217868393152148229499922866218122750298331938910914841843944705365620586841051807559810147367198739 1523473537287582516770183826129177927237119399874570459899412891364183928348167907171545443125786831685349620916424728 40967278516649377954356664271632167462797 391
0x005bded1c2859a3843cab9bca7294916555efdfc6ed1630600599e351d388af80d0a27777b8f0bb0088aa14c160c4af9f466783c4007001e512ba011590c2e5f
0x01e9db927bdcf8ea96f921eed1f7efeb4404ddaba5a0dbf65bd59304ab6fbf02b5c2bfa9fdd793c23b5b6ace0e90e2a3a93426f3ce1c54bcbe12d128e5072c7d
864175120484581453683482079962486176185193500155369104423588921177379322250834082489183304374038697487834084609675858746433355728113743766078731283595263 2146512639084617156720382229756245170133596185094328133964356642867766684316441919812411351760112960465718219313340757 1783313810852269341212623101887360775116972067479952635000117357699521069372649835513806320091834087882199926250314828 59292739651928524883318390324247896574941 391
0x0602d1f52384ad37c8eef75132951d1ad71c42764a0af8498586059ae67511ec2cda74ebaf2c2ac5688c9d189a3cae70c64a8b1c2f8420fd4929373000c09c49
0x052fecfead54a242174e1c018b7381a14ffb76b1997aec8584277befebf0e768b0d05b0b6b6e9b888aa00d22377729121222bd2d8fe20a94c8822165885ea0aa
864175120484581453683482079962486176185193500155369104423588921177379322250834082489183304374038697487834084609675858746433355728113743766078731283595263 2043239985288695730641490305559342761953159395357408116522762270199326087544897088379015965350209790221226278523425567 2284385859130759460289049285778017039930017986585511598241040268563382236226268904896867635164199829032677866184028328 -32481466097664716532698084772717991967231 391
0x0a437187d475e1427ae6e9935d4280af65b2069ab6c8b46a4378fcfdbb4a5539f5d5bd960ca6a8b8a15c544a047dea8bc86022a545fd8761ff22a8de25cd45f8
0x002ea477145c2a71e7c23de81dc5e964169b78427c1af67218e5c6691fce700317e36fe45afa03e465285f0d6788ba11c5de9b56e37dd9a686fadb1daf0899ed
864175120484581453683482079962486176185193500155369104423588921177379322250834082489183304374038697487834084609675858746433355728113743766078731283595263 1413046687581109718248771840412316107072201678400185488271372369639534311057024037360617851806532731317681924833784281 361691188888830481254177065468094300479906737386895422089727637623711771535950901350486729207264820686682305205432800 -76058163456940835939805055780656219964377 391
0x04135c389a06205864f619671843a17177b1a837caecc0a280c6bf52c5d436d5831fbfcab3f6c9cbb7e6ad11d6807f4ea4c6fc7e00bdadf2754d704149eda647
0x09ca711db2d73b75ee27b8673e27fe0e1bf600ee3770606b310ab1d6b8f35b2b3b0243c946df9867fa6a41a46afcd75fc61295247bc4503b1faaac640bb9097a
864175120484581453683482079962486176185193500155369104423588921177379322250834082489183304374038697487834084609675858746433355728113743766078731283595263 1146459965591022268495914126014905336926816325845524995972665292157347840674537569272945565214616190432703602386156511 1363662559633346177749434887474480317396902791076468054175125096202637992061795421630872917646494633214705349153038288 -54937324763212542264180619012525632448351 391
0x0e0885e7342c50ed80adba4150e11f60f5acb8a4b42859d95dec2425d11e27c0639f768923df4ca100adbe64ce7c9fa4fc9eb3200ba51a014929f762bdb38318
0x08064b1d09eb1b3bf891e5915b5af8cdf910a81faf7bfad055e1a5359af918d67449eeb8b3275b0b19296b31123c5c8e23faba110832f65c71d8088f89b24333
864175120484581453683482079962486176185193500155369104423588921177379322250834082489183304374038697487834084609675858746433355728113743766078731283595263 1783525618963250567914197117619224039984116997506083762658593815241701308618894773075107602949660533254953298468862957 1048904772803531729364212785616156962836697141898159119780829663869827887089465873121397280863298229823571613409829908 73857143467453476555938182348874272753611 391
0x0fb060fe3561c7958e8f8d7b57d23fe2919c944036efd6213c9e045c144631ab3b4fcb6713a8adcde7bf3ebdbab89f1ebbb9a333541ec34e0007d8ba0538b1ea
0x077b9008f41aa40380cc0ae9cbc0069b2547a556afa77d57ed96d8a8c6c480aa13613dd79335354f629f5e9b3bf97a0145f22a237c632a15faf59190fda39b83
864175120484581453683482079962486176185193500155369104423588921177379322250834082489183304374038697487834084609675858746433355728113743766078731283595263 655332685004666341534176954951823845470183342483795905895300071500346801279801672653095306923321464261553033695700507 1647556772799028380443459130988991864509834724064097708129306392156943265741602419158421501124710139621439726960534600 13659430686584605372676902628154163285893 391
0x0df791c1060276f81f70248e473b0f133c0d1a4243225aa55d74c71d9ef5be24253c9703eee1268d8ecf0d9cfed673d5dc7b84e3e64d591ba4a57acbfd2c956d
0x021c831a540a51b364d2d42159fe714fefa6d51b2cc937700e76680387f23979afa32352570e5cfe0037fbce57fbdfaa20c1d221446c9a2b229bda0a5b03891d
864175120484581453683482079962486176185193500155369104423588921177379322250834082489183304374038697487834084609675858746433355728113743766078731283595263 1120338033972643577705139505214187308329156446991524490860623202561653123174502811461560647044565664671123705193727149 1939185668536681731354010919525188061722207604504973296306799223065074332279707847033151326310807035485630453895335188 -27102545882585888197080969260683180783883 391
0x094ee9bc90f56a655e7c567752348ce5b38fb04aca8dfdd3e073b4e701dafb3c9003874c4dd728cf7675e714add034a6e12000225288fb9ee24fe55f7cfa0491
0x05996df01772c8639ffd5082f6b06e6bfd5cebd63a0026e0bdeb8afe3303e9420bd76c8f192e83ccb08217acea009508920372d6e3dbb93d336ea360056ef6c0
864175120484581453683482079962486176185193500155369104423588921177379322250834082489183304374038697487834084609675858746433355728113743766078731283595263 2302827647831908339910500436626374658352993105105110973450728489547528727385190214693223784543978878213577580047991479 1749191162330642156394948195728612346462041781886472617409633943987942000146053473609843272684488755497372649344149232 -61339861719437033812664155577840897398327 391
0x0e54e6b17bf8de26deecb45b3c782b150b5fb10d893139752eae33be27eeffee29b886b32a3ff6959071e7cd49975ae46440ce8ed5889e110ac05ac4cc2632d5
0x0449acc3748cce6d0ddff6a03c786bafe3f8530e80f9efb0897786060da1a0044d5c879b91ffc72a4a0914f1363b55390d1906c62ddc26aa6d9233350208197c
864175120484581453683482079962486176185193500155369104423588921177379322250834082489183304374038697487834084609675858746433355728113743766078731283595263 1819741538033752736317700757127769425635678298413679996185912688952433188858523195326845738403822640349615487347716675 2411472286393702944761640888571567797096237607358698536352958590774753672231712767725047140291564761591648706347815020 -7691957624098934353547021410310395185275 391
0x07840a0388b213124de6be53c5eb7ff1724d2b6a3ffd544354c44f75cec8adeb95235835bb8670ab459376f8d8a7fc067bbd18ac249f1f987de147e8e58f9308
0x03cbfe7ffc2e3f2a766aeeb0995757cb738377ba3430e9916a7d5b84eae23b9d0ef2c89de58506cd8ad496bbac0014bb0058bccaef6ee5fc64c36566ba3867f3
864175120484581453683482079962486176185193500155369104423588921177379322250834082489183304374038697487834084609675858746433355728113743766078731283595263 2024636025957406897569899141159817049164051508854201406002159897694145698878751918440117425848198329599275110403556671 1733277993028933113096626959391416600334041328466023005257887479666492131756720944535921900395729680263698260026530240 -59968461125165294356329578357897887530303 391
0x0273856f1f2a009909c717d615b2cb3ac8f7da306149241a162faa249f78c11fe6585e9b79f55ff36161a6f59bed11694fc6cf330c654c00354ade6c5d531be8
0x044c7f4619482e8f2cbfea93243aa69716f7eb36bc6b0bec39e916801f21cbade0311f815a39916f4fe41ead3bae26e00d6dcf95315861f0314d297769fb2caf
864175120484581453683482079962486176185193500155369104423588921177379322250834082489183304374038697487834084609675858746433355728113743766078731283595263 599389506019038339728788876672456632451313239449333078973166651534845187515051773580835131186746368032382463006628079 1522726535549810647232355960166605349461039885407000871076847158601411751891626545768883482703698377371498031696342476 19981509830762370064404766247010198023495 391
0x033816073660bae890e243010c98789d75d838c316454725bc7389ea8ce72af9a3bf88addb647fd2e7dd550a676078c09a8c2e92a381a4168d019606ab778855
0x04c6baee16087521ca0642b8e3ac5eee324dc9c296e6034dbe6142617f3f40ca8afacf34d4aa064c9a3de57872b545a152319518931aad10d6445212369c5631
864175120484581453683482079962486176185193500155369104423588921177379322250834082489183304374038697487834084609675858746433355728113743766078731283595263 759811771984383387958739639443009575363472500760670691759462374701624695328442032606926158417294576442904414107255477 1765529296506727493124689290768494096654536813411059858785321943658027220349891274226712868747220408474209038759457848 -12621736794792697564538940966982713755051 391
0x098898a99ddc758716b5f495e072774af28e8e7233935d6213a9b4f97a3bfc176161f8677ae4808b8042bdb5cc0521ee8f09cbbadde870a7d5ffb59937395bd6
0x08ca54fae97914ab337b5c35ce5d3b5d6a2be4d5da63be7dedb89ade468f26baad9d0254025b20bea8bbce66d54467cccbf245e1fb00e474ed36941646e64b62
864175120484581453683482079962486176185193500155369104423588921177379322250834082489183304374038697487834084609675858746433355728113743766078731283595263 2175194886848065922774203706177391829023246148840195728197448466419887703293196358683315141825720173898774853931201271 1591790833098217488861475002350121497570612732228534483965644922017764497290080270562595654667545696800687328902165748 -65479708928805127111820370470509748521201 391
0x0c94ddec531fbade614787e4a954387533822b8f3161d600e90521afbdfefa676b9464cfe067da61701a49b3482e801eb24d0ea71b2b4412529c8b6329c226d2
0x0b3eb07e79ed5d58ee8c35e155817a8d014cf49b550b37514a2a36832cf54cdf4783ff278142d60399eac15fe4111ae358db4a8889c58c0d8089f8b8ebec66cb
864175120484581453683482079962486176185193500155369104423588921177379322250834082489183304374038697487834084609675858746433355728113743766078731283595263 1276579419404540323003849031965198736114150219962692084706691974493748107729448941357849036257750884882095923770795075 2192111239909238770704847253476851543410501628179609468707139417644515657943173709437471405525254976261565518915251440 -1973716296744846877286043056375130753475 391
0x0ca90fa0c8aec4607f4b815bd21797b7a1d572e121f0c7f24ba60c24f9520a5cdd18a0137542b294a15e0df0bac39b932d51a0d6c435dd54556c8be07375e894
0x04f7be0c6d0b650addb4a78834b4856d2563aab93eb9bd6de59d91d02dcf92c0969c447f645343003715c4084246eb5573608c823d238f6254624ede5aed3c8f
864175120484581453683482079962486176185193500155369104423588921177379322250834082489183304374038697487834084609675858746433355728113743766078731283595263 378169920898643745652539931601190945387187511860334240001872697268134209969666144063022349651234969945168210133799311 1322611138785741820747995332562982331496693388020071838735981432407661578383331517416229056265376032183219892159245788 4162207227839299087792877496930974773849 391
0x05adc979bdd626a74f5f8b1594776389edf83cd9c6bbe8283d0404c301589244aa6456b23d0b066fc4a7fd1ac24c27d69814b5386dd60e7e391015783d9d807e
0x0d0df3b30097be8c8c8b6f194e6b5123f05596cb8dccb5b1559e550471fee4fdf0e6a3f96a1deb32f014d1e774a22c2a731649d7eac77e12b3038ffcecb00069
864175120484581453683482079962486176185193500155369104423588921177379322250834082489183304374038697487834084609675858746433355728113743766078731283595263 993242923562672171729400058954804201849361673976969552072687766007433335452086599043260269690802086275239583774130137 1691375730351413599215010423629375511452953829801644722572411994911028326474605116111091879051431872624235964777139772 36670752793305268234936639386564572418561 391
0x0627fe91d9044f2dc8af7467f70aec60e27e3fc0ef21321e352ff7d71051eb806ff25fca312e505a43b4d7213cc0232eef9805e5309137203a36d271aaf38694
0x0a45fc2b5bf2043d743cd92862306327bf41db3531fdc4e7debcce82968d6de7007652ca4a191b652eed5e2db6ebf5fda763ab792050654e7ffc1d658b6f4489
864175120484581453683482079962486176185193500155369104423588921177379322250834082489183304374038697487834084609675858746433355728113743766078731283595263 1701780561284081154342411314581432517968610099276885280314174733543011803276627927327139438245366385581527356460507201 2304690812521220779718788906705136151978979796854224727660274706721010812444765444000259685531921076470460759614385808 -20836774157293518268114270517199287216321 391
0x02d7de4c0340296d89112a55b451313aae1f3c24f8130620985915f9659b03b8c9be94f3dde034eadf65845a3184ebdb2d2e887018f9785bff9f847b1110e6f1
0x01b8e5a893985a406e7105f86aaf528cb486c40c4e6c5f78dfb204f98448668696ee7223623535481d35774d32e3e902efbb94d511ca4cf292e5f3e81922865c
864175120484581453683482079962486176185193500155369104423588921177379322250834082489183304374038697487834084609675858746433355728113743766078731283595263 75045662666135472532280357313292396003584164919142649321984901560198202414306088469006616103088016568265093377208839 449389602451930532409173648499426457375290678740635960576477066270228672153008664606095860323249212264284584916544728 14063021906435825001907280897848557955047 391
0x06ec6549d6f626c733c064e88a2e7bc6f4f43334b06ead0c5d535bc56cbd3d07d5d77adc86c4865f1f180e2a271974b6989c1e5604e123e5c7e8c206cd684d30
0x084345e3e9b87a02a119f41cc1bad85ca1b66ce36855f381ef88a6e25fe10b3dfdcd0a2df799dc8d7c5d367be82416d98184f039e1956d08faae472684e22ab7
864175120484581453683482079962486176185193500155369104423588921177379322250834082489183304374038697487834084609675858746433355728113743766078731283595263 534767500638245605299359739294576850670694864406696245222563235613013102401262768854188548124540078205744178462456097 1377833920817473914396323494939743891570482017255666916782749712168295847790568942287424362808130065551758566428879580 24356778565764549369327038190742827091337 391
0x0548c36592b733eb052df28de33ad83562a9863a8f9bbd61123ae3746c4a8e7b9069d38958dd91c59aa7f921f7555203ed7ad364c21db0135a4c88a9f7b6fb3e
0x0713530b099703400b536e4aa8fd9cede7abdc6688d6bc7eeedc19aa93fa7329f21da9cd8c60eb743891f48638a809a4a475aef009f7665d8de897d533f43920
864175120484581453683482079962486176185193500155369104423588921177379322250834082489183304374038697487834084609675858746433355728113743766078731283595263 947816354100083048611750059907600252190461224237371805581555324148889624916493784637636148766478377459451174769314477 1549731108204560591650833844650557232009465692980330620075626244718736041208197686721662235094359629368674172423450152 41387236867125485103380313116030813899699 391
0x04aacd56ea4d125eee3c9233bdd02637159f275e9150c0a88b4ad1721ca8889778e55ff78b78de46212c23be5d4a873d273ed74ad786d8a23b16bfb244dbfd93
0x010a37f85fb70ef5996c11b60f7e8ca2f87b54692b39665ce1e4fe651c279caa10b54edc45c16f3689b303d839fd072864db6cfe34fee285c04500b8170c1ee6
864175120484581453683482079962486176185193500155369104423588921177379322250834082489183304374038697487834084609675858746433355728113743766078731283595263 1788060368234113260531358236460435864888026376379624598665948665042940249587693981086577594614330874149048293051686673 2323542183297577905708678591157902805512868560282707782614665064179928352573438252926039855832029045721521357051155700 22098043770377466107358017755416319911495 391
0x0e2cde5a49a4ecc418031155d8ff63ebde3b65e37a5e52c80dbef5f07038935d11394740f4c239c69cc4f791beb2357017bfbe7549b0466e2120f387608543dd
0x066b1aba49dc5622671125eafa9f1d1ffbb2cd54ccd0010c90bfed55b2293823fbe377d0d0d731307793ccdcb3b8024b02120c5bf035a064aa7115cd76cc0a00
864175120484581453683482079962486176185193500155369104423588921177379322250834082489183304374038697487834084609675858746433355728113743766078731283595263 1624847535642141735642178634621203612214458975954779106715806021568401418759909821835307259853916297103991900538851923 367915897954672122932680937022606277909862238059143548661604622054663165635307009902284660621934647750617726798766000 79190482643038296466477911922402638013395 391
0x04b4d4fdeca7c127f0257379c21530cbc59070c06a3313c21b0225a44ba293feff93cb7d278dd74f86738e416720e9edfbaccecd02d92b01bbb6cb599ef01edf
0x01ee38a294094dc0147619ce393a5e6b517cc27b374f6fac1c4c1660fca909636100508f29baed737d0996fe255b30ed5899edf43a9fdadaab18b6e923e9016a
864175120484581453683482079962486176185193500155369104423588921177379322250834082489183304374038697487834084609675858746433355728113743766078731283595263 1839482666713757232717678182557702373664000011104944457570462782655106044348030998673498700999845975369883829733406549 649446882254543800137965285001442519536677606409947889663979171734915156429042765799998163780214382067374594838440472 79573259770015773515920589817192782232053 391
0x07ae89f50306d45fe6b67323c6e67f81ad8b436fea81d96dc6c920ab48a56c07c0195662eb719cd5f0784bec2619f98f76a5a1e54296af8921deed592f80c64c
0x05c23c9ba09a35e891c4008d1fae88aba173022bda6b3e9daefd457b0dcc931e2ec3b53ae46b59b61a370dde196e041543ebd6a9ffc142320b6e6ea21766c1ad
864175120484581453683482079962486176185193500155369104423588921177379322250834082489183304374038697487834084609675858746433355728113743766078731283595263 620909358026961752271174658106889173960277912431184604045473299459902041232532557414857609889335537379846880843278359 101816649386276978183173881376723203101580426725610800946659422934017484125838582875064470511552310148808760908074924 56263682460776688747535224584595296827985 391
0x0c732c804f3807f36bba7fe56a90156dfd64529a858e65e9cec036a2e4d682dc484ae48c2dbf9a5190aa0e1e9dbf57462ad08fca8c8cd649ac4a7a5990b0ffe3
0x0cc469502e3c63cb20f3a54b4d903bea76b80622ce6c068475ad03a1458e22e5397acb906396218866b5e87db659b2859d6c43b14e1848b4e88084ff2adb3d94
864175120484581453683482079962486176185193500155369104423588921177379322250834082489183304374038697487834084609675858746433355728113743766078731283595263 1697318216190608208821364405740169062067229533364113676572520959941149032743445964261702971478021415586997198195064941 1496001667055816987637595149510386858125081553676067302445972925350355039413331783381306134420605451161169410672051008 -63105800921924603037559472828847878727789 391
0x00e0871f36a9592c53d6f594a86047251c6382c23aa7e76036943aef113dcfa4f999867e9a2c84c43f3741223de7a7a5e89b355f5be7f9fde3374f04c6103d0e
0x08df1391cd50ce1f94f870a539222767b7ea58914f3a6c54712206df53b12e48ad2aeb0f49b5f5d6d2054c55e36f119dbf4a6f42178ad33b94f39ec2e2182df2
864175120484581453683482079962486176185193500155369104423588921177379322250834082489183304374038697487834084609675858746433355728113743766078731283595263 814990490728155115508263393996446849096735105556308386674175740038309040952776329660192822074498591992779621881218371 1780659201668259866569671973592736336821071298804253710673864359884472448302324938992952098400414957055022914524736112 17852171496191760453819704907360685161789 391
0x04a61ffbab6d00c2f05ca5b241f2180d8e5363a255d4b97c32e0b3b0d4671879c9e663299c68ef8dff7227ffb1f923599157c2290257ec0b86c3f56ea80a53b5
0x022c7a3f1c518c762ddc1917cf53a47b6e099d295d6b2f6e5033dd8dbbf8cf3fcf2555b518d1b4bb766bb01f7c1ed1a05fb0df9e060c0dd2c4b4519b0629edd8
864175120484581453683482079962486176185193500155369104423588921177379322250834082489183304374038697487834084609675858746433355728113743766078731283595263 1550194078800633911116058593077404782426002559846590936527510611175192189608232413388487418038661398165233249474406441 1925190847263337376020444200867778018899870257245930042879201634951173862446675224458253476029182815868331721430363308 -44468688039483563677486535410453462355089 391
0x08edd65bd0654cbbd573bb7ae79b0761cb843ebebc8740c9511c26271ac7fbe6b4830163245b13b8c14d82ca0e0a88b193f589cf9ad07284e32d58a350257487
0x09a6c00be0facbaf3241c1e8d84e2be5a4133d00c5dd3ddbffb619cd3eb039e584e2a7890021a99c95097133b2753734325209a5f0e78ee80a4a5aec5b1e1387
864175120484581453683482079962486176185193500155369104423588921177379322250834082489183304374038697487834084609675858746433355728113743766078731283595263 1481194254107848033435076382129279355533345195610373212486235064787286956597275806504648417489661112193884207885034075 614815146359072723217055329251395087726447762565792701585478750645858253888023463919636539734938619528999042063567420 75288123298962528206837287186960736052845 391
0x0f2d1c222542e0a279c58e55e8405890f8f310e41bd592a91bbcb368c8e1084a4d7aca3b74dd14d44a20552b8ef86aadea4458b884e205453c017bec0108d263
0x0e0a3c12c3fa13f54598b6fc7192dd055247e0e3d694f3753fb3d9f56de8d2726ae86101f6dce37f8053797bcc22ef91e59862d0ed27317afb3d405637e0d3ec
864175120484581453683482079962486176185193500155369104423588921177379322250834082489183304374038697487834084609675858746433355728113743766078731283595263 761787258570174852319954110271427480489202427197418505903653822623355520787944046311138191538195813801991059364086631 638265648688059144749252576016981579959479143076704815110957096943677403052006143567729887090123822337216538571783520 -57471408371584654648831603448557301317273 391
0x07558ccb7790379729a174e29ad8473dc8838b515740ad56d0b0c1d6fbf022dc04dca8cbfaa46699d435656bf324f3ee12fb3bd3e92cd55820c5b63da1dc95e2
0x0e5663119b332e789cb0803bca65cc4c6d27183d55b8b4696f2bbc5288acd4a9ac744c74e4a26a4c4f5c8688aa6fd6e268d184763388561c87478ca9c5a6c070
864175120484581453683482079962486176185193500155369104423588921177379322250834082489183304374038697487834084609675858746433355728113743766078731283595263 945013881214788136902313723974438607145615926967792163812043803378745402073594396769382493742695526772772460144641977 1964144952911709134078059213886197539504751443522578181959464834806360451605618093770189215426952347760405318966244440 4196692208279892459645824526577573220903 391
0x0299ea10a92d4ee0e99ce9dcea89f8d7d129baa796796be90bf52a9afc8f21ed4392495ef4076166044440e7c3fb9a6b1803d3e688e274c9b061092162189936
0x0651abdef6e7341a828b63bb2ec4d3029c35409edab301e8393539e386ddec0470782e8b072cfeb0fae97921161f36bcaab1ec01e029c79663bd58e7f7a6afb7
864175120484581453683482079962486176185193500155369104423588921177379322250834082489183304374038697487834084609675858746433355728113743766078731283595263 833133205999352704499535367927267030410432346840787176884217552253233823853044857043097921236678273157550190646835089 1812457085713306533630504788901264563383595316118846730163640040008619477343027031118716889177715396959383635869750252 -16055263351417856168440907098592368291513 391
0x050772c345bfd2e72235e7fe3a33e3d16f749f660084e658edaf434dea74cc289de0e884648aa87c4ea6442b73d2005ca2987917389ce8d8bcd3beac4d58ca14
0x029f49043be2962846d93c359b715119bf6a7342f3bf15f63a462a7c128de5025a228fe4cd1fbe13bb02db8cc3644a5a31b8d191ec0143174d3b4fb6f32346d2
864175120484581453683482079962486176185193500155369104423588921177379322250834082489183304374038697487834084609675858746433355728113743766078731283595263 917293497280140061060381476970128961494357804483228411751581077414686229672708585164133434132988427239600484618463157 1765881465441565733545919957276696950337697792457310957677124275430873462102669048904270197560447477611771270507764588 -27772853745945861645223994707485611681981 391
0x01f116a044326d6e3254691d8ce8fa8b7a0a926c6ab08c9b04dcc4c31710a2436dfbf5b3fcf0a026e939eb6abd86be91f82a41ee1fa23f8a2d41f5d498e37245
0x08b9b816669d978ea605f5fc8415bba2acbca48b2ab925a19f6033e5ae8785a041b0dcb93f4fe291a3d73b6cd15ba38b776e8e8513431a6dc22f70d0959f2290
864175120484581453683482079962486176185193500155369104423588921177379322250834082489183304374038697487834084609675858746433355728113743766078731283595263 1322922962043983785555272999561434464138775660091285004194280249473419405785271688821001523722394393887964108643883173 1497312263673758634338745566953239573013480568781789393629551303978376534676947868593601482309801241190874130132420680 -55688997998379190529408514598453822608965 391
0x09b9401325fe08c6541fa1d466e8e6732a06a7d2580832bc1fcf1a51576cd42b4fdead87b55018c5d4a4df1dc99a4f096c9892fc2e8f688be2774d27fac7af19
0x076cf7beec3c514b74cbebdd7b0f76122cd64a564cc29b014f8cb8e2e5d44f0dcb1eea3a629238203ee4bca8d9bbf8b22975c0a72552f4416b5e78595d9e5bf7
864175120484581453683482079962486176185193500155369104423588921177379322250834082489183304374038697487834084609675858746433355728113743766078731283595263 197525839355778839854891069778755836146228957673054556377862990151898114116112223883093236077885437872923006907564739 205155824470195808785370537089623457273225451659374420495715893190836957056459105239939711943075054489162185849441628 32541323890253821002468043003076554886597 391
0x0454bd1f53290d0ff2123e1669a2b503e9cac8bb1124047f06d65ba085e8d12ec6eb7d3859af69729e847e047fe32a46b01620b2087fa9e936113db0fb8a5937
0x0ae755029d4f7114088515a31e602b8969f175ec34f84ab924f4c7f9c3e65b5b3a7502a5748c185d1d3204716cbae11972902d77f18ed396bd54561b8d288b97
864175120484581453683482079962486176185193500155369104423588921177379322250834082489183304374038697487834084609675858746433355728113743766078731283595263 1427902712189487014777724596086867932804010035282417973256599893259039853692888342113950849012487597893641785009394647 520171640183872607153205527928128266557775393424245883559937459615426708348903526198218012434968629274159548099040932 75239506380896476574245389111392261595311 391
0x04bc2794935a2d4702a2a8e49bb4d2c0cf11a62f3799fcad3b807c91ef3cbba23bc97cf8f02b08715d438052135d9952813de0d1b2bd77079c1f506f426f1965
0x00d84cdcbe29d2d57e118cb7f59cf91df1e8e76f81f941fedfaf810942f22eb25cde36001bfd3a1bf8d4091bb03a9cfc2aa3eb58099561081277eadeb15ac174
864175120484581453683482079962486176185193500155369104423588921177379322250834082489183304374038697487834084609675858746433355728113743766078731283595263 1757164258808584205923616335151782011321234831740387295542893116790681173393491959127511119044316243191726699702730781 136983096787247567684789340186047347087603154891139049711875044758239526519740361779980560035271580871688523619072132 81611553370615062202491377413662359524059 391
0x088df618af84bf5c936024bc0d47c81639a7ab6f4ca544e06610b069fb3eff2394fe0e804eb91bc0b3bec4554c0c3ed94da2aaf0fa57119501e39ad9a2a18a67
0x0bce32b207ea0a00063fcc6d510f96c2eb63d1b763ad454515e7bdf363206f779619536544086d110a539f1bfafdbdcb3344ebbb574b8daba993149ff8342ab3
864175120484581453683482079962486176185193500155369104423588921177379322250834082489183304374038697487834084609675858746433355728113743766078731283595263 1259412078567535342890234975136412225173651219087366586740621386339816284551480533705752804400367276402573793784133661 1398403500005237812999244367667782897730208269733044033820248362526219251338655593628544835682160400134923539811938440 57024704388859912615495813001367545423683 391
0x0058ea2f74cbf8c33674db1279c7383d10b40a6675a8a33bd3b5da10bba1da073ff7b685f791f41ee8abd8b665c7212c07f863dba755f418cfd12516cbdee0d7
0x09cc3186c71b1de28cb8659d1e21ed47f7a3195dcaedf379b9022819952fef7c1c9dce6696fa302a4bb23b203e4468185149c468ab12b8171fa98c35fc6066ac
864175120484581453683482079962486176185193500155369104423588921177379322250834082489183304374038697487834084609675858746433355728113743766078731283595263 689927519657255926387248550621702540272300675895812447985356025895709173275250510176198651028936104837459756412044121 1733058611109492605268901297477494316258149766553514271110647252373813829412987459613112732776092954061286460366212592 -384114586465180392421371206701876938791 391
0x03962d170bb64d243b1d0c249194e59ef99b14416a4b53dc876a63753802ffa8cae274fa78eb0fd4c7f94cc66f6404ae2d9934ef6f298eed9608f861663dba72
0x0148a69a3799d82bb7dee794671eefb1c2ec84b9223a18c5a06bc42c691507c72cf0925edebed6a83210ed78db3c9795add8e70ab6e8f8d2439dde019706c968
864175120484581453683482079962486176185193500155369104423588921177379322250834082489183304374038697487834084609675858746433355728113743766078731283595263 769252992150937791531020214935346643886208988620787448824942473586162094153479918317976939554690614624537670177199187 310472178307969376313866551189311381349434515144481646940830575089973595746936688289896698790463999796398813789218772 -60771509096563359319998505051431525984011 391
0x1046792c03bdd6d53f73197553f576029a8f17871c782f4c764da870441e9e23fc009a1482ac9c778ad2a34c0c1527a99c871873cedb915f697668ce1083d161
0x092d09d95f3d11d761c7ca121aaaff7801c4fae4b65bc0714e43306c451d9cbdff09dfb84dcded081e1f2a67afe24aab3475d6bab9ad86def05b796227410c09
864175120484581453683482079962486176185193500155369104423588921177379322250834082489183304374038697487834084609675858746433355728113743766078731283595263 74022224904420254281789100836866225399069739578129738199125898130197642954449150061059849955689754396988083450493819 600645645357894323421497391968548225941870130709800354950100489013638498797949873141970666153918174573768472689372924 -2860971931815797585160285045323117597875 391
0x01b774a99a973477a5e397ef21d975a3408a24acea40362c6dabd185d5ae2a12bf1dc00d9fc7a299fd52add1526d0d05e7e6103603617a8bb863690da0fe0a01
0x0d50c55ddfe86ed1c859eb830b8bd061c81ecd0bb1a8c35c2ad3f889628f2f95954fa6830ed5472323cbb8367e766293fd3a6cd92cd087366c13dc9125fa0a42
864175120484581453683482079962486176185193500155369104423588921177379322250834082489183304374038697487834084609675858746433355728113743766078731283595263 27658418398353501015926611668426707090264280725838055866641915436660523404573484531804870117044310509750247994427481 371074032901977144652659581803171596525663503287744612985477647651779704741986964765199124641024663056829686779594208 -1093384357682464442616731940877049600601 391
0x092c29cdb3f4b3516be0b2b28bf7ad4b010aaa70c9cde1bc2bcef491afcf3c7cb7a6c35a65b87d612745f0b8d7e0940a3d671910b4c66680b7a53ee64aadf61c
0x055a3bfcaa99eec128a40fa890f0125f0e6f57266483372a2d84cbf573d286a72d63cf302539f67a9180ccd0aab5a8a79f6ebae7002d671825206490a5f4c5a8
864175120484581453683482079962486176185193500155369104423588921177379322250834082489183304374038697487834084609675858746433355728113743766078731283595263 2378446093041695283962681760688309848647348318645309781181066432324821267358085976213190005376959061336445513830744499 2097118349112158502187081240787775829022753280854137475022970866254703671582189426995026171744966896583771370216656824 47388827615715716654284700799467019745555 391
0x0db47ce0bcf954180babee6e17407ac4e8e07ec9837ee88c0cfb8f980f2737fcfe2cb939a78c91e1630092d8a6e4782490a838d56593565e16aa9de4b997c666
0x02c3ed041dc1aa492a4bd7bcc059574b05f4700910b840fbc666f249bd74b7c53a947398fdb5c737344c6632eb49af6cac0bb9cebe4eba18f7affbf31097e558
864175120484581453683482079962486176185193500155369104423588921177379322250834082489183304374038697487834084609675858746433355728113743766078731283595263 361434571037436144024471121321461091338770618994220768177958388078554557466204642278445152541766362954879618454164217 1258874311670247523153290277811050072055831612052417742977613831631780542586029856537669753243451438061286476521644008 11152269977762589524812073159963474644199 391
0x0983c088d0a6a04ee066ddcd40ec61cabf38e6d6f86b75c9c2d60876ffcb8457623d4975272c77d979586ec9655d2c589c548f23c38eb8392c581e90aef53217
0x0c594615dd6a71d40f2631640b3908528746ab48716c80f46234087544721bccf2e01ffd98f475f8b682c4c771557b6f4b44c0eaa728639c2d45a3e43e73a701
864175120484581453683482079962486176185193500155369104423588921177379322250834082489183304374038697487834084609675858746433355728113743766078731283595263 1677804343656517264686277170550710676829155961393903434390611991751677831710477806541364592555164818088214464180829941 1538723522272474810527874256967338173456160302252282383558931359874328255149247965817430712981129065833724129964334912 -61600675099576944952490052403102197147381 391
0x0d30d723b380bc6e4ff096f4d9596f23cd3c0a4519a469e3e61ea20d158aae3beb16e7b36ec29be6e7d38be80fed8271156b1146c2dff3caeda2f0c0ec69a38a
0x02f9f1741f7be2d8c54ded07df96c8349bc7513892563480be2a4ca7355e68416ee8bf406a2ff9b0406588ff1b104d11159b189898e30d2677929ce9395dcaa8
864175120484581453683482079962486176185193500155369104423588921177379322250834082489183304374038697487834084609675858746433355728113743766078731283595263 1951043177014210081614390216962375587460559827925195170725622205398835497939126268279264643751176807186577772846768817 2081797113808164477848257862144085541889243805037181431175703659884992004637633918190634837262163106570211750788819768 -44347231240691820070672450290334928365359 391
0x040dbc773c246b39072c2aad6d50f5f210f7ba6b96d156e18b792c2ec6ea0502ef136821831c2d269d13aba45c4522c0304c51db52d79f8ab1d7b1f6110b61e0
0x0cb47b19394cfac707a4dfc08894c7882debbac45343993ab3697fe708f3900bf2d27de17bf57e1aa803a43219acac5b0cfc9976a8ae4e21b10a881e2055c7bf
864175120484581453683482079962486176185193500155369104423588921177379322250834082489183304374038697487834084609675858746433355728113743766078731283595263 122764204015693127207028125575407181138240287969023185300091450073320221487031432631699078739790823950225169476063881 28682241596123911008391562474509283485471203603305501746894020561603598377496140935087902880808544318244241691490552 -26421178856835605272325080897624563150761 391
0x0fce4bfa4dbaa043a5ca618b93a17a38079498f0104a0ed72b4dead0228988310176409b252a4d855bb0527d0ba0bf3a7a2278e48e5e666fc96b08454b1db32d
0x09742755e1e7b605ce1ee26703b77c06db69382f1ba7c950a67b29904efb5f7dcc036cbb0f0ca0c9dca59e1611fc26426c12170fb6d8fb6a15d3ab37815256a9
864175120484581453683482079962486176185193500155369104423588921177379322250834082489183304374038697487834084609675858746433355728113743766078731283595263 1479622888135199738834695780241807220625393267940407232102944218948197588067805409563823891040150520314864552156044949 989531509564860031139150661889052115923588138289713679750265590600634735315261386436642840269077501824418494245707732 70490078919237880416711465406822303938973 391
0x067e5cc7682d745757928111435fe8db7c5674fe603f7f7367d379652abd7f421107acb8da8c1f3c450d4e53bf3a5bdcd779e21e0eadcab5da52ef2d5c80eeb2
0x1040c3227cb8b34e0dd1fe5aa00b6f66fa8940e9f4c01b6dcc90d0b72d3be1e7901fa33d532a9572772ec4d438ce576a94b6b88cf27995693aed3bd6af94c5f2
864175120484581453683482079962486176185193500155369104423588921177379322250834082489183304374038697487834084609675858746433355728113743766078731283595263 2133795485659122125647210725274357916567322830529409079144297000511449600651013660380313090195329016039654250754069321 1524323561829592933884164723429297573643555974241844540687278350295458981845319793005759919780731715386442211050247028 67049875670223211249606524074300614055729 391
0x0be638f1fcba2fdfb8a3ad9c861727c97088be04883a4336865bee22fd2efd8f6ffd82eedf9bbea99eb437415889ec9b7053b3cc6dbd76dff155a7d8f2d5ec64
0x029ea62a5c183359b9b87cdbaa8ad2adbef80639b28a5deb2fd1e0fc14a2bd9a8bcb587978d3cec250279728dcbd83ca02bab99494310e4ad2b238a82aa27d18
864175120484581453683482079962486176185193500155369104423588921177379322250834082489183304374038697487834084609675858746433355728113743766078731283595263 1492110593525230794742586272555635170205772270061696243953369021730965664267180167828379803601120853609865141757076827 2300780521758758465717742487722007122169604963401063947891167747565111893630213753030332696775384345653815510763060608 2502124109279896286958228310710915807909 391
0x03ce540d1d54c2821d201a0b524c8671b9587561e35439e19bdeef859a3f10f39b1fbc328e70d5cdefaeedb4cbc7be9ea762b0ae386ad1ecac48cc46d47277bf
0x0269d82c048131aa61319d990c18915f3b83a42c0ca581cfa12d3fb7f624973425ce505332d0d612c35cbb6704d436ffbaca8a2ec687f154efb88b1b06053904
864175120484581453683482079962486176185193500155369104423588921177379322250834082489183304374038697487834084609675858746433355728113743766078731283595263 1254390420189541297500477245855248514715855658212658265499122242531792010785970923570374719309379999546397261117241661 896969244773394262043831816441243212997411926746308213821057621980697194341750460753758859573450063155560634434296572 -67594366550484673549871015871548074523461 391
0x036b559fa0f79d2434fa22586de4b954ff2fa1d699a30cb0fdd3db55da991205c221b9e1dd607de07176fc138af05e0de5cffb2e73ef7290623c626909f0996a
0x0d28e9fefd45662ff790fb569cb26e7dfb61a7d4e24bf4ec1e0445cbd7073aa562f24cdd45f4e7026bffe1d92a6f3f57dd74ec1791ca224cd0a6ce50757d08ec
864175120484581453683482079962486176185193500155369104423588921177379322250834082489183304374038697487834084609675858746433355728113743766078731283595263 382071050622030145385318629872740967473867156877747494841896421097666328108173791832472424290141218189853205085522241 945587196177119269096111931032001667521162693291806748617619651197254441379950731120094030960780280010106583663872620 32034878415580081190439974071543105009943 391
0x07e5650cc2da367d8d1ddce7cdfc814cbb94e6fc6ff7d07d6c0ba6c70352d230713f190d87b41e15a4d47c49534d98b579a663788107d163b5b91dc0ac6c67f8
0x04cc0f66c3e736aac7d22ca9a7c7951dc7db2b62ddd555fbaf844fac31f1579d23d5ede033a81c422e2c168cf50b22be372127c55cf0bd4b4fb83a530acc2181
864175120484581453683482079962486176185193500155369104423588921177379322250834082489183304374038697487834084609675858746433355728113743766078731283595263 1017684938560684762591186910767704524488252200719097146529813175765746025025907417083071093690311354216109198826206751 1707760606732178704025799720720063087317068985010297238568562435139582460032626396392109600288434090715902731106533408 -36960343272861855028383055754210545546271 391
0x03a380c79de9eeab6134eb46ceb2c68df4f475ee6ff4699d83c5da709be095ff48a30d78204d86c4e05ba4465377c4afb3635150fb92ecaf31b2d1f1697c6e16
0x040b71ce6e6b9e48ce64b8c1a0ac3ccb8af0abf872a402f1f6cd9a669ff3b6b68a28b13b942e953be6c48dcc7188cb7fbc3856c82d936cea2a9ac17deb428512
864175120484581453683482079962486176185193500155369104423588921177379322250834082489183304374038697487834084609675858746433355728113743766078731283595263 157700974097551415802357618178681461019572670499379452395536121515630071474110735313935887977034230248246864158680967 864602211119818111320194343195709250164628163642869069699630746839067091320672721861021345301378988225626268187565928 5153524661292842131224562594967471516519 391
0x058565b60f1f81336df8734eaaece3b5e5a7a018983921b7f6ff1621c15cd9b18227727facc21f1dce7ce069f8cdd0a2c522284424504425e7ffb92fdcf8b3ca
0x0684142f35cb20d9ecf96a2b1f819f7e75098a63eb53a8238ab09e11320363bdb72f975e9f54183c41ca3a47951f7839e62cb4992eaedcdc958f66df153267b4
864175120484581453683482079962486176185193500155369104423588921177379322250834082489183304374038697487834084609675858746433355728113743766078731283595263 1266577649709470158156818945278307057657490585984765949190951464270423192225538683458229507622143810614357175088177591 1498257564195605906351408297161589310087455029793148716227613159062003227458334851564710121376825890923091818205950520 54203197920589429592355261058659490197143 391
0x07d743deb56140124f9ec87d6a55a30129e85626ab8b3a3b88749aaa2e528ec8791ecfaad1788fcce596303b936ad04372df3f13878d7a9790ec47b9c8e0d084
0x0f4b17413261170e681ba45a3620d09dc5c6b58d14e6406b6189c83796cfb6c1c7a9d600aceffcef06add7de146ec45944f313cf1fa1017364103f342c83bf24
864175120484581453683482079962486176185193500155369104423588921177379322250834082489183304374038697487834084609675858746433355728113743766078731283595263 740271835915460784794867606496346474535611319051942107367582538026788612687133632040428294945582104994218927944959611 253368175134043623785207577692460673613986973853774618643760765946154398204034342472125530928650819908346674433395968 -60099249271761735888961950835017107539579 391
0x02812069c12373f5cdfd93a51738adb7490555f506f095584a6cf68711a2f9ad6f28c9a7664f96487cc60674e605a51d17bf52e31799869dd56f6d37062365fe
0x0bb0f4e60c78d15e5b6af3999010ed0f548b10ef032a9214c5e83ee8f09341b771ad3e2f6119cf9765645dc20623290ff27a4cca56ec6214d14e33422f1770fc
864175120484581453683482079962486176185193500155369104423588921177379322250834082489183304374038697487834084609675858746433355728113743766078731283595263 1850407766168839599624742734708863853866023814686662719035537657357952337802429717349518804118891634812984139120212891 2419701648543383544228750085261482753576939483925449863418684282923011900086791473154429535565003467505272635083047728 7867229449206740446984380352517723775259 391
0x074859db004245fd9149741146f4478f67006c75f3d9512e2099ae0fdd08d599afa15ab74f03c589ed46b298b8cd46f9c5b73c11c970b56f608443092e52f038
0x0511fdc0ffd324b36b405974ca23d4ee637c8847d0f321fa554499f44ec7b4a015983f225bdd50a863861c0ed604792cf988401d0d071d8d8eec893b0d251922
864175120484581453683482079962486176185193500155369104423588921177379322250834082489183304374038697487834084609675858746433355728113743766078731283595263 370913760668710677243214632263512742144019727231630685066171299705399382917826741159548267281702339154679130691279699 1163808034349206239322856210799760770220782864383736597050091224224672297640937317740865331274272285679697909406122012 -20932669662136738083467999648502414782283 391
0x0c1dc20a65f2f96500dbaf1e7ceb052ac9deadbee66f70048922bffec5562b109b4cfb90c9c1ead77d12ecf644fa9f22faf9022e6de1cbe578cd71c35cc9e3c3
0x0e20932a78c5715e0a91b177a62ce6eb943b2123f72318f989748dee8d6e6b07b1eea673dfc0f8956f203035268069616e17300bf52a9a7ba5031a4c87cf210e
864175120484581453683482079962486176185193500155369104423588921177379322250834082489183304374038697487834084609675858746433355728113743766078731283595263 334156555869782478115282745302438812070117302039530389436592974465634560688386985721694967348270795703164936062219801 1138178340473566099842013717897656200285243449855566960675105123424714456531001730970750980231583760123160615100445288 17942076254084523379292276509531175233991 391
0x1069cc8578162c1245fcf59f333d82c1b2954f922079efd7508c5528864836156f5e85ee96ad4b5b0f007a3b04dd664769c974ea61e13c20e3980de6738575d1
0x042fa0d91ff8e2326f3c72dcf000d962e811e0566342019390a67300c9a8eeab0dfb8005d4fa2c827f7a54a002597d0430f46487350cbfd8585465d6a7b13354
864175120484581453683482079962486176185193500155369104423588921177379322250834082489183304374038697487834084609675858746433355728113743766078731283595263 722250494730924782199979417256369364122474547620600502208146704894899492242894308491725879085243358598721573175256467 1427474367439629080742604490582787122029021914911805852885907105096445988749852052681606743162863608445476303201693988 -35405893624555112090793946682521822364021 391
0x023cd6438a8b1eb04792d52974aaa487028b10a4542da243c58f00c27ce1496fdd2fdb85e5ce7b11776ccf88b6ca8dd60442c1088fd3580216569c19e9c02e56
0x07407d95f110d910f83832aa5fab82b5d8cb0be56a9a555e8c9a7b03bfb90df3a3ac9e068ad1fb11bae309dc5c29a25d350f0eae8f955cb856bd90445f456358
864175120484581453683482079962486176185193500155369104423588921177379322250834082489183304374038697487834084609675858746433355728113743766078731283595263 2093857174400698347763199299489256202697026266839491231958546327822094638628693425919467989728703956886436694216224209 905474445271431565014273098737055926581252493990814740887304417468652295242243807301761502493517188191314348543799032 -78727370026781025022843512896077251557873 391
0x06215ef96050b49b6e89c03c72e5bbcdcf912bfb8b753e08e6c886cdc96230eb23696d4a255d9453a7f82699389dcc74046474b08195a19bf3b2244da882a742
0x0d457c94addc3f869bfe719997aaa5cfbd941f2cbd5643209ee751c0f69d1d3e7e4e4d377b77738fb60b9001430c189d8ec7b79c8329e390ca3537d025614d6b
864175120484581453683482079962486176185193500155369104423588921177379322250834082489183304374038697487834084609675858746433355728113743766078731283595263 1129019929040209679858631058992982535072671275315147971056665531428677410000739655685750062228848711029310528463809507 1921703402984588715107520124224927529373975940436804794409123140704220393100155092549595062545219298934517158936720388 -28995250916197737697069092899544700250331 391
0x0853e7e57d83d2a113ef5a489bf12a02cc271d4cb08b67fd9265b96afcc2324cfaad9a6bbc4fde862d27a4470c6e73b9c05ef3c4618372ccc2282ccca6cf06ff
0x0ae482b9eb757317ed098646c2edb5c417c11971d6337e0ed8d82807990a67111717a1046747977ba3dcad3f259eaf999c3ee2846a308a1c9666bb9cefa6953f
864175120484581453683482079962486176185193500155369104423588921177379322250834082489183304374038697487834084609675858746433355728113743766078731283595263 1846009349347088941052598616513255203150698705144587162282093350417069987678664863560844098866900025828922614137988817 1834400225137664987448103270377010588943260468592378489566912075232707071782546815987680917840083296493190844457681348 -54187810827435484034490361295869393927111 391
0x0e7880c43089de536dae0929e821bf350aefaeaf369a6e2831869de648f0caca1ca3313285316d69a7fb9958fc342961b47c3abcfb0b9f1eecf8a217caba9010
0x040eddfdcc704f359616878987eef7ea83c0cd897cc8e0590a0032b4f05379e06774ce6e6221904b7f3635b18e8ee70ee1206bd89dbcd2cbc446649815cd3c10
864175120484581453683482079962486176185193500155369104423588921177379322250834082489183304374038697487834084609675858746433355728113743766078731283595263 2283641016710544713299594553632688584229341277074754507161706718937144947748925626300328052944749376625395656706907021 2127445343644632146834821543554337120358196420617294522071244946571926656200431764838631410752086743831705874615882248 45338807324326213559334906881898997753299 391
0x0c9209c32718f371e6e801d6ad305ff3d582bbf7d290d6ea1c9cb4bf9aeba0b0c5fe246f616459175df73a50bbb2f914535dbb16746d1841787274e6bbc81f10
0x0283ab07c0edf318ad040a1fff950cd877a9ed6c86cdc53a955186374dc6f54ee312816f5951301cd5e68c5855627f5afdc926204317f47c2c381a069d856b7e
864175120484581453683482079962486176185193500155369104423588921177379322250834082489183304374038697487834084609675858746433355728113743766078731283595263 187352350658858727163796165541160152877304797007222173135552325753064882303775533374132804625687808629622458299918431 734077691133520062727666127063519718125301790672367942218756848597614625808395221924813544993622572739992095254102688 20717940377825195578571001941154794637729 391
0x004619a16ba47eb91d1d4c108d83e2673f5a943cae28b0e4f4b8e01ab57ccac46a161aaacbe40f20dd6f4f6f9cc82351f7af9ad4e3a62936fb4b8c7e71e52f43
0x0ab04329f444ec7e9723d8a01dcb6505c2bcfe5b19f19dd6bb5ff1b6d9d12c28fff7d1efd505e36d9e804f93a745cc9c773b906d130a3840f7437a855ca74bee
864175120484581453683482079962486176185193500155369104423588921177379322250834082489183304374038697487834084609675858746433355728113743766078731283595263 1110855525521577422658642789921895390217131308315335328134830313616493571810695145884196841738867124186398131943282825 2071006661446096666467594914260343697836175196630702043496301361456477021432880702071068720355300063497193458803954120 9590404950855449576641710897023896132695 391
0x0ed48bb107fee3db489797db78816748ce42f473a3ff6f8150fb64c5a4b720357062a0caa2b63caca6810fee35bd3ca61e9fc819cccfda06fd570a0cd8a9ae13
0x0a51405600d4a3013556b76b73e0f83919b94769e16a505cdf1d5866528e0a78363f5c65da642e4cf31bfb615620dba7e3ea50483ce4bb3dbc15183de5ffcf22
864175120484581453683482079962486176185193500155369104423588921177379322250834082489183304374038697487834084609675858746433355728113743766078731283595263 780370462093445172065871424714472716538631441995796082234445029692471671508367512919812220241744265564545676747770147 1789215245531334770726646100295918360230907273716930529539691049046739841290004507524102799370896721143667236926344528 12050723443140637174469900644604445467299 391
0x05f934a6f5d382bccd569a22adfbff4ee395b381951a643444defe463e1eb2cfb97be48ee4c7e4ec19e2c206a3a370b9eecc637557e408b188fc3ccbb95a1ab4
0x02a831070e9dee2d55eb9d68d5a5b2da9b1cb3e160f46cc1a0eb6cf8fb93823067443ba62291bded366063be7a2d451c80d1be93d10da413e8e0359348f818a1
864175120484581453683482079962486176185193500155369104423588921177379322250834082489183304374038697487834084609675858746433355728113743766078731283595263 766089126134293765546017557945753045436008942652967357327209355784088524795135983647715532861459626367267728235008607 497058159819730531784192240327772763720972368027341871258913753015657190317823244206144490686168589764099368586592900 -59211290640297906117040369891010904498807 391
0x0200f82e0a035c75f8657c497ceef43b53d455e46d9544cd12d745b8d85cfd554a6dd9ccce86700672800d02a3ce8395f2d99f69699069c6ab4ca83727ba2c11
0x0fc4e85c1dbc75ec4ada72536b10f21fd9d324876ae95bf8d8e1475a6a9cea455e76af927758a089a2d05e2f01bbadfe5576a3f930363c83359f97b06da6aab0
864175120484581453683482079962486176185193500155369104423588921177379322250834082489183304374038697487834084609675858746433355728113743766078731283595263 1491512462667259225724330946089870802497347706358312117295247855797164269094821867703189123651329693059464477279829491 1200227905025084374571142980156845563712249559169154298572309435452057143008347768401480062318665403820939509129451312 -66809227486844579202980624012961899030669 391
0x1036107b6782b2b120ea3960353aa4b69268cbc089aa3463e5a0c9b5f468d3f771f2628b3d131c34332227985271514d0329715843422a433f447af40de7e56e
0x0a795eec20a3ea47dc566e7cb214b63c48c49ce2ecd4279eb55c711204afcf85f252e781f2a716a559d27456a02632e0d82b2b7091753e2c57f39d64491fe8d0
864175120484581453683482079962486176185193500155369104423588921177379322250834082489183304374038697487834084609675858746433355728113743766078731283595263 1774474460791960659706069521216096797913197059819597241146751382776058722585914723920357457302552052251028969809241287 1704448845523140404961515579745179782973544293771424719828508416291609915101336492621924850318750214750598536707183332 57885113514229289803027229911841490922271 391
0x065e30c9dac8c5ee5303e7939d38cbc7d5a13967f86df9c321094d690f5e092a6c60313dd3d88a9d0122408a81b67476cfdfa2cdfa6beb68d1d71fdf0673322a
0x0708790a902958659ca3d861f25664b22af0f99b196588911bacb0a19d7d31e21376298d0bdb104297bd43afb8de5a44c6a33685625a406ceba569842f0e09f3
864175120484581453683482079962486176185193500155369104423588921177379322250834082489183304374038697487834084609675858746433355728113743766078731283595263 1062361081125548947782093670759023458123427743058556229689290750952915409999356342104223684200793952916062989288834229 1588410037815108607562442517799453136499206422909507136674061147870242903431704519259941809517767707834283704176150428 44435358283846289260128743637392753155453 391
0x01214eb5cdbe690c13cc3bf71781caa1b2536be2a88eee5820d3a2169e3e7c0a9c48886c469b2b67e426991641f49ed2a81477fcc3febdfe62cb94983473efb2
0x0d4f109709f14c9497b4cc9a158b277043592a40760b70c4707030311785891a3c0986dde0307f54407998662433155d4e556f93f5aa7f20b5bbf40be8c1d5a8
864175120484581453683482079962486176185193500155369104423588921177379322250834082489183304374038697487834084609675858746433355728113743766078731283595263 20335326308539697181667267492372631914014733032907517954277771430202954931720006421444250242671982826825081754154571 62573033685025592152756140483003957617359729170879720385593627121973632914635824782180446547081693771541567661124508 -10661648314676025509630203828148681706109 391
0x03962d170bb64d243b1d0c249194e59ef99b14416a4b53dc876a63753802ffa8cae274fa78eb0fd4c7f94cc66f6404ae2d9934ef6f298eed9608f861663dba72
0x05d23499362ef953c99502876e8db6fccdf864cca7345a6b7c6c8e184db126ac6f7e6150117a271ed5e6383947d19ab9cf9905749647ca6b5711e6ce246d99bd
864175120484581453683482079962486176185193500155369104423588921177379322250834082489183304374038697487834084609675858746433355728113743766078731283595263 1099602417766549774270579354450247400846740709947122581032616221340038921641390194442456802186778051817579975168189711 1879674607332383141994939868074924747156295392993017977339442697228600831487758239490635444989926353670140425361317720 30492340283826161127321317848157108732433 391
0x0a0430a3e4edfa98252d347e86ab8e6afd666968ad7acfc57f4dd6cc418819fc166fce4b834804d15fe6299e775f466b74751d34e12e0abee75e8cb560ae30f6
0x08d89ac3fb6dd461222516e48c7272846a76b4239fdb6b27dd4377729d0bcb7e81b2069da590d1e8dc9a63e2e6b4726432de5669b47d5c64f4a753b51cd05891
864175120484581453683482079962486176185193500155369104423588921177379322250834082489183304374038697487834084609675858746433355728113743766078731283595263 302739776970811422753480435483220163165973787124444762383845304907921618731060056454885794681744300038788487245722237 443214741475473221742937288791596524233970328586996652193847522929221528717446932753531775635526172543377526717594288 -37861120426363463866160997695326034786051 391
0x023dee20e3c340875811bf46f5d0df17fbcab75e44ea2ebc7e138793bd8cb4356d4655dd1ee2054d985278c2456c9564958f4e80cd8b3a84a0029e7a493a3233
0x0a097253b1b171384ee10b81c51876eff0a7ec507afe70bcaea7e0d7c7ab148a67ca94fccc00c5a70eeee1385229df5d71c38b9074e07ed7db4f7941dd1cbc2a
864175120484581453683482079962486176185193500155369104423588921177379322250834082489183304374038697487834084609675858746433355728113743766078731283595263 772846126237612937331445108323241866785764201245112293449506735798225389545717621991335550641487241259005392388673709 246327390620668327281469769380296619648147182316965300711078201563035562412611749487609160408788620297219363851945492 61229599676464051715918322505353969653493 391
0x105b271efa6bc25c526365aff4dc32949d96a443cf3487bb308437465e366b6381e4ffd6d962bf578c15bc8b18dc1ab117e0cbf87f2b229dd58fe2de91b05f1b
0x0a88018c7a5d842590db771e432dcacbb083d1ad7edd424c11587c4befc9f9c87b68191cc287bbed67bdfc2e2374cdfcf666a94b88eadde76e3f4256114ce79e
864175120484581453683482079962486176185193500155369104423588921177379322250834082489183304374038697487834084609675858746433355728113743766078731283595263 1319596583013609718117139733686569825512467318374173380055040877880324335946640805593597000008236438441603250077287507 2212079495377366828938740661150945647860729477316580199847102180189155064925533754763800925306537830120125068529271392 -4893935304777765428791485914281672873389 391
0x0a667f34b6efc1c9b4f23f81b0b760c6315d963fbcaba20ebcc3b3f63c3b67783db051cb906466e791c11d4f0aa96c71c9e9021e51863f8d2dbec616f07248cc
0x07d7a66d0ed302d35cc1db8ab26efeefb04ebe53a8b912d7bfc8dbebd4f451d311fe50cf17328ee63b45ff9c6baa203502c2b39df78829385aa78e401742ae18
864175120484581453683482079962486176185193500155369104423588921177379322250834082489183304374038697487834084609675858746433355728113743766078731283595263 1943055269973663354412326585912470581245926797637482048816556685133062543338525282655402567118446575099947763621335075 1251374479721561047974841965477024611912740741695360222102265952871845069710465086517020556175403115272245607689951420 71826452820893229597890032171935739027995 391
0x05d69c95d6dfe05bd102ace6781340a90f302df87d72ba148f89b27166a7824426a6131740db8cafb0736db8d2c0cc4482fe8d35925c13ae8ca0680408db7d64
0x102c1fa6fa1e10b5586bf24e2d8249ecd6e213463774d84ebe6d34b5327f4c4475cc8340d0e17c31bbecd37f71657f634f4ac7e50752a4de3e2ec8bab28115bf
864175120484581453683482079962486176185193500155369104423588921177379322250834082489183304374038697487834084609675858746433355728113743766078731283595263 1335953072665622019258458583830911711917779001595944367541980257554404551637379803598871599760634374423383303110150077 2054956212400011746142594688651073090816732841301342293743519614779654722356232541019188646504918646229701274968690048 29068445330892869681756363425264589858749 391
0x0d9a596fe94915ea90f35ec331abd21f152d26e48452105334bdd21127b3281e1a77167ace1df49822a4487aa2b38a94e64653ded7b82959d6e87d203999ce67
0x10301da9de7ea5a35760a61b0172c6789671de0a4502bd10a167fdefb9d2d9ccaa304ed2f04d2e0d5776fb032eed93c58e7ddfb41d23661d117e32d0d4c9a2be
864175120484581453683482079962486176185193500155369104423588921177379322250834082489183304374038697487834084609675858746433355728113743766078731283595263 178948923009246648965157558488325979819301005552109609922567309445789504499440258789968090483336956006530994437895811 583268193889468062181170649121673648184469106846240075690632490174922434910732206805906067666016676576946517183626552 -24771857084108461232467759887036831621091 391
0x07e4cd8d8a205447771a19b87990a09f53506417a4ee395f2d6ff475339ce3039ecec9249b6cdc1b5d32981dcffd588a7a45ca64f616fe8a80164d5933651c2f
0x101595694a1f9179429080f30260695067fd5aba1aee20b68e709b4bb7d3d18a53f0cd7b91fee7f89c18e4d2911f93d2a7ba5095628e1819ca7690430361e6cd
864175120484581453683482079962486176185193500155369104423588921177379322250834082489183304374038697487834084609675858746433355728113743766078731283595263 2448986092233388503790292786807763841878178156535850451202365336387464090591756796667671819232077170160031095139468857 1350204889341633839100362112959873414712229836704334360337077904511635859797027252569287946405554764517900527735425340 -72407758080529173907213954000075368067743 391
0x0b0c807437906ea5a0bf173956409dd6f35dbed06e403380eccdb8bbba4da8cc724cd64a936b73b2d3aaac98b225dfc8672f97c831dc30f451f4bbb9bc9b2909
0x01118ef22d59ff9673aff5cab67a6d38f357bd747f223d5125812f69c9b0957a4ca7c11791ae6735fa8628b94d058f4e273e2b36f2ce26c984b76fe15e1653de
864175120484581453683482079962486176185193500155369104423588921177379322250834082489183304374038697487834084609675858746433355728113743766078731283595263 1589244207039495032173334346580884415641783642323465854448805953671218693866149617320891905919135109937360352307709659 1014145989047633517479734740994224647941394760766200650183994570611113365703192840034519275660393918621277817096606624 -71848857871044604136265751305315750337755 391
0x0946032bb3019286771461bcb0125f35f9f19b0bc18f71bcd529f3ba8f521aebf2a41c4da931a5a77426a712344b1833a01794d765d4710c9013db112059a1f9
0x04d237ec1183017bfdd59634c7227e564c126b470fabcdb93bd35e30cae59a8a727967f626428d05c7bbba05012523b88395e913220ea0e3d24e6f28a90bf080
864175120484581453683482079962486176185193500155369104423588921177379322250834082489183304374038697487834084609675858746433355728113743766078731283595263 493735330055420201645915538010999522548396858689273135657195014375770598751360769482241978477806958640781908564809399 1228694746232688329960651146601480514730404453523472005437155132109938186256393392480683378209124237529819852086158612 -29196773490752987316956904020937427981233 391
0x09b76a16f8d3bff59ff4f139c8c3a9128707a98c252b239072e5668355903a7322ee138fd2ab0a201e6aba2be8cef69396e41f072ed33d4c96718c56f23d7b24
0x07648f5128657010ef45c8a72e4c69172978d115d63c4e0d83242c81973a65716853799a9c92f9e3ae1c39471a3ad04dc8df16deaa4b66496acd7cf90f7c3ae3
864175120484581453683482079962486176185193500155369104423588921177379322250834082489183304374038697487834084609675858746433355728113743766078731283595263 2033785761586983107621176169473353696871345482507891596240406369452429250556157633645000592461261973574238544995613039 2142693332750375962090961930361382896964483729176552795670864884933035505068809140895276823589892343717180495491466708 -42075512866317665023449906010299558889657 391
0x0e9cdab32e7a1ed2763a5387412648310798c7c8cd1b91d43c6dd8e4c120e4a3b778d8615daad09b3c7a67c763587dcc74e433af861905a87b42a70971ad1843
0x0cb5261e2b5c824f46ef34da17b1e263f3fd4b1916dec4ccd61d92afe5869262768e6b4c9f8676accf3fdcdf30d158235ef22bf299b05b4de2cc29ec323b3732
864175120484581453683482079962486176185193500155369104423588921177379322250834082489183304374038697487834084609675858746433355728113743766078731283595263 582746485238119650861681729722381062797477686841611045660407502846767174042859373209314787826532544423505210570503871 218233255585113254110667957865662705785736436240819017093287541753426464065218113269927848331771048901348620980760992 54340749999465345620982137541428037690559 391
0x0195957a3276070cbca0214072766688b7be796b566d78cb02ec00adcb94dbff2b4c3ee18be437ba3abfa0668f84f67abaa015b6bdc4e99b43835c03881fda1a
0x00cd933e2c9cc68ea78678e06eab452f6253d9ad35c61df04954a3087b5ffde35cdcf6e04b524d80651fe9380deb859bad9e1866ff5560089c64f0f7627e1b8f
864175120484581453683482079962486176185193500155369104423588921177379322250834082489183304374038697487834084609675858746433355728113743766078731283595263 1111226346197908769733509128670337249843946255450363503646616539521146808137538565306450595166797912133610017425537489 1937962795728048933480471156186547243994305701567786874980506891523782484559161003734988410115715025254958975392594832 -26653075336787322273549022203451074082223 391
0x05973ffbfee92d352c55bda550853fc42b45a91212bcc7b3c38e1de191b82c97ad177c99cd80d271175ccf4ec19dc70cbd1ffd19facd6a3f5966890dd34393f4
0x030e8e5e466deeccdcb0aa8d8a2737c049b7253f0e28e22ee5782ba7c55ba5b4d4ada6ab7db29191343694946fb7bcf1d30dcfb6697b8f2dcdfa1f40d95d907d
864175120484581453683482079962486176185193500155369104423588921177379322250834082489183304374038697487834084609675858746433355728113743766078731283595263 134812726638082892851416925555550359435983205019372871581337627656628509913605823616856703514144253447394962718214277 305576547813323907446235354004904837060150737212293904683197000781884598404547376497609006316679222251894816253573320 -25645723030721486633330029816906318979547 391
0x00eb627584d0ddcaf1c95f5af7439c9bb07c86ff780bc5899cc979f0ffbe6e9961ff0aa050a49bb3bf96acb9930d98c1ef940038760c2f0b10b9aacf16dece5d
0x0db7535e99328dc58b6b379f142b1a5e37203c6ce1775e871d514bebf0598f63fe4a9ad51f3f3bdeb202ab5fef1e1261bcad361f59d28c52c0527855370decd4
864175120484581453683482079962486176185193500155369104423588921177379322250834082489183304374038697487834084609675858746433355728113743766078731283595263 2181348096391569279720333155840041958532659772729560886409071248266849294358964281069279344981960115547708332092436967 2429123971487295777129734462332283943479689389829991273161421177872037104120554779509031008984366685336194399296198888 -19911338779056974957130788624816003132871 391
0x047ff1bb1682ade53e3dafacab4cfb9adf8de25749be703ca850ce8417fad68930a6571ee131323151cd24ae0216546beb32d880b6ccc360d0316749d3e952b1
0x0c48982dfc17829651540f56759f28067b0efb94bc70aa46956e1a7a17638f4b2b3016faeb207aa93ae909c39b9721450777fe8d90d6131f87ea2f9e01fd9069
864175120484581453683482079962486176185193500155369104423588921177379322250834082489183304374038697487834084609675858746433355728113743766078731283595263 1916478242777699007744382406842083121766987306242834942706394197894170105008697670701297527517273625597008088541384525 2343550975999513815970302336095657215755448087953633591966587981904873139395768649118997281132868078870982804748605880 -24067174160016986804838185527218518697965 391
0x078cd788681855e0b5507e749a2b29ad8d7032ba2b950db1c128ad4f2ac6cb71315f9f63339c341fc9670c2a2e5ea74f53f6b457e3617a29701c257dc74574fe
0x0e1751a057d1d79c4813e492d4f23b3dc6eaf9eb45392a974b51089ba048db5006e14f50f37f6b7dbcb3c6814dd232dd39b467598b818b99dde97c1927531e15
864175120484581453683482079962486176185193500155369104423588921177379322250834082489183304374038697487834084609675858746433355728113743766078731283595263 674257759673474316249741787047468254692737012191525036571768697639959441107005948081150422371820633992250500547384737 572867046853681095372249199347621953344444729203861762108282383132623829846129922527694805686515865247148586109399520 -55038488399319959837636986206935969753183 391
0x06d7116a95e5ef6ee4f99424ac69a13f277552ce74f406ae73f7cd401dbaf4cbd269fe468dfab8ed89ebb2430371fadc697e49ee30a7719ae7d2075f2eb7baab
0x0aec81d4d53a4e49e54df8665c6679de240a58e31ffee1f893a36543141ecd09e7d6ce4d754cfa2d6c5582d69070e690aa7b014233f6105d3b99f1dc5e11693a
864175120484581453683482079962486176185193500155369104423588921177379322250834082489183304374038697487834084609675858746433355728113743766078731283595263 230119990492886835660426945375286472637327837042328554323964833025884319430518293422984852913634247123741132470198637 1021497597891055798596667581618511789535350043635421177426915653321878510423372689829186216599154422907096725848899688 8618366308027467533169453826161524384499 391
0x04e1501fe00145febd0e7e339635ad763dad5f85cda09465acb3cb15d6dbd9fcf766d39c0921ba766be7b98c70c468bf8dced3ae0953522a4cfc1055c49e8937
0x0f517dfb082a1a173d0e63a36eacf1195df530b66a487783ef27d80fc7587b1181035ceac60477caae22296b4884952023e49d097f3c5c5df300316cd952076f
864175120484581453683482079962486176185193500155369104423588921177379322250834082489183304374038697487834084609675858746433355728113743766078731283595263 1672879602550145649657204326847814955454841568754599753524034473685374632964821663515861413274767376873921190539550169 1804081231034519545234976885321009095441198330844556208364772794598701470392070711490627039217089731482558907621288676 -52521795146385514652921343404575505785215 391
0x0f85c299c55ad7da0ea082d57f4dee9db955cddecb6fae68d874d93db3272816f43a927e352d4839f51bc763e85be7ca4374431bbf5b3283a462744963c7d0da
0x0d9cfd6779dcd5b54e93b096ec9ac8101e6e8aee0375708874c2e9d3527a1f254c26c5df01d3471c4bac15c5d7900d71518965806ea67cbf3bb9a8a48a1ca592
864175120484581453683482079962486176185193500155369104423588921177379322250834082489183304374038697487834084609675858746433355728113743766078731283595263 529307852027700565846212372334388474505254714906976397691570802928589922956656370918603356150493232936527758814137349 1341939982097405632460941392252696908893598316781285738158944004385273202520059382810122801260056216839587556107664072 26097491128104435785169269661467987590747 391
0x01195647242f00dfbe3004a832a8c365c54012db1748341c00ce7bcf646b2855ce8cf23dbd52f97bfa4139b44ef79085a19d6458d867917541448ea6e460761a
0x0e8c152d773f72ecd2927709e98179c211f0fca0fe77013c5fea57038a865a237c8ab4be13ae6ec1bad874635991b39363567be05ea0d3c97f3d1c63ea563b2c
864175120484581453683482079962486176185193500155369104423588921177379322250834082489183304374038697487834084609675858746433355728113743766078731283595263 648212653919273433924487306676415662691784840534759464894155699216604440706950186395206589618233418385216161608749649 229618433177613445387463413041848683014780326060785864068166446835450097842117501625373633089501761774507974008689852 56884401769003362231778764923581082089913 391
0x0258c26e49d9a4aa7d1c92f1f0929b8a348f0b5cc4b92d01d7caff9bfc2a36f5e64427044087582f648588118725c3f116455e01ed571aaf70dda5f5ce996b44
0x0e4995619ac17c9e5b1ff0653256443217172b9e05dbf287a3ea23a15855b4299cc13687323f1261b7797fcabeed1d13536b3dd171cedf69ccb0ad5f78a6fb02
864175120484581453683482079962486176185193500155369104423588921177379322250834082489183304374038697487834084609675858746433355728113743766078731283595263 961038897330851077131080813959070999287157144642920652289261219551281676405028210770346967202637023499124195919702757 1662278618262023491312493109014874752557238737368954910000318904305152431818920584752753827315288652808237230564377460 36640727591590702670385971921211926092307 391
0x03fe5d65a2b35bfb998900d63b89d6ff628ffa9dbe699b744a9a0e0165e1f97b4f48fbc4143013a3cd0b22712a72a3467d1ec9f3a5dbeecded2e4d021260a294
0x0621276b12a2c1c6b292bacb0f6d30cdda293b1ed8e0fa714c3dc4df26233aeea10f539a4126b5c1e0109b2ef167e9814df6c8c4bb91c8889930ec9e935a84bd
864175120484581453683482079962486176185193500155369104423588921177379322250834082489183304374038697487834084609675858746433355728113743766078731283595263 2400018946235588343134689242189482544408914559664087053026802117743056159303596252136106404179437207993763968920696175 71321930899867828080465994331008674892808479218393151277608200801247822865700364204116103817220716255334418143243060 85647921978970403779496970106174902025785 391
0x0ff8e5664c6bc5db40c30c57b02391ee10b7f4d67efd59aa1791cabac992b59ad40d03d3b660be71b742354865cbf34881d706dbbfb5a4d2a2d85fc185197f58
0x0005daf50d263a9b94863422f8b6e3bcc7f6977fb6d48d2174bc801dd912793fc62f8c95e8e33abdd97330c95ec3da87f1f051156e16b4234a6ab87b43955930
864175120484581453683482079962486176185193500155369104423588921177379322250834082489183304374038697487834084609675858746433355728113743766078731283595263 297714020945504063192642978861787331554545099905746009564168980995407150514791158583499321226162916981928383073889487 1082556012425004854269745953519013599703682414863437740282521976071868909961620523801161473220674272147797581248982400 16697811749911436066879690247109334338767 391
0x0ac6f44214fcc879607fe66b930402c832096a2de7d7396b9d369a36870045c29c790992faf1c97aab7dcd7be1b70f199f1ea6b7e7bd3031d5626289d521051c
0x05d1638240d9d8b02c4463efba8c1b61f7329b2d06c2b1096c571570c4ee20fcad6dbd420ed5796c0624db33a02d748710dde310f9a6b3ca84d7e27670cc20e3
864175120484581453683482079962486176185193500155369104423588921177379322250834082489183304374038697487834084609675858746433355728113743766078731283595263 2067274659671745365679214023253271532910046904318476560952421777454133303824829739607013718410621926100476281515627697 1257001826336286200165526373678814964992071268196598279411952413983754881208515943028798731522592108224430718980511892 -72740706072020123856002949503859793199321 391
0x011f3b8be8683c842840d7f29a585d225316cc95d8bc5374c6da412bf3ef484ac923847e8aa1810e949fa2b5c9d0edf37f68d3f7c461191056d1de47468255e9
0x0ca48703ee231d045bf18d450a032001af8c177421cc7511f18d949e2c8d786965efd97b3a9251a6549392cdfea829309ebcf6abeec3bfae0d29bc536cede344
864175120484581453683482079962486176185193500155369104423588921177379322250834082489183304374038697487834084609675858746433355728113743766078731283595263 1754189269138660866866898646147223105159852006853947397362047430449302626606094666935339110847064763932310075200074127 1448853585317403594141619440889639193253809564479265004558311405420341715145584414906946992157594633753537436510570288 -65174953383168006816980570226830388180239 391
0x01bbdf40550fa541633e05ddffbf15aa67dbe1c18abd6390fad1239799e4fbe5c272e5bdcd6289a247f9d99e1a75fdeb406c96733432312e3f6cba9093b8282f
0x03dfe25de0835d23c68fb94786664aca57230069e506c7e339174830565126ed0195fdf77c3f59f2673872bb0fbdc39f4cab7ce18648f74c029230b4a5dc02e8
864175120484581453683482079962486176185193500155369104423588921177379322250834082489183304374038697487834084609675858746433355728113743766078731283595263 1536076563958481633181905896483130696685825268736873832426778299624861133952476610837897585287582892763185543749396949 1331243052304482516458617957393354764783843854492965827403557980815002027178904541369089133945879774246342156109126068 64681053899466322636636305603278197217373 391
0x100d07783bc2ce8c2610f881dd1ce4a57250d07d067e36b1a1ada1d8d9e5e40e2ed047c40cb621885d2fb53c407a3855697525fe23d78409df77bcb150fc025d
0x047dadd400a1cec2808fafe768f9dd9fd2d7ea10fd9482bb228d385cffe86531d1cb17102662ed7daaf3fa47c9f44dd738fe84fbbc2ad5fa26591721c915382c
864175120484581453683482079962486176185193500155369104423588921177379322250834082489183304374038697487834084609675858746433355728113743766078731283595263 2150333981462499914420173073581930358427938782562263321980931583596557226730058558776891101835760527074688287614627859 1204757433031066709569187615970161215219656857345455269255431210325901495019712211901405743403495089115821441105563292 -74292755333222390075499695368208418695157 391
0x0a033ef524a97acc58351c5f7237631dab5536b14028c14d1f951da9be22c3b6100d51d9ffd08b8784841fbf0aca2a4f08fde65f3f338c4a25f2c1aa27ec33f0
0x00bf2a9a71ccb76a5a3c8482648d82a14ea4ce5fc0db9bfd105cbe9746fc659cb156fce9a98bfad309b3f2e999656d2e9778a64d8d5cb58454d096c835f65894
864175120484581453683482079962486176185193500155369104423588921177379322250834082489183304374038697487834084609675858746433355728113743766078731283595263 709207731503523309998001702116002046491142022059508753045470166022772560830579966390993259376069352368157728512963227 1419444922578676028598032838594505942211627767091469276371066883828597883293550769289699267277839862522029084160973440 -35007347837549614418446269520286837386597 391
0x05f6f94b472ae5e550b725b2ac782c0a9641e302867bef2157c19aee824d7a3248873ab735bb25d826d7b4bd4946156c307fda26781a7950d32a937165290269
0x039ca7edfc6b6a0fd63ada0a5b2599651149e3fb059a3743344e861a490af2e6a61572c2af16594aadd0e9c8d0367c37cd7a5ff059c75a37de3dc85b4a046cde
864175120484581453683482079962486176185193500155369104423588921177379322250834082489183304374038697487834084609675858746433355728113743766078731283595263 1641070467797541913072724990952241201654346899192774261129917916660708949677260142918499671221411178258441766470212447 1562901725456773513424595922660593898057504475147038331302424003208809568164705328204437829851661093482869156024606972 -60287288961276290395686908479569555636599 391
0x0d5c8fc9a4ea4faa4d85f678ac74753eff5cba2d5cbd58b26c20385051b0e79ab35222b5cf6807c5e08ad585f54c85b8d8d773fd4390383623ee042efb9a81e7
0x02f7f7bcc8933e8101ba9a383abca24b6f798bccd540d6460945b470212ced30b8fd4921a5620c97f3e1c6a8d61346fcd6f49810bf1b2cbc62740be7152e517b
864175120484581453683482079962486176185193500155369104423588921177379322250834082489183304374038697487834084609675858746433355728113743766078731283595263 543611210524269403245554569480920643446031377850480263924263394407513389571627990992704092386744132211753957736635751 450783253773473613067660176507945678095637208500203934467449110161787941400162744515223365114998163413412870783394668 -50945986720461660189500100984655738092161 391
0x0f3d3fd39e3eb293022c4750e6885aae43ce881ac78ced063603638413a210b0246856c44c90e5870d425ad446e0ed8313c04768883c7b06684326f0d853d874
0x098cc9601d96a570e8ec91984dca8ce192e9cdcbc973ab0597829e56faaf03499a1144bf0b09c542bd8cb3a11964175110d36251b9a0e2656d3586d68499dc67
864175120484581453683482079962486176185193500155369104423588921177379322250834082489183304374038697487834084609675858746433355728113743766078731283595263 1276506714073430972899053223122911672094014715721430608550268080454350361909421168881221197903158179682841746496159199 1716788174235390153947629682367155014130851876407167583651394596001105511247038674259040284239440581808657407354498776 -46407991846283816169631193011439734544575 391
0x05706d78d853b1b4ec4395fe8890272e8fb684628cc3c36062d8a9bb3a65b6c05bff1a0d754cf51ffa34655c298eed41d49092bddb310928218cd2cfa3df1ce9
0x0dacb2459e197d5d1734b9775d0848e2ae4e29389fa79b4221d6fc4af6f858016b036e59a750e67d39ec0167d9c8effd1d02ed7d56db48d2a95fe95a7f3791b5
864175120484581453683482079962486176185193500155369104423588921177379322250834082489183304374038697487834084609675858746433355728113743766078731283595263 2081615348527674430006293532882657978946503140224643354309463332146477895331328384068254198384251415864049672377269127 954980957263124232017140475906459845388802128673747919068749209777297818321958884672145857958559543094233237809038392 -77968724465463890216051390252475896013209 391
0x0d48e0a1a292384ad0812695ca40706f6ab7c9607cf5da421e1176383ffb1e49f69456f45cc74ce4530673f83c7b6af05c4b9017e461b24099e0e21366a8b466
0x05a0a816654be161f9377488d642d06d2d826ee217d96612a6f59ee66d08e03d285c25678e68a46f8edfd1ba0a30c989e85e378912c8cf1fc7cfc1f5860d220d
864175120484581453683482079962486176185193500155369104423588921177379322250834082489183304374038697487834084609675858746433355728113743766078731283595263 1789321499003483402176752425830952504569161333996852279578409332678652093795628067791515684173312943261968275942532725 2212051177357950635280329387646411633411769589040662091901060493843483939191425240398980333823498704546114709147289260 -32796642432007862999868059729001715502205 391
0x046f0143b3bb46f802e19c4bd22ea6da7034dba98d72d71355cae82c74da83fc875dc7ae31f2b9269f0ac2795b3429eb5bb3412d7539d1e33999087d37532fcd
0x04518135f6bb1db210571024c1329ab64c32c58022bd337e3a9ff556ea41697da140e573f0a6b1004c1a44ec40653d4f410252fc25ed43a374a6f4c81dd098b7
864175120484581453683482079962486176185193500155369104423588921177379322250834082489183304374038697487834084609675858746433355728113743766078731283595263 1770729392278341993439634412577379134104815675035090858579413949587065793145001659563784947296552066658506792569451701 1267902821930018963705164162999568587364703055106465385240037475009207047494053804301110985856288864676128939807426072 69611092713764928957366058561877325616299 391
0x07480bdf7259b6563f3f57980a6ceb418a783b8d4a4b3d4339f78c805b0fc83262e392ec53176176e3790e492e1477a057cf97d37a49c22dd319bdc1cdf6b0b1
0x05d3759f047dcc25b25e1cb98754609dc58e3f5411cef906ff4b1c0bdb0722042b8c4b17bb3c730271e712820daea3c1521165219742eeb07defea230aaaf485
864175120484581453683482079962486176185193500155369104423588921177379322250834082489183304374038697487834084609675858746433355728113743766078731283595263 1317845921915437117989203436724868176924301486661251271950215219539362339257119098855862026302353432401817874059823559 1602552496955864345466908302080579643767012858145083578046187183913423407441581040088843881837344956308500327692437568 -52054237135911848975568710276775003472327 391
0x06824350b18b15d878f28f77068a863b32c29d725862e751e081709d54750b4b98529941842195e1b6880d4bf2507a9da94c9fc854fbe72f556d7d938fe2944d
0x017ad041e291e6edeb6c10c113a44c4ba1b6f0c5fba1256bddcb9f2036d1a9f2eaac0047a84031594d573fbafda96c960dda0e1d1855499aabd57ac1d00bce4b
864175120484581453683482079962486176185193500155369104423588921177379322250834082489183304374038697487834084609675858746433355728113743766078731283595263 1042790720001447528469485111519664606825160300890483737254133282607898063081480491027204534786786443208728591023038059 1330618133244078787753124834186596048881020222396892693752131360582768365261475253491799483164699706878379462353671568 -52713698948671679854862988368516586702827 391
0x098294acd079c7a4bf6ec778f1cff8c8ab2965c9b9a71157e39b1b1d8cc4f1915f54f0fc45b131f67ce3ed770350d4f55a72cd313f9b6c8edf271527cb7da30b
0x0c5675251d70070e23d4b5cd31973d83c2d4a3136408efd8fa36041091dfd9ff0386cd61ee36b0d464ca50bc4e248abd56ef59c97b7074c40f71ee03854f4037
864175120484581453683482079962486176185193500155369104423588921177379322250834082489183304374038697487834084609675858746433355728113743766078731283595263 189058179667404491807742643396201139111921616308076565054337718383515581161271281794669219358871805239495820515174761 639999007379697655255095454208214707524080893769685268575229688058030799411588044536831026033987462081432618684898520 24249428660183925762223891654560665905783 391
0x0d1cda8aa6d39cddc356c1d33e43196b9013ca8657d82b6b84a6add889f0a97ef82b3494a2bffe15c5ed41ad8123c03527708d97f0151fe62579366fa757db7e
0x0a0a61abf5bb608c38ce86862f29e4083db51717fa36a5ef0934cd2148bb458df8def186daefd905da201d0306aed7b302bf757d9ec7fd902ad0d0a4f3998d83
864175120484581453683482079962486176185193500155369104423588921177379322250834082489183304374038697487834084609675858746433355728113743766078731283595263 1053966508247752876502578344435256193854321644209402414695216779024188564068633472996619724915472875578330616931118437 2050556158533576521076585516843965302393602347998604609419629923761285591399018018253289501897151384294499905182902920 -99676645905111596123301919931708361467 391
0x03fbfae011801c2d04ef9d8c03a97b2f8e0a75fe1d4794b7c99061d2236548bc5208d3539f975de5877b28521b8d8161d09734a91b27c6ffc9162f079a1d1486
0x0f257b349c9dff7f8364fff022475e4cbfbbfccdaba02799782d223c3f3c48a7a788525ab8393ac41b70880eb94b466a3f22222731b5214bb195d09a60c64388
864175120484581453683482079962486176185193500155369104423588921177379322250834082489183304374038697487834084609675858746433355728113743766078731283595263 943453010723884330403773130589500717129610713913608336656649019845697603991353518386452910307212821814631108036232019 1053227292374917452487653441327733390616658528286061565839051289640622697602831042030802304521217837017966464456039312 56502152041747646385919316151912967087917 391
0x02831357ecac1a5a2dbd63949784f6823e363f8e3b6befa79fe6189d04c7dab8dd2331d9705be91b187cdb3d4005d120ff50866c4bf7b0afbe5cb3a439e7b660
0x0c63f64ff82e23516fa15ec89807cedc320aedbf9161fc1f1d1ddd6ad3fb959a15204efe7e703d8ec53d092f53e5fa94e9cd4e044cddcdad0a37f56f00832590
864175120484581453683482079962486176185193500155369104423588921177379322250834082489183304374038697487834084609675858746433355728113743766078731283595263 734364975992961558971044572895893361313945375076255802829234299782301027576989006848167672624602649298309115486421091 1743850476333256742705848917666274136790055006503311944306275556336201898079488975661005380137034950708891446733859468 11951222831850874747176465087694916169701 391
0x09792abcfba0bdd2f2150f3cf76bdc49e7aee6618b39f16f6573f9d3837d381dafba15c99253ffa0afbfe9223bb4b4c9fbcc0fe89253207f4badd638e3a05a16
0x0f90354926edfc01139b65b7b7819404d3590163a7c1a5e74950de9769da601b2d06b23248f5737dbbb2b91821a0039c72d78d66f87ebc22e03e221356157f33
864175120484581453683482079962486176185193500155369104423588921177379322250834082489183304374038697487834084609675858746433355728113743766078731283595263 2441885789836317781406224549480197554195417666997864536177467141400159205694812677646466683000078971543210831930215623 281006008830485631027513233962288781161842707077395330422236850377006840514333822577001378182708357368770659572773760 -85204706797013272225501909127571368651975 391
0x03a0bffff9e038653069c43744ba2af942bfafd6e00e3a8a09fe424aefb37ba33962324ecdad96ab32ba551e70ec524716d4cab0992c9c19e622211ffc632b2e
0x0d244f7d71318f9cabd71c25491343026062daa67a9958322540f079397575c767d65b1290ca3101e8cc7c43219dead9a9fb6b9eb1d369eb2b905dafdbb62ae2
864175120484581453683482079962486176185193500155369104423588921177379322250834082489183304374038697487834084609675858746433355728113743766078731283595263 1326130917922503337071131174492894993027274667384727323894006233234541228001514473196885844875452122335546689562981337 159522899873766783192369213908014563203497104020637565253202095510453478226217062037180790386884195819354753531377200 75332744949533813024948455140722367951783 391
0x05f52db650ce03b16f59fce489679b336217960f38f910be95d171f340020ea8de2b4b1180ca483a6dd40ccf8c84450c3b156386d44074c5e97aca9277f302a3
0x0470a4393b3a8271d502d98fe2f3fc5adbe39a9fbc2657e239f0bdbd16b29209c2927ab54303a67159fb63261c3f37cd1989d2d86fd922be75ead37058e39e3e
864175120484581453683482079962486176185193500155369104423588921177379322250834082489183304374038697487834084609675858746433355728113743766078731283595263 1136954481113615213472462125406048442419975828672815345144065732690539493181286259407381388245184544840991727569357773 837033557896166631039140040469042818525550999480526241104762641408148347315866231130735747432086509685627449779236240 65794046475818034614021711751423991940685 391
0x0d2b13d683291c41cad8fd88b08366743145d79eecd557c68ad1d91f8b6f4038c89f08b1b6d085f655ff4e08505f46d4cff39fa135f4c6567f0c4221f436db11
0x0c6129e0b3d121ecad46c57bf3a47001c8f98372be15297b12f695fd0e3fa73781dffeee0c0bf3d6594d0d790aeb17989f026b75204cdb781bd87ef1ad631b1c
864175120484581453683482079962486176185193500155369104423588921177379322250834082489183304374038697487834084609675858746433355728113743766078731283595263 866997949557853729611792477753949623676740206508271639152959898063509381504955970706669116223475259753725925962156369 555538866274468903623121073841215085419520742215547632745627876068043661281681915497899997630088001481466315868318576 -61910989254702645458354406913880370883025 391
0x0f998fe5969ee27a5ea4919a3a7b92c083cb8827d7c3f0210768cc779f7c340a792c917ca2ab57baab7cebef4fd0ac2e70d84776724f5ab8df6965bc867d8ad3
0x0b04f47cfb04a1b3d336e34689bb1175ae074cbbdb57c2eef027635183acb6c3de766b48ef41f21d199be30922f0b38aea37d13104f9053f26ab556985d26de8
864175120484581453683482079962486176185193500155369104423588921177379322250834082489183304374038697487834084609675858746433355728113743766078731283595263 608455715589230806414333254282681191890891259072510674734202589940572799596893938763323461994006055030100416647166389 1348801504541131348520168325605304510462656143795327449512520117897315374741431184035727691153359402019591781082369192 -31897152488931223262194040079341298057643 391
0x050c911c9d0f8bae48f791af97983e091c8621ab126823605add0c4ae0c371e3deaaa8c880b1d1d3129cd5974815ae8ef5260bd18370138782953530c79385f3
0x051373cf0b22431c50eab98f9b922337cb63fba54b21be49ad97aa1f323f57e6c35a7c4f2778073fa059e39203dc9eb490297a897af2f890eca50285e960d162
864175120484581453683482079962486176185193500155369104423588921177379322250834082489183304374038697487834084609675858746433355728113743766078731283595263 1107927889926773648109195565110871969347841053797400892876239042719790155620731617909614284213845804152273363928234397 2080546775145744175026412353674672166179530114147778697123813319215928712967949756441702388454913344809158175946483352 6047740706357473200222200324007926696131 391
0x025901b69202bd85e904fa35ee8e302bf8257b1ece877d2250b1676ca0474a995eb2feede4141c64e1b8a80cfc39dca2813195ff7a239ec4d5df8b42ce8cd6b4
0x096892ba228bc14ab0676519213c053ecfeb4011b184c1be04654a6f18d05956ffbeff454f6b9da89e3eb4ddaf4a430655047ab0597a59621abdc39aeac60929
864175120484581453683482079962486176185193500155369104423588921177379322250834082489183304374038697487834084609675858746433355728113743766078731283595263 1473411587178922238076270287289928676785664409251855962333942334460188068242539849191259939606011091612539473287461769 2140767397128772376958915292011510064580730883487209543517739634786170880694581888026214144707637387883205975830550676 -27994784593753939016116008936893763903985 391
0x0e255bd44913577d540625c127632a356a1c6ce3181eeeff5226b24168fc11ba63122111a6dd541713dd0a03d8b03a52da8803b67df18b5c4a4d722b0d218774
0x07e04eda8a39099fef96ec62727ba41f681abfe455e769da23d5f0ff10f45b618c5536c8bb67c459b269a5b009a3910ee4eddce1ad5ce40c3119a2b4c9687b6a
864175120484581453683482079962486176185193500155369104423588921177379322250834082489183304374038697487834084609675858746433355728113743766078731283595263 1851001678457572275711467045408608211981831030024879327202513030899606782651719525143428159510050615684445957769883273 2430747251180157032334783014908688037639693428509824193217032537020378569362582703377445642246273590169156145528492980 904869266402247746945093922309792901775 391
0x01d4411fc9d3869f852c1507c0aba5152c792f2efd274cb2fd96e2ce24ba3d85e0422ab483365877a1142b2ab9eaa1de191f42e12189954edd4bafa1353d6d33
0x09f8af4f37b8be59958ba3b43b4784ae808abb79e4272009aabf2d83f6a9a647bf0337539667249fe233cc7e057d34ee91ed547f823073ff2b1670fe5d9546de
864175120484581453683482079962486176185193500155369104423588921177379322250834082489183304374038697487834084609675858746433355728113743766078731283595263 514056300518345455122404560008011623988025942949501292405031604336151139040222637401381467985784850488708658663293725 1462545425808156871210133396914890402916304286813546731784402190523396929667478244363113172479453773027215185876206500 -14801517533260980805480632651077539230885 391
0x0e76eeef92d7c5461a95883bb289cc49a370b15f670254323b171867f576bff97e20180ec8345aa027616d47cfbd8b470495479f4e443588ccf6aafd12349afc
0x08f5d139e3715e3e745d7798ba0d930d35446e18324136730c33ce39ef7c8bac04c2bf1e6459bb82d653d33c2e2c863cd5413b2633ead7d4a0f7d1c3e9239833
864175120484581453683482079962486176185193500155369104423588921177379322250834082489183304374038697487834084609675858746433355728113743766078731283595263 1988709910851591786269786847338139200004594766906269794804013899072436590970841985771603847033543483731854577687766839 212653312957523372610735464755011819762481346899891375187285172934042417312458639505076590407765627154519850549489432 83531445515182305367430952459945197570327 391
0x0c088846870463f708f1635ae3a38bc1b0327fc352aaba1b80f0cbfdf26308478a795d913705c73173260f631c86e4afa84ab62d8b72178ce8801a0b13ff03ca
0x0e2237b324e130cce370e359d048927b76a04933176278b5afe43d3a925f6bd6612da50ca2ec2628298ed5ed3c4fc79ba175eb8392db8041bcd1f46e55c4b5f6
864175120484581453683482079962486176185193500155369104423588921177379322250834082489183304374038697487834084609675858746433355728113743766078731283595263 1360097136271820448450489893761882028179755713439592150760091218367759631618222925807916459831054610696074865724715441 1392683573281486636765712024093865520224396834809196992311713640155995371939202406698468797820828969695948904482586140 59604573083307582753615773344779189783193 391
0x0da2e40c3e62ec7a8060b6325e73316d20ae5ff7befb15415e5208535172457149a91c9a4ae729486b42d79380e9511d6ece08b32c2409e9694e9e59e777c389
0x01c8b704a660d3e21b05bbe3bf2b8a32997e4dab0cc7b39008fcb643b4e00986fac3f0bed022e962434481faa1857128dc9673256c8858788818806f4eec4b99
864175120484581453683482079962486176185193500155369104423588921177379322250834082489183304374038697487834084609675858746433355728113743766078731283595263 426858071537809720627177028908730784270924146814961727629472317863868231336416567440328054006204937453625981648440697 89704653868613168883572682745833034685010778635652865720368154936968856264825012381433088946279672283875375574485888 47655542055380427099147890261363559617159 391
0x0022dd864e9fb7d95cb8db24af154691abd31fb3c339910acb47c561ac2ea763f4e35f9a0fe1246f5f036a419df140a7558accb85b240b8c5f1077430640b24d
0x0b5ec8153ce1cfd56f3edbfc8c7646fc1fe0f708f71395a2042b4123caebcad6a8cf7e34f4c4a50dee5eb29745254032b0a979f1bdf43a03a5d0cf9827602494
864175120484581453683482079962486176185193500155369104423588921177379322250834082489183304374038697487834084609675858746433355728113743766078731283595263 2424143571330412445340217478310546400652771892963758355337418320184149631795114170702731819274529958864979689929696239 1319245771942892728702273049845429314756644076068798452728495275461520244876665580060014115564458258288718685021151024 73031638525322839596195864538466189281425 391
0x07efe1f3271c5344a23e56249efa844463dcd9ac0b01faac01379415a5d452aa9bd0ff903b09614c740d04e6fe94c25919898f913b1ce59f17ff136eba159c00
0x042deec2b7656bca4df21d1a393403d41093c37e40f30001e1b1610f64ab7c85959cabb195a3460dea5bba5dc4f9031074b80abd39a416a310cb04e30b94b798
864175120484581453683482079962486176185193500155369104423588921177379322250834082489183304374038697487834084609675858746433355728113743766078731283595263 447269456823777254577011937141236105258315006429235581951920149447092879581098777324855558910563704806832512418859007 611214343074332196069008798511582724188651163094886367949160594179169586454940519149811793722426369002317774671655240 -44119607544884696725996056473992510371807 391
0x097af691363072d4766e585e8da0fabf1b9cf37cbd71f7945045f8553f32e24bcdca7cb3533efb5918716529d70513c6134de127a46f374748023215696051c9
0x01e00d836eee1a638985fe3266ff06d7e96ab8195c298893b2d0f246ac78d76e9a2e1c375e36393db9bdd9ae5ca011813f63d26f9d0195bf989a3e3ede7428b9
864175120484581453683482079962486176185193500155369104423588921177379322250834082489183304374038697487834084609675858746433355728113743766078731283595263 1117053714713329993648629545211227487109570189108716191986672674981044673411359760999972448308054828304345238000374661 1837712705583856137776255158067016746585755599033455985212993261385438813208791207625649688368085521902564528663628772 34166848321588496832571378485555263052339 391
0x0b0a0c3c306f83478e63588f2b97894e33462a4ffa2048e128e6c3e1e18197eec68740c315ad4f9ce837485c234d638b08005711fa1eeb5189c1ac6d6a0f11c9
0x091309a6d26076789b68f10403192b26bf3439cee4caf8bc046b91520e0016b2ca0ccf4c8b70057bd912035f3fae197a0c073316d9339159b8772918b4751cde
864175120484581453683482079962486176185193500155369104423588921177379322250834082489183304374038697487834084609675858746433355728113743766078731283595263 1430817875385404401297148717040323040303263870736354374841930272404712519953607247754055424874590657465536402792733107 2214207536784833186796738179737668120406289543807807869780789125830510343370552336586089798327436240954430292972275508 17554787185499505087761165708882238947861 391
0x0208a521c305772b7980053869a05b9512c16d5e0c51f13c45bf338707ed9e36b826d119e612c26dc6980a76876bd881388a90d081f8e82d14f45146f9aa471d
0x01b5528c474e55cccef948036b14e98ef5319ab83656adfd77c20af1a081d9e1e2efc3e48761bdf030b3fd6b9cc562d28852f8b3cffafdcf634eba73d4e00b9b
864175120484581453683482079962486176185193500155369104423588921177379322250834082489183304374038697487834084609675858746433355728113743766078731283595263 1340348332955645623388378488059660598975048974661281275496699458804740580752140375034775331232850728767152300640026967 2068459001832983775029655785668398549070537836773378460723497936583026986657351287358491271150291856061164739408774532 -28152893804609857258341945807572700176209 391
0x0feceff76c9af5bdb3306620f541c2eb2038f64509b80863a8531518d8bef081dc59c6523fc8701a831729556a31af28f296f7b42e7519ce435666867a7e6808
0x01c0b0f2d7d184d6a84f8fa6c9ad4127ddc12d10817d4cc873ea570fbe3a9a416ca3ed43006b719ee0cfa7c3f122cf20a63ca974f0400de4c8751ba333de1158
864175120484581453683482079962486176185193500155369104423588921177379322250834082489183304374038697487834084609675858746433355728113743766078731283595263 1687219674047296610930771274098203502147945295718515683884565111149744533653768477436051718354504226520577955157898941 2008012888757957506333546068798734477503640739995245186676212606246005299424325507833423174119102470251931782209533440 -43438215829255036106929168084653588346557 391
0x0b21f802f4e33e94204ad39102b21c8c45692c7e77e0517b42c9e1ec6f089d961362fe3c972f61fd035ad7d0a5c4bd46bac7f0321990d3c65faad5f857e7bb6b
0x07023f72a719896a334224e318f9359e5cd71d9ddf937452e36db303f7a5373526d5236d033f6a781278cfa6d3a18614a697d984bb6e23bebf5e83b96a361d7b
864175120484581453683482079962486176185193500155369104423588921177379322250834082489183304374038697487834084609675858746433355728113743766078731283595263 502612076978101910665046970804107734285197504014335219691126327980582369330363608466592518826686838004858666630721829 540807385552024615748676633041142450168339522097964889346884919117964339373735963269380356031313120479524321298699312 47984945811608123526736059881377822890917 391
0x0a0489739fa7704bb2289ce7e0ecccf6d9d1b62db2d20796e492b86147ea4f018a2413d6ba2f9cf4bc587888eebbdcfc80b20aee9271bc9be9722dc9e6270bed
0x0757e00d4a401b886103cc88e6d22c75f7d9fd74c622044cf34a9d44b099b4f1f3a43f9042c4df3c91d58054ae0981ea21c4de08b78b0c6baaf7d8a8f87d1ac4
864175120484581453683482079962486176185193500155369104423588921177379322250834082489183304374038697487834084609675858746433355728113743766078731283595263 1173101119940218068510236620722818279398093673651968717152562199892200271311190342343934934103238546903426672178541659 1659558680074518990196614940968817636321228521033722197386510770030480663835741804686608899953760740558505419926437548 -45463426509688205736500925663644097761837 391
0x011a0429b2c6f7e3bd33c13f2e6e34e8cf927d97f4266dfccd24f561fbb13ec7c78b91278d85c484576dbcf573d2b336314ed2ca1ddfd91ea9fc1f341fcfb911
0x08825d51826f0e0fe09ccf6b41d9159ae7c5b422582c89eb15f0dda2834c4292a5e817cdc469f6c68457b5ce7740382f70c8c83be84d928b5f8207ad3a8d0f04
864175120484581453683482079962486176185193500155369104423588921177379322250834082489183304374038697487834084609675858746433355728113743766078731283595263 86899420719490598187153158190616252724901389477142972004437132260918148119580950794513598797308985317965592637477087 104157145311552129071000966705424764865141525977130084430036280227364546854961538081612886728582812375060149138751000 22042366834830351419896553344941517937217 391
0x09f7bebce027a072529d12e0845fee4ab19ec088fb045ac1921b9df99491a39eb3a344db22f6ee0b67b8752034c559f2be49a438178f59cd4eadeb27933b0663
0x0d23e53ef2d5f5804281b41fc0bf0cd0f5f8362f80122ae4f05f1deae4ef6e2e8b25d58734f60146fcff26bfe67e4ee8dcaf6b240fcc4c770b752fa518f120dd
864175120484581453683482079962486176185193500155369104423588921177379322250834082489183304374038697487834084609675858746433355728113743766078731283595263 409898368184603415518704021027521773376990818783760459447742837573895497855665956441876025103330410694778535701516711 910011116067206057281934472323851290614343522859690427943069275392286774019918172338083948787202316194986007270014488 35206907260092563969119542011721181097351 391
0x031854ac57cfa7eeabca1ed1877efb1aee3b0d873cba8ea96d44b97eba191ef9aa373259b3528337e367df25b55fb5ec31ac68ff743900fa64dd776a11313468
0x007dfdd834a97837c62b08b87017cb872e579d8c090e792c2d6a73f6def5e0945608d44a4a07f8493ec50f171ffbb4b960961f9dbf0d83b4ece482b31f81250f
864175120484581453683482079962486176185193500155369104423588921177379322250834082489183304374038697487834084609675858746433355728113743766078731283595263 1974696488972671323497842111845787700991487971137551603597815175025091230529625053052308579502393068622172591738722871 2358142662257831545361234453573922103463326527823051113542694974620751030777212819095637153088543668389978597996548552 -24030561562839108265192769866196033861399 391
0x068b02be5b1edcf569c66b1a0b5d71bc4db48ea8b21452b2eac827148e20e3f37a1ab7f81c8165b7c59c75e21dd2ac458b2ce1d6f0789580aed94a69613e4140
0x0f1a2ada534c752ee5cc9b8d52b6aa58066f3509f029407298194463c486230071eb634d3a0cffb248cc7472a7741d563c468a7312db13fef69776734ea9e2f1
864175120484581453683482079962486176185193500155369104423588921177379322250834082489183304374038697487834084609675858746433355728113743766078731283595263 1187567945795320515132571500774395067663275578252098764494813543722357567870093903781625817997862666394616176804819759 1845680478275203062646718666258363126338544057649203232607687891431418092812685936312720445327324697441399988938813924 -36836034810558731101034577170513397196985 391
0x01ef441de804359845f3d0a19de82b66c133437b47c9c98477ff2c104acb2f7b5635382a8e15001e0af9044298b0c99090552af4c7cd94873255599a395239c9
0x05f347b66c7f34a15ab6219672f2930029201d8b94af74d140da93e2fcff82d6b902fd2e9415733289e744bc5f17b982a0d057312604bf7b9ccf3b8aacc5c863
864175120484581453683482079962486176185193500155369104423588921177379322250834082489183304374038697487834084609675858746433355728113743766078731283595263 2438646204853233032495479611939837476590184089719640561064446608624848290449263521093071405464519858471815248933755657 1880414890322062725487430232271728616835081267908705730445546333900336502888570261963417810158990033868916192966522828 -57086684790260030850582737000121210804209 391
0x06f3689a77fdfd9d68f025dcd17f5b4cb0c5d01655f4c455884719e0777d9538da99222e1437d3ee627a49b1ca35f75fa1bf4ac5691a9d504e9715d01ed76e6e
0x0687972074f018f1aa37634367610f938ea977d7b885f722cb04da71027ee9ee9f68da6e89a5426fd008db267eae428802eb3aa3d837af2f2d8649f1a6df0c6f
864175120484581453683482079962486176185193500155369104423588921177379322250834082489183304374038697487834084609675858746433355728113743766078731283595263 524336322923900827169567697118190842814773297755459554273716063715056555451524795292421938559292433065236191506604997 1538819828954360230372960969426149688995492099843131643299750568545058832180703052434023571846309562155729449646709952 -1348964602779843570509367395704553026619 391
0x0f9ee43985b1d754b1a1f6acc453a697a5d8e5e33fe6d85f7c56df421b595129c6e4fc3a72901a6824399ef7b81d300249db48435c38596af388fc2356313d5d
0x0ff4eabfd0e1a126ad321b052a17e8214486a880e29d697e13deb581fd4c9c77f415ce88a9cbdf97d773837b3c0f949b93ed0da3f19b63466d23c4e1f933493a
864175120484581453683482079962486176185193500155369104423588921177379322250834082489183304374038697487834084609675858746433355728113743766078731283595263 878022756356341235543993471917431526571273555827922379406884863969784519142384797296556018260738195090318002938902919 374867178394256704582319792943183025261998438636958694398666111203522201398898137095532170903079125633187777530886476 63793175357953077385946695574781874497505 391
0x0def30e17be5e1b4dc3d160eb874cc86ad5031a9ec37f4f71d2d15a1d87ddf7ceb9666cc01f6a7ca27458edc15243fe2d1e2c6ea2bce611089a7c2bac9a36a47
0x01c0586a0a0b9e362b6e2abd52e20fce3c6a67d84e0f8a69d6b5d2f0cdc4c4cb785095e87dc996f50f82360c25450233c6a0588635188b8b1219ab83b0e69945
864175120484581453683482079962486176185193500155369104423588921177379322250834082489183304374038697487834084609675858746433355728113743766078731283595263 152247898054993199473548583263158177947684614246490015536444373251878236960551739427416403298878957277060396282335879 760921838601783961660396814416628217043476380697107753213803605516866631983541257230019999679277176509684711493487324 13846072437637725443037700413612866267615 391
0x104aa8a519011dcfe5b2058571c367cfc6341cd61de149d8759d24f8d543ee3921a3d573161240e675a951686127d71c9f4cb5575496775c5b3032a10913106d
0x081ccf0b0f5cd0982ba1c4ad0a5324c1c3009e69ee671d8944a5a167f39c22f25fd649a593ada4b8ec009acfff4fd5698e06fd17d6e32a3b564f1a20de73884b
864175120484581453683482079962486176185193500155369104423588921177379322250834082489183304374038697487834084609675858746433355728113743766078731283595263 805819069859426972633125567112462041303431972938220652135494632515843943209666077206901146664240187474933416514604649 147836617178516333801962445594324635515893398922944944866858819381399564171904372299648014240310531130723778697802712 62659297617522474427558470094794940039817 391
0x09f41801c551ac59c2323f32aae2d551487bf8f02664f431abbb95a9df79f2193dcf4f8800efbe380c6a811a4518a5e015eaa8dc62bc1fb3c28c19b92d265bd7
0x08ccf7acc33fa9c9186b18ec2c8ef35221de0129bb8bafecad2203f58aa9885bff11242ae20823e5ae028bb6070f6f5ab54c35947b57a64e3dfb8d52ca519fa8
864175120484581453683482079962486176185193500155369104423588921177379322250834082489183304374038697487834084609675858746433355728113743766078731283595263 1264037160192510388644785746799071821015193092793348037481099526677743610613001680512145067660744320125389439883282257 976359188156467672254633237505356238561569190817621003607455666009665114505329235455617413884122376229929277138908588 66521323095841150372187093089022829077881 391
0x0982aed66c1ca99c8a8242a31882db679c3b36aed128f43e6bf7b62bc4042bed7818257e70616c90487b02973e68040922fd5acdb2682b65e0d6e3ccd3316499
0x079d12114780013df8bd6868ca00ec2b4fc9606f339edb39c46518cf4f5af23bb36b2ea70f8a629c213b6407b125668f14f0922e8bce8cf1f2f62360e4a15243
864175120484581453683482079962486176185193500155369104423588921177379322250834082489183304374038697487834084609675858746433355728113743766078731283595263 1601198954070247687347531095127364338576344889666907359248962761913494984320426470132022831220575446402821171147660401 1771816052720051905094665369440990598565912954145886367150971481668794701450854437503745825997868205599922518794467160 52395473227529409662086651141053838644113 391
0x100462c5ea3574337140a0a8ebb8ef57c96ba6e4d9f7de4da872840681dbefcf2c73503124bf830223b66225d019cd25db3e1a40f8dcf4de14666610c498cf6f
0x0860a642e02a4655d077d0df6cdc62fb336b0efc8cd70e09dcc46dc0b187574e02eccd6fc22f10462474d08e2960346934fc86df65811163496b5f8e40f363b3
864175120484581453683482079962486176185193500155369104423588921177379322250834082489183304374038697487834084609675858746433355728113743766078731283595263 1040756701781166523247697866947605570309924794770394108039013814628212784422931127724345083770251727318027472660586281 1301013619590106269383574176560291222118515080906744136448996104087476383997252370445539166878044942856707233782210008 53496920623925973178358512085661575943351 391
0x0e6c5fc3cfe331158b9dca4a2bd58db245cc392a9b1c835faabaa7c24812e5b0be194993e3c71d5c29219cfcf0b8733202c1ba29df2c80682c9d456c801d142b
0x094c32ff773c2e6cc89394895a7449035e5c8b2c2ec4a28d6d3ca0c5bccdb3147a67956f8808838aedf8082112bab0155d5636b0491cec25a23835d1fc9ff10f
864175120484581453683482079962486176185193500155369104423588921177379322250834082489183304374038697487834084609675858746433355728113743766078731283595263 1700930727422155489012021879449522978898220776818801018269517236994037244338543199915734955270712789273715072185897675 2354279384526296291905669029122682919219882778411290303947459775363442940045652325717077107228918865980245330382223780 -12853561781927985222094200649425019094275 391
0x08b737c2aa621bf0e1dffece9020f1d21b3a4c7f8339d0c2b275fb5b6a251cb82b9410982fe322117d700dfe4526d01cd5153ba6871225b5210f816b09d43a28
0x00fa97201427461d2c31baab3de6a0568652f6609b085bac945e154be01add1384c69a4d03c8c55a5eb179a3b700aa653370b88fed7d18642c0409487144897a
864175120484581453683482079962486176185193500155369104423588921177379322250834082489183304374038697487834084609675858746433355728113743766078731283595263 1880321107017305662740537922666074423849329413946181418169143051966834838493658761174598777597062853702526809002572939 2255224029644274023872412400168847471778019461149126483917826427128052917320621481096814886026620804513075310063555828 31577006790218565393794643494314430911997 391
0x05da9a7b0b44ce839b372b4ff951c80703f283fbd9dfff37ce5bdc290a2a14c634bfd416692985cd54e1a8cd10f319e7bcf46c44fd2db67fcdc0e8c59db0c715
0x0b349b1d5341366a56aebbe5720106dbe0e508dc9180cb26d5701bd95cc64b97d1ac3c42b6923dd2fecbd0214f0cf3eb2d92dc9238d733994364287101defbfe
864175120484581453683482079962486176185193500155369104423588921177379322250834082489183304374038697487834084609675858746433355728113743766078731283595263 519238519330683492257161707946470586249361764230660361029522180515572947746408649752232112626700568956529201079243839 725852894674452412352259979489590546465806110756036902664531874966704163673392326664007396025684694955179926771993376 45920582313994403310322933569939069563455 391
0x0dc624fda36f6f5d724b75b32d9c9da9800c97a6cffdf956c86a27e8328c1dd020f5001553596249adc7343e26f456f7b4bec9f586455b038e95319e5ece052f
0x0fc447f02754163ea4dc50a2b72d42946c26ac737cf306902f74dc666da53e971c1a202b33a8d5dcc141c2e9f81467a2935f1ab2f1e6a469ec4b1f56942c5736
864175120484581453683482079962486176185193500155369104423588921177379322250834082489183304374038697487834084609675858746433355728113743766078731283595263 2027342818902068619749500790824114518120433143869158868183087087477961035560212007490464284546317096203746134124130077 1775916284130859422139437066345872221800938166997904150890414327889044969800442931311154643824381001382748039517286788 58533568680216937327715506819653789489189 391
0x0eed9ad774d669dad2aaa1911d7b89da19ff307ea3b7722911e1d42e812810a200c10d716841e39e41c5b12bf41114ba8eee2ce634b836beeb479a778ef512a1
0x0d52c9847ed2c8eca95712cd210113149a4d7c83276dde3e78fd2039dfbcc1dc9e0a21f3012bf2f2bfc85a0c8fe136577860f3a4ea14023ac6c9c2e7413cf389
864175120484581453683482079962486176185193500155369104423588921177379322250834082489183304374038697487834084609675858746433355728113743766078731283595263 775664236499770751730175977959555915707175019743881704991027313459218833107513684230337923105830915245710815896833623 1763796449055139522689706042568431249820089251564654340628103542675368003229332941030693191003493845600839040474241480 -15189990259154049452673698767537910421705 391
0x0dbe8632c54b97954a3f4ac71573c7c571450c27713007c7f21a559b8a1912c7b0da8e59587629e457e3fee39a99eddb5c9e8769b2c4c3058d6b2ed6295693bf
0x03a41ed707138441cdc4044ba00d5494b1e564863b37d3b1961b47ad8c66fc5ba0cad00169d571ab1c10e09a62d0881db0d9018f4dcb216963d4825c0fd40326
864175120484581453683482079962486176185193500155369104423588921177379322250834082489183304374038697487834084609675858746433355728113743766078731283595263 1800078000118285999341146580221424859958189825801845291134411951877771998126719705080247992335340791307076649407873099 92385975735354635236259702859963455981770839700089050347401339037541205821627167452171491741875113003424074404428452 -82134560051630111756107082046186511647363 391
0x0cf1d89ed486e5b8695d3f7b3952250b57b6f9009046d417e2cacb5aab8daf10e7bcb41799c77ef590e94885c838c9324e71af4ba8ea0299cdc632ea43eb3a0c
0x04c418eb1d0d018d85fcf8372ebeb31ef1812c4edf3ec199021555e02fe4f7e9a9e97a9ef54360a0fb9266e187983c1cb379547d421fc2a291d8c35a0aa888ee
864175120484581453683482079962486176185193500155369104423588921177379322250834082489183304374038697487834084609675858746433355728113743766078731283595263 2051446787903146855003867158196436224277613102685242001071991967601700940612405841668630084231912788792827230394447029 2428352283903130304990121607458843156849057392011871653322065957278717930349701462994421312983144551467180624373362848 16701548617842516066339134788434859155787 391
0x0a163c565571df667592a8ac49adad59170347632f2a9a6dcac9872d774e1877247a9d15b29a5dd3d4b446bdfc83b1b8df858750310bea6c67dc8cec7444c31c
0x0bf2a945d7461b109ad0a9bb260f2686ae17fb33a6b7334519e93001f2b463fcd5483e2850bafaf4b803a6f2cb0cb84da3de16c4ef0c56054cd753a5914dccc5
864175120484581453683482079962486176185193500155369104423588921177379322250834082489183304374038697487834084609675858746433355728113743766078731283595263 1248302753967347809579055961668540554910221751173170843801975431919447522466958859591423637131715973831962690998124407 466951978090201901613424440260365528074216174183938331657159556354065291909843626600329163764306678344444590730199868 72317308493429167357338697315568601107249 391
0x03d252c28505e78f1ed761a86549b51d4a7efb6c41dfc2e224f26a238fa9c5d5eb2501065b4fd8ecffc9134b8ff00bd103c587df5153221bcd1ce6461a96d3a6
0x0484f6f89f49a0a60361e99221a6fc8725a7c4285e4df250da3cf3642bf141c388ce2bbb0acbe32bd4acabbb57ed1d895c4dfc2f906ae399d08bc0236d0a7305
864175120484581453683482079962486176185193500155369104423588921177379322250834082489183304374038697487834084609675858746433355728113743766078731283595263 1936325972408134866836409188932152403896861122124141261652631520129678383518749349618981675808291786555276967929610141 2404282633985625996441245864564318671380785273454796951318029780362312266976048490556524269287076759180371112491955320 -16520026126156261858339114264757953517507 391
0x02a4424af14ae5d1693b44abd7590f8a56f7622df247c9b36930e4036f45db4b5829f209fc1821125048d19648f686efc0238af6e484e173d649a19f1bc94f51
0x0ec96bd322d48db96843aa8445e0e2f5dc4962236a279418f0b3cc8ce17d6a8f2a752e994c097e86804b008200d4d68ed4fe79f1aa507ac8afe2c0b5756aedb9
864175120484581453683482079962486176185193500155369104423588921177379322250834082489183304374038697487834084609675858746433355728113743766078731283595263 987770599989638798681943826329813287563488274244919962299331715127807835166565866641298659345610742200567979399559673 1373819366577100142525495373029627091999316931659001485643255115347784591426874714792196225007452817043763773986254380 49514758690172960429933593746042642607135 391
0x0eb2e9d58e54863c5da68d9d2ef75e449bc9bd044da037b5fa09206395c0fa89d180616d987dd2c80185349658cf8b523e846e68d606bd78079942145941009f
0x0a57b73d28d8b1fab8c70535f3d444f6d3b4eabf0fe3cef9030a247af6e18101c6f373a12a50eb6e89ebd62cf982a39c70af30b86d086d55b0ed82eb7619bd14
864175120484581453683482079962486176185193500155369104423588921177379322250834082489183304374038697487834084609675858746433355728113743766078731283595263 1586384363727128055858981216513669920418058986483455505683684746011096782804102501710492014092853673446625869577995787 2053235395531632202817789245273927834412553610357415594775224793839315644692415740771969387680377339168126736496259468 38312388724488174421728378220232175292029 391
0x053dd7e7f00a2bb778e3b0aadd0ed96fe64e4991f0c6cc3e05e736b02dd7df36c7067fa6c5e027971d34853808a7176a875722b3e278ffee0b2b2005282ef2e7
0x017d535ae97438b0f5163283af652320e78604abd407f147c9a187a1704e9ae532ce38fcd150ba3727a0e895ac0bb24af5495717bac16aa5d941aa611d31ad50
864175120484581453683482079962486176185193500155369104423588921177379322250834082489183304374038697487834084609675858746433355728113743766078731283595263 1998178703044762534605663473603488371389042404007572119751847766690356079061544305571745449324003286079257258219918541 2046767997401373731616908955484286048882946421571624874706374883546456456798191247198609640083196737074030148138552600 46837070154519540266331667493907088893843 391
0x0862895afd15310c23ae072d4492028576053d6c1e0b129be0ec162e5f3ab868588e591951da1984129c8cfb16175080a57a87ff63a0ab9ae13e6a30f7d349ae
0x0a011951a098f864f47562d5a46b1352d0ba5236141b84ad0563c8b8f6b62bfe7c50179f9d4f5572cde8abe0709c6170d15707a39fdfce8919c99e5fa882c94d
864175120484581453683482079962486176185193500155369104423588921177379322250834082489183304374038697487834084609675858746433355728113743766078731283595263 867067917323353166486150291488435112790603622954493158931327558468737848416127710137249613247240468925451849134849237 1445127918738956813207720262316405459880904357560481908134495811979080876883708677033130262309344889026652605790713388 -42115739524262301214655104546886525131299 391
0x1014beeb547a3be61750bd4bd571ff25f1a223461a496595ab62f616ed74a1e691e91c6c6b511153bed9db60600d17e8e6c4c43b93a159f092c507a9a6e54025
0x01f086ad850e6e09f860bc109391643ec852ddeba04d611cc24602ef983975f66b6f78de1d7fc232059d1d34256b6d9b42329af351ad47b3fdeb23e1b54fa3b1
864175120484581453683482079962486176185193500155369104423588921177379322250834082489183304374038697487834084609675858746433355728113743766078731283595263 8395865269981300362429663183039661722328634910798830184481022600252267869876760430423255621462904807159334890168901 18994022136364569631782352030284085136544974543409258113476354328656668913914957098874352007271125187211273790314228 -6964229610088075921021021498922263553101 391
0x0984554613fec0b3dee7b9544109a20b582ac638fcaa116d0f81b049471e29c841422a8c6aa5c7ffe7a0ec6505539752a1468407c09f9777246e42ea7ae8be36
0x09b837b8771260fdb386037d3bf89beda924ca13ab1c56a2be8138583a923126e3be7982bae2dd50e98cfbaf3be18f808daffb52f184196f4cfa5ff23f49d344
864175120484581453683482079962486176185193500155369104423588921177379322250834082489183304374038697487834084609675858746433355728113743766078731283595263 391128378984148783297966581577686169387152211921165090955683339124684333760404186662662775081043472705868419162990025 43523667898001276155449939439580569244853724672620025592185926246135024760826441041845877429582982746395505018110280 45863563280743888566318124133592029600535 391
0x07df1e5ff7aeb8b28e395e7b9bc00a0d3b070ce13ebc39c37546c97da9a3c1b3335dd2dea5437dd20147e2b72d4551554883649b4aa8b113c7ce4d212294b17c
0x0cbc25a2adc20c308c6c4841dcb39ed0e895f73e3c9fa5a75f59ff87eb1f95b6f9a6319cc38f264ce25c282a5348e9c43f524adad86892d494f5af182ce1025b
864175120484581453683482079962486176185193500155369104423588921177379322250834082489183304374038697487834084609675858746433355728113743766078731283595263 2357432115525635251866160710745410041994552926329114020197837812902265458590866346080031878859373874546252835471170547 2319580927234283929046303615173736723908044140768419957467414621336815295867734556139321542002259594406345256500821280 33184952912560317580983720210889384587763 391
0x06b9b3df415c17eada4df05b4848ec69a49bf21f06d49d4d691546cc0d51570ff469d161e5349b23e47eb19506e74c6072b26c844d0cc63b8cc320cfc2f90b4d
0x0de358ab105ef8928ed8ba418a6f27927ca5af143be77a1018f5a22f67ae81dd4b6ea70c442cb688c4a5c5380da1e9c7c3165d8aef37d47de1faadbc5a08606d
864175120484581453683482079962486176185193500155369104423588921177379322250834082489183304374038697487834084609675858746433355728113743766078731283595263 2346293438884200385963662083987685833729722876357662940166462325204910767774311168435748848824225120576803371271069227 1342802614480803836088420466462155426902465505961075296692331267375663224455578563254060281293263588995989109072480232 72363383486482091667834931051136572660619 391
0x005204c99f01e795113c62b494d4ef78583af26623bf924e4dbbd9ea81110f12c7e8704a4854399976ff930fee3337ab5837ebf4e4774a63c47a0b2d44ce13b6
0x0d5c7c2c15c4819fa6880fa64fae06fd5d73b49cb71bc6b75e2b7ddadd09bc76c4a83b252270cdf134eb25f22d39a4ebd7e166797943a7ac9528bc766c1d6168
864175120484581453683482079962486176185193500155369104423588921177379322250834082489183304374038697487834084609675858746433355728113743766078731283595263 208506583621194624859241044572441885107494210042644396437375332152954983083732207423086366488024141928978428208298859 986117288249629704491398046037184059611371152445217833781091786454202236096329203245628636647701851741909817291686624 -6426616677521925245240753710660245266795 391
0x05672ddc42a8b8364d49810ef42d7e5705450b7a8bc3dc519f8885909380b13fd4ea9f3aad5ff56fd9b14659be4c29bcaf7a5226cf455fa845deee7c2d2deeb1
0x0ddb44f4bce29cf179f2d51775d55f93fa7897d5f027ecd725e5a1360663dedd29e9532d3f926c1ab6d13c9f3046deda1d37dd3e75e8dee92963a05d91e1de74
864175120484581453683482079962486176185193500155369104423588921177379322250834082489183304374038697487834084609675858746433355728113743766078731283595263 277154202683922450887268618960342976420142094763980681589697025923026276653883154479904457563559000735050730448795611 1091444909980919586728761703587283632413070166993056350012625025522741504898026641799057223945724807253090402624994620 12253236051256027957788374977339352682733 391
0x0134ef264a2d4c773daa5611bfb1663eed9fa5c9bb237d3b0806911dcde179919c75ada38cb572ed4d6f978db936496fa067908cb9b21b6bce4d603fbe99a2f1
0x0feb4f577619ba6d6dc2872575b71bf50259ed9fa5fb9b76e843cf427ebf789cde021ebab7c760496a9920bad27958e16b8d95ce1c91369c545faf7efdc34654
864175120484581453683482079962486176185193500155369104423588921177379322250834082489183304374038697487834084609675858746433355728113743766078731283595263 2248268458477443329104915274764181802403633931615253884122529398304975059576398598509731860213465295660152779990857661 2487280525226244216364735886935617571077429884378091497796541056278765319390268455354882072098137386355081653366183000 10636543006164350065189699846192346952867 391
0x07f59e5e2b5300883215f4cc8dbbbfa092a908223d982f47557d5ad209659ae67f249fe2dbf3cd2e2e3571746b32dea11a2f4a331f4c09b4af8f236526942f3c
0x0c95e0fbebb6417f5f0f88b41fff4c2529cc25d57a448b6b4aff1c143d3ac8d7236d6f7c116996a0691f53c6a5cb5fabcec9ad598602bb125ee8340469ccca67
864175120484581453683482079962486176185193500155369104423588921177379322250834082489183304374038697487834084609675858746433355728113743766078731283595263 451750525179156051837247274349804901977854672331082809448549903414625693748058905591542668630581160838115218752838877 1248716628911724141543255765175239977901910875842152684528972649881442323657194768593453103191531717608555790429965792 24412261030270069390794042084925974169309 391
0x09fcb87154c296778557cb2f49c776e70d010309dd5523ff76974cb333d1d35bdfd298fd3f63928f6983f2fa78177719ddbd7bd18e5ecc20846d11dd51482cef
0x0279d2210625070136e1f3b65e5870a85d3100014b5ec9638afd73fa20b00b63c8175e7de0b0199c4ef98970fba4feee70702ee33eb49720cab7fbcc1b3d7a71
864175120484581453683482079962486176185193500155369104423588921177379322250834082489183304374038697487834084609675858746433355728113743766078731283595263 405384653952544284629885281774843337371737654737454213123615464950799551619539521634139348237245353574398375089910457 311945126341473806688996052388525878032420760860143529897063577638765248248642057392876519929617480158830020260026960 -45421536607291121165765553599062778438457 391
0x02a20a8c74fa3e3d9107dc5568e630dad98d25aff2775870afaec6ad5ddb005a748a7452c94d76196526dc69f056660edaf3b5f8633354ed09aa00d53849ac0e
0x08b7b6cbb6947b92bed9eee8a315d1e409464ce81c5739114fa9899b5334b9d994bbe33a9a9aa2496c46cb45bb912e07f8cd1fcd6b2cf52d5ee3acafdf061af4
864175120484581453683482079962486176185193500155369104423588921177379322250834082489183304374038697487834084609675858746433355728113743766078731283595263 114676154402440605424614411657061913947642969472636142274065915459622063179300529138663179446103213190050576113645131 639589979556687218830620383175337706625263493148869201115164099866224741598008869771321718951266968256183240595432340 -13441687633705095436271939942602492466877 391
0x011b10592d97a30496fa1ffe83cdcad061fc552d20f42457d0fb0f6335120d9a216b99d3e71ee429b1509d91d69a47fc9cf2fc9ee577038b3454c1d4f77b434d
0x03cf5439a95b8a4815c7863b27496bfd9ddaaf64c3574beff409f0b317a30764c67b90f1babc6c3a4a1f8ad8af84d7d92bd6ccc10c64e0f46348fe29a67379d7
864175120484581453683482079962486176185193500155369104423588921177379322250834082489183304374038697487834084609675858746433355728113743766078731283595263 981427781563414335200257997908289910326933257418033951524204306546582137420816608974718232233044114179134457991149721 395548957944349650184732975802875857978612045112605736430453074875327813753729116629693754212456858478899087942073600 -66574180535545842723729330499569500768103 391
0x0fb38cb0bee93b3cf7a98731f8e3c94f780be5c7b6bfa3d3597712bd0857e2f40dc6a08fa80e513fe597c9dc5551fa3bdbaac6f58be2d319b35f508d472871d1
0x046fdacce6586015148fa0e3d12669a1b2f67b8612e78af02d91b2132de8257254adb933fabe614492634a81af45f6c676ebe14315da2313a92d232c267f9055
864175120484581453683482079962486176185193500155369104423588921177379322250834082489183304374038697487834084609675858746433355728113743766078731283595263 1418980759916995176513178199408631508759336947766435523861303442347828749648762162823611667409212884356997442294602623 105548497359676179133805989668658068270995814855608881584385242973384945274722609151834882759014180584610087561000280 77061793643091193490504446845048429135455 391
0x07822ee0398e4f21724ac952d197ae6c47c4926fd9bd1d0b78a4cdb3839248daae51693f14fe514acb55c3bb5e0a5b6505765135d2f8195f304a2241e5b29870
0x01dec59e896aa7c44b1ad0dd79aabd3d5c7567775ba0a5624b4488c319776a759d076bf5dc0d619b1ba11bcd95f86aee7caeec8d50eccd9dda154d72e86fd48f
864175120484581453683482079962486176185193500155369104423588921177379322250834082489183304374038697487834084609675858746433355728113743766078731283595263 675926288969564381883196020192559211417932527422877461879232884630592040154042786822267876564518217765238501009648681 1690914181643093968549988254344525764486331282167931370702070067412861552375239874974130892506293120807908168522527508 10370401847468011041332657470953700133999 391
0x005eb1bf991769e9a0a87a99437c0a8bf3020ad305d134231481ec95742212fe0656e9bf4005d9a4e61ae202142c66087ca2c456d18cd6003e814f0b8c788683
0x01f13ce17878319abd33a03d029736c1348fd3ed873771ddde0a73d810a6bad16eb7dcba6a5fedf19b86e2cecc8dc4e22b5c5b4401168c3069d172eae9701990
864175120484581453683482079962486176185193500155369104423588921177379322250834082489183304374038697487834084609675858746433355728113743766078731283595263 1873555602592017293694596273100196238566807408129689181326774755420347758801242884008437754209795886404489008429252001 292978845815276724083680193240820655540973795939790874354549507390186846078363055551486187131182374705121734959727548 82298880988580628889818644245852186131319 391
0x0f02225c3554bd2f7269fc57e08947a8a5ac5413aa67e5b9c4f5f6996f991b4c0581cd13165e4b349adcc0bea043a80a79a0e972fabe63d703fcc63c175544de
0x048c6a278929440f5a81af4659649fca588116fe0caed43b7ce24afbf273cb9d2339419facb5880e03ed8c5f083dcfab4e2398872820c59b29706734fa30feef
864175120484581453683482079962486176185193500155369104423588921177379322250834082489183304374038697487834084609675858746433355728113743766078731283595263 2155264558852155838066862662000220954523914856237389146746381622178213279423026881574609195515133110339082995986101867 1500993606809962881622579676066663938074747120288328682626926271780865064158780283140435218565079953676273945756101900 67794553500865945207989650888230991765277 391
0x025e1e2c023e63d0aa29233268051472ca601648e803774582ec2fea00d4b863dddf8fd871ab4069e81292f24b2b094d395c5eafd04faf48e5a4e2a9f7bd47f8
0x098d373b9119731bca9124beb52389027d74b109a9feb9284f621b9751732021e28f426e83aad42f83d689e25b45badc6b4a13dc6aa5f5c7387d802627a535c0
864175120484581453683482079962486176185193500155369104423588921177379322250834082489183304374038697487834084609675858746433355728113743766078731283595263 153109499989705570104041331283201182024354670271230606382383481705361122989488507737079160201861492178709632299298487 864943420791495818803566974871015398236498280106847353956581943639272108443536475727785814542978370654953651643548172 -854847078499758789565839834741419779889 391
0x00fdf180290a8e191e4c94317416636c88d52d88d080289a74ec8f8e2a73391bf030141c3defc46585c606bf4182003726e9b59bdb5ffd8768b248b2274dbbb6
0x05b0987fbf220763a9e2b37e6bda69d3019990a662f678810a511cbbaf494ed19b5c1ff3d21c6afa6738da289bb5679a607b4179dd0aff8df346b96c20f833d5
864175120484581453683482079962486176185193500155369104423588921177379322250834082489183304374038697487834084609675858746433355728113743766078731283595263 1747185297124346473651628141953587045334123582301662685904644639390807161751022308444200360832547111543932750958399247 2030531260800880676878910700495867404961509091152268448109341231585289261453257392756775625242963535760139886338706348 -43512029214834282926654781872621618745831 391
0x0fb4eccde06214a5e7d15451f37a048bf173ce322c071df180476c4a3eafd6b168544f025aab149a1b6c3d4d48df2ef5cd7733867eaa2d8cafd2cb4b50dec65d
0x05b7522e91dcdd6e3847bd532d739ca8aafe542711fc39195e0d5888417b10b165da258e2a16147bb4e5ec11c3dca7f277c69e897f3ffce3cf2dbb2eb8ddaf57
864175120484581453683482079962486176185193500155369104423588921177379322250834082489183304374038697487834084609675858746433355728113743766078731283595263 2075538155389316089546291764989860933502592432071516934702189548534640731022084530970621266418796985441422479258839811 544348132665958736125262051106521976119951792761618959251324123960436911251235971269756483312377272533915035583049168 -82373115353178306486070374451552556264579 391
0x0fe23bafdec9a7bd8eb6ed837fffb61f04c7f6f903dbc8059d31714caf668457b0736be353b4c71c21b44480b96e860d49c38b77c36033f108ba0126c34962f8
0x04f43d25a3ba674da65b58a5834e5110e7dbc6956c19e53a1907a9a3ab5baa8ebebaf9144d5a5e86aa3e458d446ae15096d49c9bf5cb2533ac190a12c8f38f28
864175120484581453683482079962486176185193500155369104423588921177379322250834082489183304374038697487834084609675858746433355728113743766078731283595263 1506571308852284845169270916473122457078722867041356636056365176203660869695021347140276827183975327779128192139066751 2303799107589419960492161318773936713342904858079876353991752552289301334629968818599221479141635048992145106511914260 4938931868039659492833552077196449225687 391
0x076afd68d2a303de394fbe3489c00b52d8ba96aa3daa6a5cfa7dafb81aa25ec4ab2cfa9dd97586b8f9c2d490f81a3167b9a6216b74a2c9cf94464d192e9f9061
0x0d35b45b4ae7942a9e36e728bea19fa15155f5906746454c6ad364ceccc084a918dc3278275400e1aff779d45a6c54244f0e25e0e300c90dd0b8e9e8835322ca
864175120484581453683482079962486176185193500155369104423588921177379322250834082489183304374038697487834084609675858746433355728113743766078731283595263 820612293313741075349769136996332939811662706782668759994593320862094632198343947943079171002700714171466870114060637 1461871308871994958670756494976702387914151917577732740456326443237967695361536140823083655000679624470885593018902452 39204786749806844804935124083196810648741 391
0x0bf15dd3f90176b359e63de34d26ca3fadcc6599f13049d165f46266f9f219395bf3dac1239cb5c894c513e5538be7debf2247d42a022031697e14e64c449552
0x03ff1a0eac5da2c7579c004101230da4af8df01a1586e5110af4d1248f7178efdccdecf9adda1c8357376b6295b173c4f82f711c44f4485429726b940660d9ad
864175120484581453683482079962486176185193500155369104423588921177379322250834082489183304374038697487834084609675858746433355728113743766078731283595263 2414811412447315387489596654389629826489554884487344111902733128681009335485450647634520859172185027587893775494431291 2286700482725507043167805161093474246753065530732523132626356696505230685450982142854700787788346750120623424259915620 35979306545551605869290571103803062098957 391
0x0087ccce90aa6df2ffbb4a8b31f13a64d0b029eddc468f876ef9d59e6d9909c8e307202cebf5bce00dfff1f6ebaa4d131121aaa1cf73fa078c74dcbfb580532f
0x06db28978af7af9590112a0a12d4649d23f9749272f9dd77016f49c2d35ccd50e8b593a64c91d0c1fdf8bcc3e662dca7f96b48b074e0f300a54318dbf7e98e13
864175120484581453683482079962486176185193500155369104423588921177379322250834082489183304374038697487834084609675858746433355728113743766078731283595263 1924609548029765393706335323335425567761587904536614521495445642240892515144305486821622560343960739927006158142333897 1693127018321177937978066353171131985107252142649880818668712251096932713534895345338420155681425717668896010775089052 60239189674954232099254734387435569917169 391
0x0feecc66544cee1c951cc09ed87f757b39ecca03396ade277980f84bb57fd4b1dfcddd29b331d4d219fd6e8f7d88977eda8fe5a63754bdf50e2d39527326f107
0x018e5d90203e3da8b24566c015a5f6f9968290639c437ddbf0b193d024c0c9735c2d2a047c9dbc9f73cd5890ccb01d24ddcb582908cbd1fa97b7e7043a98463b
864175120484581453683482079962486176185193500155369104423588921177379322250834082489183304374038697487834084609675858746433355728113743766078731283595263 2494206933202769202039458851046810708912280954615492976943146479583803832818167209648786343327703935955814349375889737 690919524940689287963089044770998825506430994733177376980767443379691659991465958568045117832831309756716053570429100 -82494354005108250789218525169167720493233 391
0x01461ba7a47a0f2990dda7ee1e95c8d8e36d1e87e6b5dc1e099e02de12e413fc40f01f756a8067c2a3c8ef6bc7753b35ed17e96150df49c9f45ba8008be74a20
0x0f2a67462d241797447975c5831801af23e46ca218fd78cbcc8a06bf19b468bac0ce24d5961107cd4b473983064bc356c99452d3fb688044aaf02c0a78d48152
864175120484581453683482079962486176185193500155369104423588921177379322250834082489183304374038697487834084609675858746433355728113743766078731283595263 1852039773965804599679256478185395413940604873278056708506944237215280742193628071505507663503241459661066651973504831 2071027632666395520545957633097900461402426532473415126999431679764749736717602383497714773935902464668774671353266712 -43316599548365244113774820872191617751071 391
0x0b00b6b90c8407d9f73354eb7b07134f02961ed80a1e7160f0fc806ec35fa4a4f13a46f2895a0d618ae24e7cd32320e51a3832fe654c039451c43db338bebb8b
0x07d797952edf0b21d2e19d6addc2d172f1e9507f2b25d6eb8405a920a7e5a534d4492fea6201f712d62c636cf2918bfe4eca3ae70b54860c5be3558811edb529
864175120484581453683482079962486176185193500155369104423588921177379322250834082489183304374038697487834084609675858746433355728113743766078731283595263 377208800623229305132458109006531638876017177900855777244531545743509050765461141930232656240057566847806604233584997 454857993253762925616638630007080450020093065325564695323525978504155517430517414704281177224275676312715758392416168 42395558707665460881709107448982195984389 391
0x077e0503b045665aa412385dd88513569be00c8976ab22972b318b38d569aeb98808d8d63bdc2f3ad8c6050073a69fd67bbf0f0608e06dc44777b1eead7fe03b
0x015f64eadf8b26adf2ac229d7b5971f725acdf1e5cacdb9e3e9a30bd329d952c8972c8ea6ff296b07f5ff2bb530387cf6516b7983c9292e49342e67bd6da8142
864175120484581453683482079962486176185193500155369104423588921177379322250834082489183304374038697487834084609675858746433355728113743766078731283595263 610406205752873023837121020372637666835691570749331277609166179907855429483936674984543248398621253094427206522513867 1203455225938275020430723532897182678593633727418161463819553706690552075112023408893764941379100466008826914014936768 -38148744133211289574255305214281931980341 391
0x0036a8a2d3ba6e1cbcc7a6cf0f21e33226647e5840f6c88e29e06a4adf663e7681ea14a4d5527f9db7a1ddc130b009b63eaa4f4a0670632ee5028226b4eeccab
0x08ed6ba00e7cd9971b856649834dfeaf119c64b75cd36d01bb9768606d330df956c83421613fca26b156b2d9ca4dc3226d65cf01431a0d7ff97bb9a658bcb6ca
864175120484581453683482079962486176185193500155369104423588921177379322250834082489183304374038697487834084609675858746433355728113743766078731283595263 337051251868736360617458421089886745500481030848639796496145977817510464893007931077534522363295592326066559530492907 177907530770220542025822055300566834963528562013209319037234289932319538272882111997904357057473981759672778923478128 -42414589404040358971631093457100987952491 391
0x00617bacf47c399c58f344f3333f396bd158b7f8d17ed9f540ed0cfee08996362c5aba073ed14db9ceed15975220ebbde783548271a444ac0d979f35654d2703
0x0ac6d65afd07d00ed7b836725d689128fbfb14ad52c12ac03b0e28fc64ea8aa4eac45e33e2ec40bfd6993a2a1a0514380fb5d336f9da48eea94ee8f71f354f3a
864175120484581453683482079962486176185193500155369104423588921177379322250834082489183304374038697487834084609675858746433355728113743766078731283595263 2033723575156803074189886679020959187577518436986323332588654232649470152587152326284400366712143743155227682227533107 1919482964143210551650208749856776582876059663265048367155255351769075897245100487671573588176826536227246182719860900 -53099060080052489238389595252864247238443 391
0x03c22624358738aa504945dc71a5ba9ff217fac7df6d6438fad7f363aef97fedc4b28d7ed1cab3ea0ce0bf9f5ee3be085ef67010924c7582a046944961e41272
0x0ea8f34c1be1ec2ff0dfa6ea75eaa556a4691d5e05329a7f66b70f3eaf0e35a715254d07ad2d133478618fd6222d13c2261521194dd5fc136fb71ecd1dceeae8
864175120484581453683482079962486176185193500155369104423588921177379322250834082489183304374038697487834084609675858746433355728113743766078731283595263 2011341252622509485529240155690257847263243027588532276357716516080247035167636524501327506176019761832214787701023439 2391907585266338246387543244176268403023999780494663281471454014719018335664606265107952173835728871713687022012282652 -20897697667366531109399272080540277196313 391
0x055fe8f11d1299378eaf792b79d8547a882df4ed76d3d9b33bdc6baf409a5b0722b88acee4de9ddcf35fa249ddeae9fd76e4f4818374e72cf2b3656e80a2e209
0x061e085e5c3532402fa5562b9d53c4617645f70ca0b1535d80606cd38853888c1a52949fdef928c2222bc81ce28e21082284f73db8b5050a9db0d42c00865219
864175120484581453683482079962486176185193500155369104423588921177379322250834082489183304374038697487834084609675858746433355728113743766078731283595263 312618003853346520902517704837667297214944610744141950208289110699032517872048667135970236627015757731918787124693219 301129557444790191868650832089151234386006058642119645045865091748738784062924831598418813055583158803370181734656792 40080720689098854251526727526925247725757 391
0x0408b9043405df59e7016f314accd1abae36f700e36c57e7c920510cbf14c2a241e403db0db7fd1d3eaa1ea8da9d1574f175946bfcd48c7cde4fc6f17d72eafc
0x0f03fbc06bada24e9bb07d4532c600847ff0bbaf12944093285779144f28656ca96f7c98419ed958ef2978c4f6c4f31b4452721f920b67495e5425e69f9062d3
864175120484581453683482079962486176185193500155369104423588921177379322250834082489183304374038697487834084609675858746433355728113743766078731283595263 685911062799773898466993347657511149113712712932990530935981857685701196662406212709297645966901485472132261905458611 127609228384131366968710683564801335716969730146243279858224313272518763130621098543902888177788988880397677601235240 -58649957427697250661846056795959005272083 391
0x080153b5db2ca92d99a3f43f16c1a3c7b947ff00b3fb6641df47ccf6f18c96ae055fa0b0ae7b3dee6e04a6d6ae28e8f670cfff334f7518bc7bddccdad560a9e3
0x0a0a2d27e9d0dd8f8ab004b8696a0cffd43714a90e0a9e2d41fea3d7706e270d8de14a52b82918683efee4ac1c7f9d66f85f61b50f9979de366d69f641cda71d
864175120484581453683482079962486176185193500155369104423588921177379322250834082489183304374038697487834084609675858746433355728113743766078731283595263 1149439393968166622139616416479516369463529589319547327238855471101412379595502398051669329655799299911229193359782773 974040256171804481264652129193806765689021123682534211495233066761137490114940363774975624337547955608022295052316240 63887087661814422798638399471222288679435 391
0x073db9c25f630529c1a2a82cb8c86229c94ebff5178b126021a1306bf4512871728ec02b0d2d7effcb2011d956861f54f0999775fad08397be14c9401c457162
0x0e55dad680411b8aa6d83edc592dd966cfacfb65d9c9c07ddcfaad000ba797bb07223bf165a0b5105ace607f941455c0caf98265ba32f5e323094b610ef47c26
864175120484581453683482079962486176185193500155369104423588921177379322250834082489183304374038697487834084609675858746433355728113743766078731283595263 386883382851435102103198509323941304555399529684709423878144684667292329727621709549292617363780329414176129533366259 1121900016431908564870633213503132678633114846185527485399958307686994039821857672821581590668416052246216609793720424 25064297238205343886563466854232728065965 391
0x02e4fe02606bb9986f6d4730b71cd0a498db838e6736cca19503f802e2e60983f323622c3fe4670c2c49a4b71f1c6232bd47be0edbe085878f8a3c8d0f8b9c2f
0x07795d24841923653cddd6fdc2e0801564b699ec7f871ee2bbf359f61d87b142b7cbfcdf7a7b82ae7597e13d6e60daaac61421ac6fe45c6e4a8d7dac3ca698d7
864175120484581453683482079962486176185193500155369104423588921177379322250834082489183304374038697487834084609675858746433355728113743766078731283595263 824195546417901951119950515315620081299264716946116368659804473946170195282879602310577086513958833900473783227480119 1478443127514524637356094336984254336928843379217400089340971451451847997743211203524338440900256913997300979761011824 38661644951185944837108659151000203281335 391
0x08fd847fe0ae6bf093020243f48e835ec56c080ddb7858a7e66f318b28670c25f264e9e89bd1c9d19dd3c0af8d73db69b51644ddc616cda999ab726699e4585b
0x03caf02cc7d8d1c4e102d4499175d866fa67ad663a57bc0dbbdc608f08ae2c86280e96ab315d2b19088adcd6e35c436f32bff31c5940d1fde81f3e2e4c954da7
864175120484581453683482079962486176185193500155369104423588921177379322250834082489183304374038697487834084609675858746433355728113743766078731283595263 1219693759042679217402550326633639324536437686152845521596765639049632661938494510894019957517810597756298769531457251 1097719597280803787339492311661990927441510229679627492663361478871951910825568701898177781011363900923940752990308400 63265046159925302637738284663133385818013 391
0x0a79b2e164368521f132a8ad939c22b6327d095073e8ce3f9d937c5c371cd77cfd96373e45e5f3a4efbd79ddcb1a43bcf026ee17439db7903c95df48b8cd03fe
0x03bb459163440982fe2f6246a29c1b714756fd5d97e1effafc268c27c8bd74ac179c19a23c881227c5b3d6c95134abd1910b1ce922aac013f26d38faccf0fd32
864175120484581453683482079962486176185193500155369104423588921177379322250834082489183304374038697487834084609675858746433355728113743766078731283595263 1360062192756155651160334022929497929947513850562163456346263632348392951992974834841893838024711129938890211037921109 344455115662324190994345525111221190398245863224085143269134762952639576204818002914636905599979491372473837552177732 -75231165939376983296419034279645006127773 391
0x0c2caa18caf08fb9e97365bc115f935a5af3a817825878d213d93bb42cb90d04e734a7b15f4771288143444bf24a11e24386ad547219f6dc64be1065d67af6a7
0x04e5363d89b121b56afeab088258c07f6e71bd511ab4a65bdeebfa0c12a26689a673e1ca306fdec319ae514f5a7e4a3970092f6280eb093d80881b5b8f92d1e4
864175120484581453683482079962486176185193500155369104423588921177379322250834082489183304374038697487834084609675858746433355728113743766078731283595263 2214579497535005089273508072857372636462414895031153910780873880886142457229656913553948517407962377348681138955186387 2486660934791618700097035272302507554452471464700633519880468532020723188129321305190213105399570836522050726899038232 9698855773705020195549383354303321936179 391
0x03483fc0d37b54eb6c43625eec6ae9213e79400163a0619b956ab2f21617b690cb3cca077ff7cef4f364bcf86102f91284b6fa8f6e678fb7914bad95c6e9b83c
0x0fef93fac8eeadf094add07a079dc4a7cbbecac4a1bb4bd17d9e727ccc98e668024115246d4ffb095af6cd9cbb66c6a7fcb0be2af53cf581c690f5e1bddb0313
864175120484581453683482079962486176185193500155369104423588921177379322250834082489183304374038697487834084609675858746433355728113743766078731283595263 691488714397749623575403928783867631602501659805561420097954780138888473322597051994047905310184365806449311352950131 1270656548734672480665854810055473408059973619260840799780394516872718318546544556504282300991895892322203245264674428 40174476312152407219902668688934316720619 391
0x07fe5c57c2fd2f22dfbbba5d8f03b22d7189426e290ee6a701dc18339c6ba5cfc020190216c18b9b823ba910c9dc80ab85fbdaedd422a2c308fee74b74a90bdf
0x07f146fca1996ce03082c41bb1eeba32f948ddcdfe7f6ed6c2d06f3e10a9bf401cce89f104bad0f908027bc9bd21f83501b55c6ad0a150f63f42348ccde71b9d
864175120484581453683482079962486176185193500155369104423588921177379322250834082489183304374038697487834084609675858746433355728113743766078731283595263 1408276684645183948253111527486317054248330852735272152822075682102857972898161656541868815320804032805165192641247511 1899596620203866927396998845572855532247997017128301966599442668447215621627987914034467742811747148330157970003985268 41813157784373751230205920622424225140271 391
0x0a42f488e254f8e67921bd8bd79043dec4d2cff82a45ddaa5d22caa61c66bb73f6abf59e24980b8daa0abe866e19acf21096fa6b5e8062f3e06e7a85a264c0ee
0x04e187b3943a012921dc87bafb5d2a92f81966a6404b3993785a7a46e191b23163ed0411594bfda83de667fa1f69a98c712979c9b50eaef4e3bc5c7d1fe66b66
864175120484581453683482079962486176185193500155369104423588921177379322250834082489183304374038697487834084609675858746433355728113743766078731283595263 688863298892247596600108946423898572700460610241424096634631784697019383091296602204246556083690727608644975252860149 1714661306818818306667163750774229193586687202954138793570207356358374825579325224199190375095109150669512606969481012 8308585033228307501837522762632195345283 391
0x086464104a689639112c02607d6a087283bc7d782932b16d9ddcf1ee260fde0f50d67f2ba4080809db6cb2b56d105af3b9a54672859fafb5b2d5bb309ed170cb
0x0cb09f94d3ac7c639fb6169cedd54ff15a3a5a252083419dcc27daeb420ae274928d6a394370b73af9d6a115943b205da67cff6ff9ea0a745b483bcfdeb18af4
864175120484581453683482079962486176185193500155369104423588921177379322250834082489183304374038697487834084609675858746433355728113743766078731283595263 1784483025449891029276937826585354755037460446919714631246292037797245646181576931812741937868608537133608996319189161 561711205115933759089923754651050976598273323139368959539819097384946782089314951950481101732407114170175792223404972 -79777971208075642672075743102787325017361 391
0x0ac30702bce9fe133c39d5b099e545d0bce16eab59a1ffca43e9690fa3deaee91dc8e729794a5283a2d6c930418bd05b6438e8169d88fb9d266032b98c9221ab
0x0ab6929b95d0d02e785ef07a3cc56cdcb075cf8ea99c85a915bfa8dd3306999e10ba60875fb06deac2c3d58ba7bab092366dd543afd7c2cd096bf6fbe3d4e1c8
864175120484581453683482079962486176185193500155369104423588921177379322250834082489183304374038697487834084609675858746433355728113743766078731283595263 940277427442945431727787599387798589390418796775192120320280699434582536259803900672494922473113179970381378215702897 619942923026616466325334451661704035995583141539513732000850316414276082170188212412479437342089145448493933684412908 63401770077501784600931191053510194343321 391
0x015c2124a381bf6806bf20346f30995cf2ee326e404f072df7c8ce9228242d4e86276514183e8204c3989166f77c3576d97a1c364bef2444bda4def7c3803cb8
0x0f5c2b0bf977168f4655f6f1527c08f0f112646951593fb9d4ac35f4fe5a9b6f6230c8d4a69e35810a6468494d7a911472206001a2b9286e03e517ac4f64ab46
864175120484581453683482079962486176185193500155369104423588921177379322250834082489183304374038697487834084609675858746433355728113743766078731283595263 1789455682137621244708776296836528126701247099209682392463267900597331484878520384733872269551138535740513790872662137 356931733791050390871228021777117678757244976214604247180274359727376151500953957362882012131975544402604472422383880 -81182923554214496815043800360742073057383 391
0x0b89d5db52992df86fc973a01d3e1e0e16769b4911f159bdf9093e70664229a0d3edc4e0e45df258afcfc9fec00c74ad92d8bc9aa57e881a56ff9abf779205b8
0x0ea36f029263a8d1422a6b751cc6fa9ba77d5071cb098432d126c8594f52ea9f93d154d64c6b703ebf2e5d7faf2a62f9b55a7e938552d733af6d538af41a9045
864175120484581453683482079962486176185193500155369104423588921177379322250834082489183304374038697487834084609675858746433355728113743766078731283595263 415270682571389653023543812992865491097968257841322947478209518119438743447306853763817499920529466356114691917410989 346262897011252215676006659417054160596455577989753958799974420433278979873584086295564879857015469709099469266773932 45664928433003231846926327271632233190923 391
0x0446b2fb37a14b1834cbb719437c91264f0d22ebc111343b298e2fde122c06a6e3678c93756aaacd93488ac66a89ec74e3cb42c60264d3fc503819ddedb233f6
0x07073c3a57996c92bd2d3803d30c8eb4a70a86f0d48a74e18a8b88f77af56351883a8aa4dfe9739e5ed6b37e250b011c675b947d01634f862b3f35e28632fcf6
864175120484581453683482079962486176185193500155369104423588921177379322250834082489183304374038697487834084609675858746433355728113743766078731283595263 1943728322188018219342982744635704917349623847681777535046989588325620558138015982565365653765051838715029619477858921 2348053531949865271071132483429058600991074877676713781622881626938699583818495103811813542465154896559677544169287912 -24333022806202538359063862884170501352311 391
0x0f055fefcde63a67b2ebce1dc1f489bd1e285c34fe88e669db12eb503421f3b6dda18df088a05ede8372f3d06721d9cc2fb7d61b47f101ae66cba2226457eef2
0x027ac9b4ec2ea334d038c6ad470a5ad7eb543c8bcbbb54a27731b03ba41a1e31a56413179f0136c04c43550a05254dc7f182e341f034006a5b561997ecd135f6
864175120484581453683482079962486176185193500155369104423588921177379322250834082489183304374038697487834084609675858746433355728113743766078731283595263 2040172403501062114801145921443835520458262175618016282890087421609041346285669948189993911662761239619314134863140161 2432779719185801639269031050676771394215381591464934990786805587689229634643248253270252554234391046958843311787635168 15544085199011186032199429453756922030271 391
0x0ee64a10ba7a7fb4ca7f965104f60e6c04b9f20fdd4df719f993d6b9f3cb09eeb66199244ea5fbe59aa0faf80f7ab8e597eb6a18b5cd3f95e00bf1e5872f340f
0x093caabae5173893f82f40f7d67038da47c2ff62fd893e865e27a78d67665be2df35b72cb96fb5e78c6faf1a28c566072fa6bbfb861f58dc6c36e92b0d78a73e
864175120484581453683482079962486176185193500155369104423588921177379322250834082489183304374038697487834084609675858746433355728113743766078731283595263 2035767690864503034794605592039505533510012376338238783097946743396880599529866962549894294315195612258935789995073379 1460994076663273124688770974247726936212417852463700603556506706690803659723402510044815491207788908356192210452565648 67936213682120691627578269837256415396637 391
0x04c31e369ebf3b999d58b88a0b7b304af2e7cc0bcd71df47d2c97bed5defa0a7ceff1844e6a3aed0462d9226be9823e9154e7a251b3cb6960d3d0543f08f3a53
0x106bfaa09cba72e0f5e762cb325fd4b813f351f7909c6fd841837c70679395d3cb1eda271a8cfc477f62341017e907cdc0153d848f08f3f50536b34e4851834a
864175120484581453683482079962486176185193500155369104423588921177379322250834082489183304374038697487834084609675858746433355728113743766078731283595263 1764458356725325552945365703463951414495959011671498834760404117556848954596505671463782794906978986081325106608801471 2294449782329387875431343027651057643297431707194248316191122477645218572490325511404046921747334476210477502791010932 24557443514520999910711981514050144231831 391
0x0bffe32004cb0271930c0c3fbfc33a2f73c4eb528797f66720019b039c17b8f5ed43229b3cfd08d6f665c3c2d37ca9ccdaed3e4acdafa6d88449b8fb5b9de6c1
0x067b15148b3d71970d41f93fe90e9a0099064030494034f817d4ff1e762eee8f1003644efa7f98137484428fd5ed1a703bdb1a2fcce2008b004fdc232ee41b65
864175120484581453683482079962486176185193500155369104423588921177379322250834082489183304374038697487834084609675858746433355728113743766078731283595263 1311442075502493793460404880648907507561347044525985368489172710377974765994748964295271539001575925220088373772434157 1218250454464183676752241535045862229873725769103389081205339065102246849428282893654770747506439992427724125947657588 -62818594471979728605701461775490577766731 391
0x1047d8373324e645b84abc1680729e48515b35575b2e7969ede334bc001cbb4b701827c168d811b4f453e0ad278486fab4389f863be23b69ecb51b31abd18ca4
0x0cdcd1579ab44bf7f1ec70d287fab5fe844f88967f896442e4d26a2c9a6ce9bd20e80c6e5116122d44b415400a12b68e001c0b2dae7e898e6fdde0b9cadafef7
864175120484581453683482079962486176185193500155369104423588921177379322250834082489183304374038697487834084609675858746433355728113743766078731283595263 807529710272949520133892061025453929946209725384148472586308880501778305629571323505487328560450433454338123920488617 1695433143270569005240449665690408679744277214364518695163203209514208390026255266563545437485615677695821069348193820 -25139259211684637205327668657466384958673 391
0x00c2307554cc03b31b453fbbbb38e1bbae5da76847b2b2a7affffa9d54c3176f62a08315d8cfdbbd33b726b156936a1ab7154320cd64feec7a1d53ec441b7560
0x08d744c6bb2cd0baf40c0c2d14ba3189a69db43106137f9d83eb8833f9b7678c344b36aba5a3aa2bcb9738312b3c4c5f7b5960ea3780a4c30095848663cf1905
864175120484581453683482079962486176185193500155369104423588921177379322250834082489183304374038697487834084609675858746433355728113743766078731283595263 1190691506274222514781573083738755866467270964966473569717485794612284858778188466369158991991301137815342541101371879 1550598102071544699208034001179685739639152268939557531074496545718135157410759791553926149665541054460175113197230424 -50261561629646079186968849842180060602425 391
0x07f9f60d55fc7223df5a5eebfdd46e089bae380f5692bbd3a3cb912d1fffded777c4313720794a347159f245758195324efab0da590bc408e355ee84b04ee424
0x028291d42b8ec2d1871fbfbcb6764d97488257aef60277a11ead2b2f76755cea007f995a82dfdf1facb86da99c2c73a0e762fbd078bc3d77a41315b36de5d9ce
864175120484581453683482079962486176185193500155369104423588921177379322250834082489183304374038697487834084609675858746433355728113743766078731283595263 1001197440725209540533718128179927739689825095489520603082955888436017873055960335492542061666933537298520970045661979 1282121347559322493882559465732675533482519139059532703137416639062956147386024262972041091569045491960009324490886024 -52735116819930405017496772712389828713605 391
0x040281017632353712cae8c06e4786214e79c9f5110a3a7bf57f887a872fee86d3181dde236061bab31b452bf6ca858794f0757950a1fa7e4d783419119bba5e
0x09a8b990064318e0bef4c1e09b3294eede0b2b6e42a53352ede05628ed688b55b5ca2eb5f641323f33b2d331de6cbfd3a8cc93e1f11fc7e79e374d257f21029e
864175120484581453683482079962486176185193500155369104423588921177379322250834082489183304374038697487834084609675858746433355728113743766078731283595263 1076219373081413325031883279902622119484482850163625831195025615104649388740523740977588985246868984681997042688272691 1562421012847529097853144683987074732813007014420647867410466772298964541394084659575846263268097036755479190659988480 45998286757897344623282250368592190822093 391
0x09d944bc13de519fe55bf619e7dc98ac0bb827d429f74417a73053ca101d5010a55633ad0322108a528dac94bb49071d927f11b1541b2ecfde32b9628253284a
0x0717e460d93c058b4548effb5ad238268744de4cdc70c329d7a6504e447e3cc5d5f630c140f98ddd68834dc8f1f5e422bec6c9204afed54530a3ed0da6f1ac0c
864175120484581453683482079962486176185193500155369104423588921177379322250834082489183304374038697487834084609675858746433355728113743766078731283595263 519266394574461094969539738386959965492800670125585748070659286067542371051801083094528421575329033855358672284480271 129036999760996744796472285810115303692410558109627909842818491258135477459356368544471260211155383266078707235908288 51954137521451193603046517924160632957711 391
0x0bfad9e920997e2f2b6798c915990677b6ef05ede148780a8d7fde8156fd53c7cd9e0ebf7b94ff982aa4d3275f098121b34d75614db27d9a10adf1e21e2796c9
0x0aac01bb39e18f894ae64ccb5d175bafe7716b8fe0ab00348d61a910b43a7a9cb7bf9525caf9d3bf4f8af95b1b34802e9edc9781ccbe049ba3ae1f64db32887e
864175120484581453683482079962486176185193500155369104423588921177379322250834082489183304374038697487834084609675858746433355728113743766078731283595263 1871662679640197446004935339336891859436351737478133223189517198314603981618951029642398218072626582854646901029579167 2077675651928377033377238880178116597415837782140225952200582877895333868649854514186568909489456447377811895666307548 43294110357572801580177152833348275647689 391
0x0bc06440e0953dce5dcf83a2993cabf8094260f6d14f14269f7f735556df7b5134fa99bf2476b26e04c0ef709bfaff81dd0df805f6c5609a524a8a73b9ec82f8
0x04dbd4fe8acbd76287b960e154a5bcd0e232259f94d80abbf9bc0061eea0ede3773d2857a628a84e40ededceae017299f3ca745960cd4c62386eeacdcebced1b
864175120484581453683482079962486176185193500155369104423588921177379322250834082489183304374038697487834084609675858746433355728113743766078731283595263 2118866169590699759342628735575416559180456975461922144198707335827787746873829344145817511232790944820873527197202317 2486758320721229966036081542078024378024813087923650941394129343910542587076755140598230103076941242589383430273133332 -3855999210305134715122788934449782792491 391
0x0489a33dbc8fec739b601fbf1577e496eb9ee491176c3818c06b766c7a390f35afbd0df0016bd752901c5aecb4a01ed1e2f942d19419641430f09201c08580dc
0x01bc50b188f4e69836888f1ef4bb69eb19710acd45854e77ede926f36fe9ce83d8ee63989917f5e91232533c7b939bd7dec017493dbd9d967d71ebadbae4ac98
864175120484581453683482079962486176185193500155369104423588921177379322250834082489183304374038697487834084609675858746433355728113743766078731283595263 200564980578976984361465334052963329242106413076809544629504341525666596293161271434058336209210660789332999070344099 979418380024155164234980401635743092164070848885744057410150556284295064004486487328711550628595243805520165513599028 -3734798896342746651691327896072044358053 391
0x0269e1702adf325d9e25f311c7a914e544fe08d000be656d9251ef5a54fc1cbcc49dd485a65e2e380bf5802029819fa3535663fb56d28f2087548806d6eac046
0x0650402ee7c1e0ede98278118b68c7b4108e9798b9d235148036b0459cab77d43cecf6515def54f6f5fd3c71e39e25f2148f71672a78a37b61ecd958c0eab104
864175120484581453683482079962486176185193500155369104423588921177379322250834082489183304374038697487834084609675858746433355728113743766078731283595263 635971945086000529577692524092046914810278850850183788687202091562770246366856098667228887455826666565104035402717575 1366364000615980023249707223334791264163247080595965359946213037314666898710401493034355605737133673524801310422323520 32912208500949572199992493206555024387705 391
0x05c9c078e0f15b37ac52af96c785a07eb1acc727342fa8d6e87908f2907ee37fc9ca500e84d3dc6d2055d6dd5f0a35321020805a582394f5907b295f7eee114b
0x0e1bc0b91a40c6ae2ec492e84b30738bcbc73045b42d20cb2de5089123ad915cd165b9a874829c857e923725bd479f5003e9d211d9de9879b708543e2916807f
864175120484581453683482079962486176185193500155369104423588921177379322250834082489183304374038697487834084609675858746433355728113743766078731283595263 1240053086028363899745845015884583683635305409043194788502827468458707307877964640128552250455389260394268354085575525 1959008356627943346000802955485937467845937851818206682321117275753217296162397508954766836231406501702556950598329100 -31887582800132248062119680229647099242605 391
0x070647da325b806dd01f4a5e58ccd4b97bc12b905bacfa20999733defcff2eddfc3081483e4430dbcb88d52a3decddd8176bcf169e831213574a951d6bc12761
0x0b8ff06a79e699044939c179ae61769c8a370686a9f944792950f2737eed82986032c5b444ee0b7c4689666da47cf5c970eea89fe9d6407f68bf0345654708aa
864175120484581453683482079962486176185193500155369104423588921177379322250834082489183304374038697487834084609675858746433355728113743766078731283595263 1192173567073611563168327100417238370456506898652982401046796939988258886076623424074275556258284060457367744212862297 1478328302750478533820246000828713445222692742983577995170268851268677972597381963193806959809717955108000562336386512 52764500585978977337694508137363211428391 391
0x07d895ceac988892e53cf4f6cefbb2e321a5c5c557bb0f731e59a6ca8ff4f14ae2c9ccd8e40e6e8ddffa51a0a8d5678901835a410efad4bad92692dc2a581d2b
0x017fa4bf11831e46e2af090a4407ccf47432549e64230667efad5f6f77f5bde24bc2d99f25ea258087d78b4970b1f507e36a5c68377ca69fa86ae6f86c5f53ba
864175120484581453683482079962486176185193500155369104423588921177379322250834082489183304374038697487834084609675858746433355728113743766078731283595263 730861042863201263861063762992275580964328333868338689246411323129731470522301707755046897258434577493760771284201867 1072872541699097108224399912144216629956175017986571308149684354945263599930195656562580374710897109985074240920165468 -48117902009185430325069397073451523005891 391
0x0689f86f1e771bd898aca01cb84103e1a9bc919875da9c0e3add1a13adfe49dfb21c7c97841a9070a55513136201db147c72cb16214d7e58fb6ebd37292bef16
0x08d6e469c005fc1c5b457b43187216697bf79934200a4cfa22b4266c914475883ef5cb70f4a90d97217e34532a472563772dfd81b3b078a92b10609202035778
864175120484581453683482079962486176185193500155369104423588921177379322250834082489183304374038697487834084609675858746433355728113743766078731283595263 756146433058570812768113021719540539212887018670172245469359171834136546526873777432983812440565092185763412895116981 1750794221422702791978300095330717175089902036616862722795235570347741710982577313444795243340376334933364516055493968 -14293478695000316566393959388493305055541 391
0x0e01c3f4e12831fdbdb32d7d5f18278d0d5d061d56565ffdacc0d4db9634f0bf6e334ad82e73a5c61ca99a5a628d887b263e56f6d14057d8ae13779c0195eb47
0x040ce68e04c60c37f294016f4b83618be840aa474a7b13a8d5ed254d8e9e03366b6c9258753aa9f97cdfe83844dae2829aad92d0d09a690c34b75baf3cc1eef4
864175120484581453683482079962486176185193500155369104423588921177379322250834082489183304374038697487834084609675858746433355728113743766078731283595263 790247667665824561303745850021339168008797866134160510388281355844283640121976775646421306873357135561898731133664487 893951906002083148458445722581738080314184877586563613996353024685906332775627271968559334438735736998566611661360052 54448193798577751264973858347769291483009 391
0x0679fa926976d8d6398d3c166b6b1381a2164bb5be33c3db0ea2ad9a7d6b4f27397c836fe50626705820fc8ff038527277d51d29926926ff48f13cecb632b5ca
0x0fc89963ad87466a2758ef677f908fcbedf448e1f3921393bed6f4c1a55f53c42e0e85564326f110945b625b227d1ab87635d89204381a95c2cc60ac559239dd
864175120484581453683482079962486176185193500155369104423588921177379322250834082489183304374038697487834084609675858746433355728113743766078731283595263 994893948746992541158160402603009294204940125498791115260125953889691030375707446973018675289843596032743282602305451 1990622963498737932126609116724682025982699885643427260853894326942077460576260610037099453213471776335077543017459348 -8693445360648562402303045245245394151331 391
0x06224b48810e6bb5ff723d02438ae3b04e3edf2d6ec984f34082cacb8971efad0d3f010e05f32767b8546aa8df2cea281f3ec30a3f0f9d9f94fbf5f7a34cc74a
0x02f83bf9e19b872d56d44276d2825557e46816791c8fda30e34ec032769a0ea2567ce3b04926d0d045250f84828158278fe08c953c744e8be3d8c0f27a2c1682
864175120484581453683482079962486176185193500155369104423588921177379322250834082489183304374038697487834084609675858746433355728113743766078731283595263 119194773066387996825756636553840306935780811108475719218860132446330115945962645761418033237055107963831280516503851 471293830729901752716174132393743793660097839356883388777603888479746242443174692162350993133565343771504994086671172 20546764878446533729755025770394957524451 391
0x100832ea75e73a93836737a55a889c187438ee6a673cb6cf401115b84eebe0307d2c6ee4cb9a1beda6c98085cb3d4f217b2d285d2c12909203765475bbcbab20
0x0fc802bcbdb3040db8c6c4c74088cd5b9eaea85b39c1d25c6b5bcd33cfbf2e8de923ca96c96a49face892876d3c310fe7886d756924978cac1a0a9f3d7e4e53f
864175120484581453683482079962486176185193500155369104423588921177379322250834082489183304374038697487834084609675858746433355728113743766078731283595263 213721902205968602073800269033251258775453633654727502008649908548257994110201512143894539995864275537563363779987349 744090314909297424345946043943512909170201574293314579133991513846415307513829954799387055140406728842155338795397288 -23532206942695258835926687443738139258933 391
0x0c97095ace0022e3eedaf351ff423b37397fc232b471dead56fdc9d2e2211535ec8e3064ef3c7aa9ca2be1e0f0692a02c1dd08ba3a1626ae6a9bfeb97b627916
0x022999e3a95f82a7de59458f185cf0d063050b7a893e8f32ac55befa426fca3620a15a25dac4b58d76bf4e462b9ea5ff7783d4fb111f1d5344d5b8bcb1a4390e
864175120484581453683482079962486176185193500155369104423588921177379322250834082489183304374038697487834084609675858746433355728113743766078731283595263 991521507471082562690235144875047527611923972709311388773648360817252048503585329501824402141515781790337231789642317 1977790088886427999481715463425890154928646589198059669908184325739046879901977395516952688353860072283353447943941488 11071415967098383505109466119190667109171 391
0x03795cc0cb5f02fd51879bb035fd33c5646ed6e4d73a37aa412d6402039e569791b05729258001bbcd67c22f50ff94025173edf9bc20807c21c0d7df42df90d6
0x06131c3f81e0830305ff572515a701ffb76a287ec0ac2e96509ac6515e0cbcec89719d82b933c41543419d664c74be37453ac240180fdbb86ad027bc281a2dfc
864175120484581453683482079962486176185193500155369104423588921177379322250834082489183304374038697487834084609675858746433355728113743766078731283595263 878049762356087197779916490657786277197839333276152237478196310611369872323774094699681428741720789285668065906382307 1015596285091058083096097928880369294858990250974102594518499454086926707920873830058559783406769232343456483924469072 55124718594734159408309392062588021608291 391
0x05a32393437367c35bd46b32fdf3f1832701aad81f021084439e99381f45d772990a93b2b1dfe13296dc6bbf9efa248e74a3fb340a63d33d43fd99d79dfd155d
0x052199fdd17e84d760ad9752d8c764cc1afdcfbde800a9e90f8275f644d8e798ad16c9539e17e97ae36f39f626494f1c46a51260e9b59d981e60b11270630476
864175120484581453683482079962486176185193500155369104423588921177379322250834082489183304374038697487834084609675858746433355728113743766078731283595263 1127496457807522990789116582299528890765192327504249901243110130444303967860511096556139514444982484265253231721700689 1627933575615165929597872506953002999339096038964822716067976223994719342830479823747178655191050398552591898352295472 45193846880650921935934894623724799654353 391
0x057ee81ba443b3f4b9b8cd5897ce06db05aa71505310a98ab2552ae90c793f00c90c9551057bc292a55dccb9168d36e5fd51a290eff85e7a84d5ad3fbb317c67
0x01ead3d26f5d8743031c1257a1c59fa53174fe34dcd94dc68408bc10463e49b7c218b8ad8c5e51890cafa1bee67a5ad538a2c7a1359f906e7f363bb64b94657c
864175120484581453683482079962486176185193500155369104423588921177379322250834082489183304374038697487834084609675858746433355728113743766078731283595263 1057351909747748217702187769906233969557548860330398839550401540771097457216450752055765500683288235565519032867119739 162369996423152453461415230608280949072287666088684934360795325713175251852491392119579299768244255884358508197030376 69617862756985153260559178598317144171995 391
0x0318d0a8e5a36116c476fa4cefd68b045306af00972ebe53c1d00ae08a16584813c35671e564d7d71450d06803547962c2dfc75c1cf9216737ddf7d11dff4c28
0x0e1c8acc8cb15973b4ee60d2ff53db135f674740189784b4e19bd90e0d9f59382d97a54aab999a652773c9eed5ba719c7237ce5b3c81c551886de768a4eb0d1d
864175120484581453683482079962486176185193500155369104423588921177379322250834082489183304374038697487834084609675858746433355728113743766078731283595263 1729881358688290687845672812598936952669935391036807936383926041864743181259243086690754164487323703314796811408561649 2392869894678396281029109455735238150405483699530199559319532382915599753209827349837086974196705123058576076565383776 2692748325980409831476850246867279267825 391
0x0094827f4842b4461cf1ae76ad5f8137a891ff7d642b5aaa417a8bd198a19c26033f7b3b618e08aba1b3671503c54fd9a2527d019b17d01efb9081ae56bf3eec
0x0a6857a44958d5993a73748bf6569f45c21a000885b5564b638a3d1b7aab9e4db126162e6e9072acc3add525201ddf9fa5e52ec37de722a6d2e1233f68054aa2
864175120484581453683482079962486176185193500155369104423588921177379322250834082489183304374038697487834084609675858746433355728113743766078731283595263 1052284921344083376608665957234687040751077913388918564827753673531756422517624703516936387762894299066336493472037431 1911493959961415705982652308423504649834240062440866480655947175824584031558902328020575586128585316097110495908727940 -25136897587251584066654179424000874478223 391
0x0cf51a785e02db1951129ce265436431bfbaa04afa66719f9ebe00e432b35bb4b734cdc2f6fcd33d7321bd90bb35e51cd356b484d74d20fd6c78ceb2747ca2df
0x0d7e721473f627b3f013f2679f297668e82625aec16375fb714101205b822b71942f2f82576203992b3ad6646b0254769feb8dff01538e3e046b6ce0abdc5e7a
